9593  3  0  0
   0    -89.502082824707031  0.19140362739562988  59.211174011230469
   1    -89.934608459472656  0.24426363408565521  59.151611328125
   2    -89.928390502929688  0.24447932839393616  59.147235870361328
   3    -89.503562927246094  0.21685056388378143  59.125381469726562
   4    -89.078033447265625  0.24072429537773132  59.175933837890625
   5    -89.08758544921875  0.23976112902164459  59.150440216064453
   6    -113.22574615478516  21.491054534912109  54.502052307128906
   7    -112.92826080322266  21.463174819946289  53.884204864501953
   8    -112.95713806152344  20.712806701660156  53.831226348876953
   9    -113.16140747070312  20.576156616210938  54.494514465332031
  10    -112.98005676269531  21.483169555664062  55.062652587890625
  11    -113.01670837402344  20.781442642211914  55.057697296142578
  12    -112.84492492675781  21.993513107299805  54.5142822265625
  13    -112.75527954101562  21.893161773681641  54.075820922851562
  14    -112.77304840087891  21.987909317016602  54.957355499267578
  15    -112.41660308837891  20.514089584350586  52.574199676513672
  16    -112.17916107177734  20.497776031494141  51.681373596191406
  17    -112.20997619628906  19.753538131713867  51.706466674804688
  18    -112.18624114990234  19.73729133605957  52.538928985595703
  19    -112.70200347900391  20.471925735473633  53.51971435546875
  20    -112.19362640380859  19.851295471191406  53.513233184814453
  21    -112.80241394042969  20.168426513671875  54.471054077148438
  22    -112.32251739501953  19.873062133789062  54.456703186035156
  23    -112.35401153564453  20.600923538208008  55.341361999511719
  24    -112.13236999511719  20.043575286865234  55.024799346923828
  25    -112.03289794921875  21.4190673828125  52.620822906494141
  26    -111.93113708496094  21.134172439575195  51.931228637695312
  27    -112.59864807128906  21.442163467407227  53.422412872314453
  28    -112.42205810546875  21.509510040283203  55.492214202880859
  29    -112.21015930175781  22.35499382019043  53.661602020263672
  30    -111.86710357666016  22.123847961425781  52.940151214599609
  31    -112.49778747558594  22.475727081298828  54.544883728027344
  32    -112.45293426513672  22.435001373291016  55.326793670654297
  33    -112.32411956787109  23.444452285766602  54.565658569335938
  34    -111.89965057373047  23.408071517944336  53.87359619140625
  35    -112.61868286132812  23.491632461547852  55.478858947753906
  36    -111.90571594238281  21.536176681518555  55.818191528320312
  37    -111.87532806396484  21.038190841674805  55.776790618896484
  38    -111.99271392822266  22.51971435546875  55.930873870849609
  39    -112.16808319091797  23.493118286132812  56.058364868164062
  40    -112.15598297119141  24.461923599243164  54.518421173095703
  41    -111.87785339355469  24.156501770019531  54.029655456542969
  42    -112.56864929199219  24.647661209106445  55.613216400146484
  43    -112.08393859863281  24.995006561279297  55.243618011474609
  44    -111.99815368652344  24.905721664428711  54.787734985351562
  45    -112.17674255371094  24.242347717285156  56.055866241455078
  46    -104.50469970703125  23.22761344909668  25.421741485595703
  47    -105.0721435546875  23.752405166625977  25.501752853393555
  48    -104.91902160644531  23.897411346435547  25.069808959960938
  49    -104.42765808105469  23.721176147460938  25.071548461914062
  50    -104.35671997070312  23.611661911010742  26.363924026489258
  51    -103.89723205566406  23.142805099487305  25.715900421142578
  52    -103.90303039550781  23.115749359130859  26.012386322021484
  53    -104.86146545410156  23.903266906738281  25.98948860168457
  54    -111.62210845947266  19.32823371887207  52.540771484375
  55    -111.4666748046875  19.583980560302734  51.559413909912109
  56    -111.05210876464844  19.166345596313477  52.029300689697266
  57    -111.13816070556641  19.124229431152344  52.545749664306641
  58    -111.61299896240234  19.374744415283203  53.482406616210938
  59    -111.13716888427734  19.111312866210938  53.48260498046875
  60    -111.37938690185547  19.390470504760742  54.505535125732422
  61    -111.03804779052734  19.150693893432617  54.243335723876953
  62    -111.33187103271484  19.875093460083008  55.345024108886719
  63    -111.712646484375  20.50050163269043  51.249416351318359
  64    -111.23422241210938  20.507537841796875  51.075771331787109
  65    -111.15540313720703  20.018579483032227  51.166084289550781
  66    -111.62577056884766  20.419050216674805  55.6424560546875
  67    -111.41940307617188  21.486713409423828  51.563129425048828
  68    -111.06186676025391  21.185520172119141  51.160984039306641
  69    -111.69365692138672  21.749393463134766  52.278987884521484
  70    -111.54500579833984  22.432140350341797  52.628726959228516
  71    -111.08538818359375  22.385488510131836  51.897052764892578
  72    -111.71134948730469  22.810935974121094  53.233684539794922
  73    -111.14073181152344  23.343786239624023  52.657966613769531
  74    -110.88873291015625  22.957435607910156  52.132671356201172
  75    -111.58263397216797  23.380620956420898  53.403289794921875
  76    -110.42275238037109  18.812604904174805  52.553554534912109
  77    -110.43875885009766  19.058925628662109  51.924777984619141
  78    -110.40228271484375  18.728799819946289  53.491371154785156
  79    -110.48426055908203  18.954561233520508  54.502529144287109
  80    -110.45206451416016  19.479637145996094  51.466361999511719
  81    -110.45824432373047  19.929252624511719  51.118133544921875
  82    -110.84663391113281  19.245786666870117  54.839138031005859
  83    -110.49748992919922  19.412569046020508  55.390914916992188
  84    -110.21181488037109  19.099493026733398  55.069633483886719
  85    -110.45955657958984  20.520919799804688  50.954898834228516
  86    -110.48021697998047  21.499082565307617  51.036781311035156
  87    -110.78192901611328  21.800382614135742  51.263259887695312
  88    -110.42997741699219  22.394332885742188  51.44488525390625
  89    -110.16208648681641  22.097862243652344  51.173892974853516
  90    -110.32335662841797  23.322494506835938  51.974399566650391
  91    -110.60070037841797  23.623516082763672  52.346878051757812
  92    -109.36203002929688  18.442628860473633  52.632499694824219
  93    -109.43421936035156  18.93089485168457  51.795730590820312
  94    -109.49542999267578  18.380916595458984  53.497734069824219
  95    -108.96417236328125  18.248640060424805  52.988685607910156
  96    -109.00972747802734  18.202936172485352  53.500751495361328
  97    -109.35572814941406  18.436054229736328  54.381694793701172
  98    -108.97074890136719  18.247718811035156  54.037296295166016
  99    -109.37232971191406  18.946218490600586  55.389739990234375
 100    -109.44133758544922  19.353727340698242  51.347793579101562
 101    -109.45600891113281  19.779396057128906  51.030963897705078
 102    -109.65743255615234  19.307685852050781  55.689849853515625
 103    -109.43836975097656  20.545322418212891  50.874458312988281
 104    -109.42850494384766  21.466812133789062  50.833328247070312
 105    -109.41373443603516  22.424543380737305  51.052509307861328
 106    -109.72123718261719  22.728973388671875  51.308429718017578
 107    -109.40541076660156  23.320396423339844  51.520195007324219
 108    -109.07048034667969  22.970783233642578  51.184951782226562
 109    -108.42880249023438  18.011491775512695  53.498134613037109
 110    -108.36936950683594  18.124259948730469  52.632076263427734
 111    -108.38532257080078  18.125234603881836  54.385574340820312
 112    -108.66093444824219  18.350088119506836  52.390968322753906
 113    -108.39152526855469  18.719972610473633  51.671474456787109
 114    -107.98675537109375  18.209186553955078  52.057521820068359
 115    -108.68082427978516  18.298242568969727  54.651237487792969
 116    -108.39078521728516  18.551216125488281  55.296783447265625
 117    -108.01979064941406  18.224861145019531  54.921215057373047
 118    -108.8194580078125  19.254388809204102  51.276237487792969
 119    -108.4515380859375  19.564699172973633  50.93865966796875
 120    -108.12824249267578  19.050395965576172  51.107532501220703
 121    -108.39982604980469  20.551826477050781  50.647331237792969
 122    -108.40544891357422  21.473207473754883  50.602264404296875
 123    -108.42754364013672  22.427799224853516  50.7076416015625
 124    -108.42129516601562  23.182104110717773  51.044662475585938
 125    -108.41502380371094  23.63227653503418  51.352146148681641
 126    -107.42113494873047  17.819938659667969  52.556415557861328
 127    -107.41654968261719  18.066364288330078  51.812183380126953
 128    -107.42887115478516  17.701944351196289  53.492061614990234
 129    -107.43830871582031  17.870204925537109  54.432479858398438
 130    -107.44007110595703  18.131784439086914  55.046104431152344
 131    -107.40109252929688  18.351230621337891  51.358379364013672
 132    -107.40500640869141  18.79991340637207  50.863838195800781
 133    -107.44609069824219  18.442100524902344  55.51531982421875
 134    -107.40570831298828  19.544076919555664  50.400348663330078
 135    -107.70265197753906  20.532649993896484  50.335681915283203
 136    -107.19874572753906  20.522850036621094  50.135185241699219
 137    -107.06308746337891  19.821651458740234  50.168968200683594
 138    -107.69664001464844  21.476419448852539  50.355113983154297
 139    -107.19477081298828  21.475496292114258  50.156135559082031
 140    -107.39906311035156  22.449869155883789  50.409488677978516
 141    -107.0604248046875  22.165985107421875  50.204387664794922
 142    -107.486328125  23.452474594116211  50.858345031738281
 143    -107.8582763671875  23.782627105712891  51.240470886230469
 144    -106.43138885498047  17.480245590209961  52.543949127197266
 145    -106.51057434082031  17.88096809387207  51.513351440429688
 146    -106.43804931640625  17.435564041137695  53.483367919921875
 147    -106.45122528076172  17.629201889038086  54.422111511230469
 148    -106.45781707763672  17.999349594116211  55.226871490478516
 149    -106.87541198730469  18.230705261230469  51.182891845703125
 150    -106.52754211425781  18.576059341430664  50.600578308105469
 151    -106.23012542724609  18.078474044799805  50.973888397216797
 152    -106.45833587646484  18.31529426574707  55.685489654541016
 153    -106.81009674072266  19.222194671630859  50.260463714599609
 154    -106.46665954589844  19.529876708984375  49.984996795654297
 155    -106.16149139404297  18.972057342529297  50.117202758789062
 156    -106.39724731445312  20.519525527954102  49.834445953369141
 157    -106.40503692626953  21.474697113037109  49.843120574951172
 158    -106.46151733398438  22.462867736816406  50.040798187255859
 159    -106.81620025634766  22.783689498901367  50.286205291748047
 160    -106.46902465820312  23.3841552734375  50.421684265136719
 161    -106.16015625  23.066980361938477  50.154319763183594
 162    -105.397216796875  17.442226409912109  51.629764556884766
 163    -105.33126831054688  17.960777282714844  50.636985778808594
 164    -105.7376708984375  17.320407867431641  52.540088653564453
 165    -105.05064392089844  17.230806350708008  51.959926605224609
 166    -105.23909759521484  17.206451416015625  52.529270172119141
 167    -105.74687194824219  17.290103912353516  53.475090026855469
 168    -105.24716949462891  17.185087203979492  53.470432281494141
 169    -105.42131805419922  17.434547424316406  54.340232849121094
 170    -105.05908203125  17.258684158325195  53.9835205078125
 171    -105.39402008056641  17.974855422973633  55.426395416259766
 172    -105.58967590332031  18.349691390991211  50.344688415527344
 173    -105.32833099365234  18.634658813476562  49.993400573730469
 174    -104.92805480957031  18.191106796264648  50.197505950927734
 175    -105.67661285400391  18.260326385498047  55.759078979492188
 176    -105.41587829589844  19.569021224975586  49.584758758544922
 177    -105.40559387207031  20.517833709716797  49.462272644042969
 178    -105.40763092041016  21.473423004150391  49.48175048828125
 179    -105.41780853271484  22.432346343994141  49.635936737060547
 180    -105.36856079101562  23.384475708007812  50.028175354003906
 181    -105.66231536865234  23.688846588134766  50.314105987548828
 182    -104.43772125244141  17.000072479248047  52.518325805664062
 183    -104.36513519287109  17.15385627746582  51.614253997802734
 184    -104.45097351074219  17.018983840942383  53.463661193847656
 185    -104.45668029785156  17.187932968139648  54.105949401855469
 186    -104.36808776855469  17.549724578857422  50.701122283935547
 187    -104.41813659667969  18.07884407043457  50.084362030029297
 188    -104.64430236816406  17.325883865356445  51.339748382568359
 189    -103.98120880126953  17.240901947021484  51.087924957275391
 190    -104.46262359619141  17.358137130737305  54.577266693115234
 191    -104.47119903564453  17.80097770690918  55.364284515380859
 192    -104.34770965576172  18.702787399291992  49.571575164794922
 193    -104.65402984619141  19.5682373046875  49.328414916992188
 194    -104.16127777099609  19.556262969970703  49.165386199951172
 195    -103.94811248779297  19.08314323425293  49.249214172363281
 196    -104.86843109130859  20.516307830810547  49.274703979492188
 197    -104.37309265136719  20.515745162963867  49.120250701904297
 198    -104.83794403076172  21.473440170288086  49.292343139648438
 199    -104.34576416015625  21.47540283203125  49.128852844238281
 200    -104.46185302734375  22.496368408203125  49.351646423339844
 201    -104.16556549072266  22.238273620605469  49.19146728515625
 202    -104.42808532714844  23.381086349487305  49.699901580810547
 203    -111.32418060302734  20.679309844970703  55.922344207763672
 204    -110.95633697509766  20.1146240234375  55.82489013671875
 205    -111.37542724609375  21.546977996826172  56.137760162353516
 206    -111.40946960449219  22.512908935546875  56.322715759277344
 207    -111.43806457519531  23.471752166748047  56.362907409667969
 208    -110.41358947753906  19.94270133972168  55.975795745849609
 209    -110.40438842773438  20.601640701293945  56.328563690185547
 210    -110.36428070068359  21.473211288452148  56.609153747558594
 211    -110.51583099365234  22.498409271240234  56.655174255371094
 212    -110.03108215332031  22.484006881713867  56.765121459960938
 213    -110.02583312988281  21.725317001342773  56.749160766601562
 214    -110.36711120605469  23.337015151977539  56.579399108886719
 215    -109.96619415283203  22.953588485717773  56.718616485595703
 216    -109.38095855712891  19.610897064208984  56.113994598388672
 217    -109.00765228271484  19.174869537353516  55.834743499755859
 218    -109.517822265625  20.578134536743164  56.65191650390625
 219    -109.88443756103516  21.118274688720703  56.719760894775391
 220    -109.53761291503906  21.451362609863281  56.898303985595703
 221    -109.25783538818359  20.865497589111328  56.813461303710938
 222    -109.45718383789062  22.473512649536133  56.875202178955078
 223    -109.46873474121094  23.035863876342773  56.787052154541016
 224    -109.47979736328125  23.494985580444336  56.620933532714844
 225    -108.44183349609375  19.065177917480469  55.932296752929688
 226    -108.39913940429688  19.725687026977539  56.451580047607422
 227    -108.68972778320312  20.258216857910156  56.696308135986328
 228    -108.40968322753906  20.555606842041016  56.873783111572266
 229    -108.04069519042969  20.100801467895508  56.755718231201172
 230    -108.46517181396484  21.519041061401367  57.068046569824219
 231    -108.47245025634766  22.463140487670898  57.028057098388672
 232    -108.47998046875  23.138521194458008  56.835643768310547
 233    -108.48859405517578  23.597129821777344  56.640003204345703
 234    -107.45100402832031  18.919424057006836  56.049587249755859
 235    -107.45856475830078  19.543796539306641  56.525917053222656
 236    -107.46547698974609  20.010482788085938  56.811912536621094
 237    -107.47164916992188  20.568716049194336  56.992267608642578
 238    -107.47833251953125  21.513175964355469  57.180343627929688
 239    -107.48666381835938  22.454839706420898  57.122673034667969
 240    -107.49310302734375  23.184497833251953  56.89581298828125
 241    -107.49786376953125  23.632164001464844  56.650402069091797
 242    -106.46702575683594  18.774145126342773  56.155799865722656
 243    -106.46974182128906  19.423469543457031  56.606735229492188
 244    -106.47868347167969  19.879459381103516  56.867916107177734
 245    -106.48682403564453  20.558547973632812  57.098274230957031
 246    -106.49170684814453  21.506698608398438  57.215953826904297
 247    -106.49826812744141  22.451810836791992  57.168247222900391
 248    -106.50278472900391  23.170907974243164  56.879585266113281
 249    -106.50587463378906  23.635469436645508  56.655010223388672
 250    -105.40258026123047  18.604545593261719  56.108051300048828
 251    -105.01962280273438  18.213203430175781  55.804904937744141
 252    -105.48230743408203  19.333379745483398  56.664703369140625
 253    -105.48951721191406  19.789054870605469  56.893352508544922
 254    -105.49533843994141  20.555183410644531  57.118415832519531
 255    -105.500732421875  21.500085830688477  57.232688903808594
 256    -105.50481414794922  22.446561813354492  57.146503448486328
 257    -105.51004791259766  23.129911422729492  56.864982604980469
 258    -105.51236724853516  23.599626541137695  56.632858276367188
 259    -104.47713470458984  18.176292419433594  55.833843231201172
 260    -104.48361206054688  18.663251876831055  56.241672515869141
 261    -104.48796844482422  19.295375823974609  56.677337646484375
 262    -104.49385833740234  19.748775482177734  56.887847900390625
 263    -104.49823760986328  20.552003860473633  57.121799468994141
 264    -104.50328826904297  21.494340896606445  57.232818603515625
 265    -104.50778961181641  22.43797492980957  57.093116760253906
 266    -104.51250457763672  23.073526382446289  56.85693359375
 267    -104.51533508300781  23.53471565246582  56.577690124511719
 268    -104.97193908691406  24.572463989257812  25.535480499267578
 269    -104.85584259033203  24.480709075927734  25.116586685180664
 270    -104.86814117431641  24.309804916381836  25.995563507080078
 271    -104.80956268310547  24.91731071472168  25.262710571289062
 272    -104.78640747070312  24.900123596191406  25.16230583190918
 273    -104.46475219726562  24.499269485473633  25.006694793701172
 274    -104.58280181884766  24.578529357910156  26.388757705688477
 275    -104.757568359375  24.888811111450195  25.819948196411133
 276    -103.96943664550781  24.502767562866211  26.885215759277344
 277    -103.90304565429688  24.00007438659668  26.798833847045898
 278    -104.39684295654297  25.35504150390625  25.000001907348633
 279    -104.62848663330078  25.324884414672852  25.538402557373047
 280    -104.18780517578125  25.404891967773438  26.429740905761719
 281    -103.89971160888672  25.070629119873047  26.823657989501953
 282    -104.04415130615234  26.170665740966797  25.514995574951172
 283    -103.99126434326172  26.064058303833008  25.073110580444336
 284    -103.97220611572266  26.104160308837891  26.134082794189453
 285    -111.41570281982422  24.446159362792969  53.623550415039062
 286    -110.9967041015625  24.080730438232422  53.010211944580078
 287    -111.77408599853516  24.747676849365234  54.217536926269531
 288    -111.50972747802734  25.097095489501953  54.478878021240234
 289    -111.19001770019531  24.96721076965332  53.872005462646484
 290    -111.46898651123047  25.044361114501953  55.367652893066406
 291    -111.44876861572266  24.751325607299805  55.757453918457031
 292    -110.35283660888672  24.338750839233398  52.687107086181641
 293    -109.95931243896484  23.876319885253906  52.173488616943359
 294    -110.68878173828125  24.71229362487793  53.267383575439453
 295    -110.42870330810547  25.037799835205078  53.551143646240234
 296    -110.06391143798828  24.824081420898438  53.098445892333984
 297    -110.48140716552734  25.276334762573242  54.497562408447266
 298    -110.49590301513672  25.012657165527344  55.334114074707031
 299    -110.50364685058594  24.718391418457031  55.733371734619141
 300    -109.42092895507812  24.003044128417969  52.027660369873047
 301    -109.44432830810547  24.496458053588867  52.505733489990234
 302    -109.46556091308594  24.885614395141602  52.976688385009766
 303    -109.48891448974609  25.137302398681641  53.558448791503906
 304    -109.50197601318359  25.236936569213867  54.480594635009766
 305    -109.50981903076172  24.97630500793457  55.273941040039062
 306    -109.50997161865234  24.684545516967773  55.694343566894531
 307    -108.44095611572266  24.172664642333984  51.793201446533203
 308    -108.45159912109375  24.61747932434082  52.404403686523438
 309    -108.479736328125  24.899271011352539  52.846755981445312
 310    -108.49984741210938  25.109575271606445  53.546043395996094
 311    -108.51029968261719  25.142265319824219  54.467868804931641
 312    -108.51155090332031  24.935520172119141  55.227283477783203
 313    -108.50953674316406  24.663681030273438  55.662899017333984
 314    -107.43875122070312  24.35145378112793  51.640911102294922
 315    -107.19447326660156  23.921234130859375  51.100685119628906
 316    -107.66445922851562  24.7127685546875  52.271072387695312
 317    -107.39369201660156  24.870721817016602  52.573024749755859
 318    -106.98685455322266  24.749658584594727  52.116909027099609
 319    -107.49057006835938  25.09271240234375  53.531078338623047
 320    -107.50495910644531  25.097314834594727  54.460323333740234
 321    -107.51145172119141  24.885255813598633  55.178306579589844
 322    -107.51049041748047  24.647258758544922  55.63201904296875
 323    -106.42626190185547  24.086145401000977  50.927143096923828
 324    -106.43988800048828  24.567836761474609  51.498283386230469
 325    -106.44329071044922  24.794826507568359  51.983444213867188
 326    -106.46917724609375  25.02867317199707  52.558025360107422
 327    -106.48281097412109  25.164928436279297  53.510440826416016
 328    -106.50038909912109  25.073373794555664  54.446662902832031
 329    -106.51154327392578  24.841957092285156  55.116077423095703
 330    -106.51383972167969  24.602886199951172  55.572307586669922
 331    -105.38491058349609  24.192821502685547  50.625614166259766
 332    -105.00685882568359  23.857671737670898  50.192241668701172
 333    -105.44121551513672  24.705711364746094  51.274692535400391
 334    -105.45613861083984  24.899646759033203  51.729213714599609
 335    -105.47235870361328  25.160533905029297  52.547523498535156
 336    -105.48461151123047  25.223213195800781  53.491386413574219
 337    -105.49881744384766  25.062103271484375  54.43243408203125
 338    -105.50893402099609  24.817760467529297  55.052993774414062
 339    -105.51218414306641  24.593141555786133  55.535255432128906
 340    -104.43321990966797  23.962614059448242  50.087654113769531
 341    -104.52949523925781  24.514999389648438  50.691211700439453
 342    -104.91471099853516  24.745071411132812  51.165134429931641
 343    -104.54502105712891  24.961765289306641  51.499240875244141
 344    -104.25541687011719  24.809852600097656  51.036552429199219
 345    -104.47422027587891  25.239419937133789  52.537864685058594
 346    -104.48836517333984  25.267080307006836  53.476573944091797
 347    -104.49854278564453  25.081319808959961  54.426467895507812
 348    -104.50533294677734  24.82874870300293  55.0211181640625
 349    -104.50985717773438  24.553943634033203  55.494857788085938
 350    -111.45182037353516  24.334819793701172  56.078792572021484
 351    -110.48982238769531  24.31976318359375  56.137840270996094
 352    -109.4959716796875  24.261568069458008  56.159481048583984
 353    -108.49969482421875  24.22838020324707  56.190387725830078
 354    -107.50419616699219  24.193309783935547  56.194450378417969
 355    -106.50977325439453  24.152622222900391  56.181938171386719
 356    -105.51390838623047  24.115123748779297  56.156238555908203
 357    -104.51329040527344  24.090133666992188  56.116756439208984
 358    -97.707344055175781  6.5830264091491699  55.297065734863281
 359    -97.240623474121094  6.5646305084228516  54.795871734619141
 360    -97.056747436523438  5.9686250686645508  54.942562103271484
 361    -97.443984985351562  5.7915287017822266  55.551170349121094
 362    -98.105987548828125  6.5838398933410645  55.772270202636719
 363    -97.976371765136719  6.0451784133911133  55.932296752929688
 364    -97.77105712890625  7.1910185813903809  55.220592498779297
 365    -97.424423217773438  7.5092253684997559  54.822391510009766
 366    -98.158576965332031  7.5241556167602539  55.580093383789062
 367    -97.822296142578125  7.8293428421020508  55.181491851806641
 368    -96.373611450195312  5.50384521484375  55.558155059814453
 369    -96.442214965820312  5.6657094955444336  54.544357299804688
 370    -96.675796508789062  6.5637292861938477  54.329315185546875
 371    -96.177566528320312  6.5570917129516602  53.986610412597656
 372    -96.035331726074219  5.93109130859375  54.045631408691406
 373    -96.7464599609375  7.5170588493347168  54.283733367919922
 374    -96.266860961914062  7.508430004119873  53.97265625
 375    -99.936637878417969  7.4730548858642578  59.549396514892578
 376    -99.952201843261719  7.4446883201599121  58.441684722900391
 377    -99.842948913574219  6.8795919418334961  58.690093994140625
 378    -99.846229553222656  6.8765115737915039  59.281879425048828
 379    -99.149917602539062  5.5188074111938477  59.505290985107422
 380    -99.110786437988281  5.6365580558776855  58.6143798828125
 381    -98.842216491699219  5.1368670463562012  58.994724273681641
 382    -98.851425170898438  5.1188879013061523  59.220020294189453
 383    -99.644584655761719  6.5843887329101562  58.457298278808594
 384    -99.182991027832031  6.5493392944335938  57.550113677978516
 385    -98.943222045898438  6.0266580581665039  57.855079650878906
 386    -99.668434143066406  6.5768117904663086  59.541057586669922
 387    -99.279556274414062  6.6326112747192383  60.405345916748047
 388    -98.900306701660156  5.9131426811218262  60.393207550048828
 389    -98.925483703613281  6.6293344497680664  61.366016387939453
 390    -98.77215576171875  6.1361660957336426  60.968788146972656
 391    -99.597747802734375  7.4629411697387695  57.639904022216797
 392    -99.059806823730469  7.5542945861816406  56.741783142089844
 393    -98.934745788574219  6.8239717483520508  56.910449981689453
 394    -99.737678527832031  7.1015210151672363  58.114242553710938
 395    -99.830177307128906  7.7050023078918457  57.959247589111328
 396    -99.723640441894531  7.1293015480041504  59.883167266845703
 397    -99.623161315917969  7.5241985321044922  60.513275146484375
 398    -99.774307250976562  7.7754888534545898  60.253597259521484
 399    -99.437103271484375  7.6151866912841797  61.448398590087891
 400    -99.326499938964844  7.616584300994873  62.473789215087891
 401    -98.941444396972656  6.8743152618408203  62.468330383300781
 402    -99.24151611328125  7.6208310127258301  63.483142852783203
 403    -98.859046936035156  6.9955029487609863  63.479450225830078
 404    -98.34478759765625  4.6474032402038574  59.468170166015625
 405    -98.253067016601562  4.7692222595214844  58.717094421386719
 406    -97.841575622558594  4.2044553756713867  59.089653015136719
 407    -97.840019226074219  4.1978011131286621  59.116157531738281
 408    -98.571418762207031  5.3866963386535645  58.398159027099609
 409    -98.348358154296875  5.7412948608398438  57.649574279785156
 410    -97.871894836425781  5.3135552406311035  58.236766815185547
 411    -98.770362854003906  5.2074413299560547  59.807514190673828
 412    -98.590713500976562  5.4234333038330078  60.398532867431641
 413    -98.109390258789062  4.9007296562194824  60.398929595947266
 414    -98.126296997070312  5.8439302444458008  61.313995361328125
 415    -97.715408325195312  5.2958488464355469  60.977413177490234
 416    -98.621856689453125  6.5386972427368164  56.580787658691406
 417    -98.197647094726562  5.9268903732299805  56.568191528320312
 418    -98.751350402832031  6.235048770904541  57.198665618896484
 419    -98.689605712890625  6.2879800796508789  61.672794342041016
 420    -98.495597839355469  6.4790878295898438  62.441169738769531
 421    -97.983795166015625  5.898963451385498  62.442054748535156
 422    -98.431640625  6.5594463348388672  63.472915649414062
 423    -97.89959716796875  5.9267334938049316  63.470523834228516
 424    -98.717628479003906  7.5492534637451172  56.258670806884766
 425    -97.443290710449219  3.8990335464477539  59.450759887695312
 426    -97.4130859375  3.954484224319458  58.916851043701172
 427    -97.399436950683594  4.5046048164367676  58.503120422363281
 428    -97.319747924804688  5.2384815216064453  58.240291595458984
 429    -97.806846618652344  4.2153491973876953  59.703468322753906
 430    -97.582679748535156  4.4073429107666016  60.402458190917969
 431    -97.10821533203125  3.9888575077056885  60.411037445068359
 432    -97.214149475097656  4.8621344566345215  61.309970855712891
 433    -96.828628540039062  4.2541556358337402  60.881988525390625
 434    -97.427566528320312  5.6781034469604492  56.545066833496094
 435    -97.324073791503906  5.764376163482666  57.646236419677734
 436    -97.678054809570312  5.3185749053955078  61.7764892578125
 437    -97.684562683105469  5.3140811920166016  62.470493316650391
 438    -97.197380065917969  4.9633016586303711  62.469058990478516
 439    -97.671501159667969  5.337860107421875  63.484416961669922
 440    -97.189163208007812  4.9574389457702637  63.485149383544922
 441    -96.664329528808594  3.321688175201416  59.508613586425781
 442    -96.458213806152344  3.5606057643890381  58.702869415283203
 443    -96.09857177734375  3.0515279769897461  58.996265411376953
 444    -96.196037292480469  2.982818603515625  59.508193969726562
 445    -96.390830993652344  3.4705741405487061  60.429702758789062
 446    -96.064376831054688  3.0970790386199951  60.120002746582031
 447    -96.198165893554688  4.185577392578125  61.244712829589844
 448    -96.37713623046875  4.3844738006591797  58.388423919677734
 449    -96.06005859375  5.4395084381103516  58.114757537841797
 450    -96.538673400878906  4.474616527557373  61.599960327148438
 451    -96.488296508789062  4.4520955085754395  62.467689514160156
 452    -95.988983154296875  4.1725997924804688  62.457851409912109
 453    -96.45733642578125  4.4714899063110352  63.485286712646484
 454    -95.967201232910156  4.1924557685852051  63.483776092529297
 455    -96.271194458007812  5.5515470504760742  56.528190612792969
 456    -96.513847351074219  5.6776790618896484  57.449581146240234
 457    -95.902664184570312  5.2322611808776855  56.861343383789062
 458    -99.182876586914062  7.6211299896240234  64.486686706542969
 459    -98.864501953125  7.0040216445922852  64.488197326660156
 460    -99.123855590820312  7.6233291625976562  65.47967529296875
 461    -98.829658508300781  7.0425448417663574  65.479515075683594
 462    -99.002571105957031  7.5422282218933105  66.476791381835938
 463    -98.784469604492188  7.1034464836120605  66.151779174804688
 464    -98.412117004394531  6.5942630767822266  64.483978271484375
 465    -97.875602722167969  5.9925746917724609  64.4749755859375
 466    -98.509666442871094  6.5423846244812012  65.481460571289062
 467    -97.865623474121094  6.0624971389770508  65.460441589355469
 468    -98.502357482910156  6.713526725769043  66.476661682128906
 469    -97.832122802734375  6.1330509185791016  66.441551208496094
 470    -98.176094055175781  6.5558481216430664  67.499359130859375
 471    -97.862991333007812  6.1235194206237793  67.202262878417969
 472    -98.72698974609375  7.197270393371582  66.801948547363281
 473    -98.680213928222656  7.3098101615905762  67.441574096679688
 474    -98.944793701171875  7.785947322845459  67.446418762207031
 475    -98.556411743164062  7.6359539031982422  68.448982238769531
 476    -98.028678894042969  6.8236527442932129  68.412857055664062
 477    -98.829360961914062  7.9755234718322754  68.144569396972656
 478    -98.078125  7.626314640045166  69.378372192382812
 479    -97.882286071777344  7.0213403701782227  69.05712890625
 480    -97.614112854003906  5.3916192054748535  64.480049133300781
 481    -97.132499694824219  5.0002231597900391  64.475799560546875
 482    -97.542465209960938  5.4555225372314453  65.47222900390625
 483    -97.05712890625  5.0596623420715332  65.467002868652344
 484    -97.409767150878906  5.5737271308898926  66.455215454101562
 485    -96.959320068359375  5.1273727416992188  66.460647583007812
 486    -97.236572265625  5.7922978401184082  67.4310302734375
 487    -96.853836059570312  5.2178535461425781  67.057426452636719
 488    -97.768196105957031  6.2169098854064941  67.847274780273438
 489    -97.651435852050781  6.3515129089355469  68.409660339355469
 490    -97.186859130859375  5.8517680168151855  68.422157287597656
 491    -97.336387634277344  6.6290111541748047  69.420219421386719
 492    -96.982986450195312  6.0262851715087891  69.144882202148438
 493    -97.686592102050781  7.3064265251159668  69.69512939453125
 494    -97.363670349121094  7.5687108039855957  70.402603149414062
 495    -97.043701171875  6.8805704116821289  70.133537292480469
 496    -97.888153076171875  7.9491949081420898  70.0042724609375
 497    -96.284660339355469  4.4662580490112305  64.547531127929688
 498    -95.910194396972656  4.2288298606872559  64.269485473632812
 499    -96.359970092773438  4.6427865028381348  65.462448120117188
 500    -96.390029907226562  4.766049861907959  66.468208312988281
 501    -96.41522216796875  4.9854941368103027  67.420074462890625
 502    -96.717514038085938  5.321558952331543  67.703865051269531
 503    -96.622772216796875  5.3654937744140625  68.428741455078125
 504    -96.12884521484375  5.059119701385498  68.428733825683594
 505    -96.37640380859375  5.6583147048950195  69.425140380859375
 506    -95.9688720703125  5.1469964981079102  69.055999755859375
 507    -96.756317138671875  6.2444219589233398  69.776100158691406
 508    -96.461097717285156  6.5391373634338379  70.468902587890625
 509    -96.118362426757812  5.9628481864929199  70.133018493652344
 510    -96.765739440917969  7.2153325080871582  70.769088745117188
 511    -96.415435791015625  7.5533876419067383  71.382766723632812
 512    -96.1446533203125  6.8560185432434082  71.078659057617188
 513    -97.018470764160156  7.8462262153625488  71.03564453125
 514    -96.475296020507812  15.538029670715332  43.53778076171875
 515    -96.34228515625  15.653303146362305  42.401275634765625
 516    -95.881690979003906  15.124177932739258  42.719917297363281
 517    -95.978256225585938  15.018705368041992  43.542633056640625
 518    -96.905586242675781  16.032625198364258  43.535900115966797
 519    -96.835769653320312  16.122381210327148  42.750076293945312
 520    -96.549201965332031  15.460587501525879  44.527023315429688
 521    -96.05438232421875  14.927321434020996  44.528900146484375
 522    -96.968093872070312  15.956214904785156  44.528457641601562
 523    -96.595748901367188  15.405477523803711  45.520511627197266
 524    -96.096549987792969  14.878183364868164  45.519775390625
 525    -97.025276184082031  15.903195381164551  45.524269104003906
 526    -96.634613037109375  15.361639976501465  46.517314910888672
 527    -96.135169982910156  14.841683387756348  46.515396118164062
 528    -97.097854614257812  15.850321769714355  46.520355224609375
 529    -96.667472839355469  15.327291488647461  47.514320373535156
 530    -96.171165466308594  14.811890602111816  47.512195587158203
 531    -97.143020629882812  15.820995330810547  47.516067504882812
 532    -98.414703369140625  8.5669775009155273  55.784275054931641
 533    -97.841728210449219  8.5089321136474609  55.171035766601562
 534    -98.362884521484375  9.4996881484985352  55.661949157714844
 535    -97.863632202148438  9.4968833923339844  55.157947540283203
 536    -98.786865234375  9.5015354156494141  56.168388366699219
 537    -98.770973205566406  8.9311914443969727  56.183330535888672
 538    -98.423782348632812  10.503698348999023  55.771389007568359
 539    -97.832923889160156  10.487435340881348  55.192890167236328
 540    -98.784553527832031  10.183076858520508  56.171207427978516
 541    -98.190040588378906  11.445553779602051  55.594814300537109
 542    -97.809822082519531  11.085993766784668  55.215621948242188
 543    -97.329421997070312  8.502720832824707  54.724552154541016
 544    -97.335716247558594  9.4932193756103516  54.739147186279297
 545    -97.339508056640625  10.486264228820801  54.788829803466797
 546    -97.422653198242188  11.442269325256348  54.9271240234375
 547    -97.781898498535156  11.748217582702637  55.242683410644531
 548    -97.740776062011719  12.472678184509277  55.276725769042969
 549    -97.27105712890625  12.474530220031738  54.916934967041016
 550    -98.232574462890625  12.47618293762207  55.743648529052734
 551    -97.654708862304688  13.463409423828125  55.349124908447266
 552    -97.169746398925781  13.467950820922852  54.984298706054688
 553    -98.158706665039062  13.463982582092285  55.8275146484375
 554    -97.529548645019531  14.468894004821777  55.432296752929688
 555    -97.019371032714844  14.491354942321777  55.060993194580078
 556    -98.047630310058594  14.453100204467773  55.932498931884766
 557    -97.405555725097656  15.538789749145508  55.576560974121094
 558    -96.423370361328125  15.934038162231445  54.941509246826172
 559    -97.903572082519531  15.500990867614746  56.044712066650391
 560    -96.749458312988281  8.4971275329589844  54.294605255126953
 561    -96.273445129394531  8.4910011291503906  53.999786376953125
 562    -96.720573425292969  9.4884395599365234  54.31756591796875
 563    -96.245712280273438  9.4857082366943359  54.032917022705078
 564    -96.678985595703125  10.48359489440918  54.340377807617188
 565    -96.1925048828125  10.482285499572754  54.080951690673828
 566    -96.611747741699219  11.477471351623535  54.3853759765625
 567    -96.135200500488281  11.480390548706055  54.097141265869141
 568    -96.516342163085938  12.476423263549805  54.438003540039062
 569    -96.020614624023438  12.487551689147949  54.153537750244141
 570    -96.428855895996094  13.488419532775879  54.503158569335938
 571    -95.870498657226562  13.537447929382324  54.20361328125
 572    -96.326927185058594  14.550084114074707  54.601615905761719
 573    -95.412925720214844  14.951882362365723  53.899948120117188
 574    -96.702812194824219  15.294801712036133  48.509441375732422
 575    -96.212455749511719  14.787808418273926  48.506179809570312
 576    -97.178085327148438  15.786255836486816  48.511501312255859
 577    -96.718948364257812  15.283172607421875  49.498710632324219
 578    -96.229454040527344  14.794796943664551  49.495475769042969
 579    -97.202476501464844  15.785150527954102  49.503810882568359
 580    -96.709388732910156  15.298604011535645  50.483509063720703
 581    -96.206184387207031  14.82735538482666  50.481540679931641
 582    -97.219383239746094  15.812468528747559  50.487319946289062
 583    -96.641754150390625  15.369074821472168  51.466804504394531
 584    -96.145355224609375  14.881549835205078  51.466205596923828
 585    -97.14324951171875  15.924447059631348  51.464862823486328
 586    -96.537132263183594  15.438352584838867  52.467658996582031
 587    -96.031883239746094  14.976079940795898  52.484539031982422
 588    -97.083526611328125  15.994227409362793  52.451499938964844
 589    -96.342491149902344  15.612320899963379  53.531108856201172
 590    -96.901161193847656  16.129873275756836  53.486831665039062
 591    -96.135551452636719  15.648012161254883  54.620632171630859
 592    -100.1021728515625  8.5203094482421875  58.539791107177734
 593    -99.856353759765625  8.5173282623291016  57.877471923828125
 594    -100.12168121337891  8.5367021560668945  59.488960266113281
 595    -99.888916015625  8.4718284606933594  60.550605773925781
 596    -100.10431671142578  9.5034379959106445  58.554058074951172
 597    -99.862197875976562  9.4982814788818359  57.862846374511719
 598    -100.20228576660156  9.520869255065918  59.508647918701172
 599    -100.14635467529297  9.5457401275634766  60.482666015625
 600    -100.05574035644531  9.5666189193725586  61.481697082519531
 601    -99.840866088867188  8.6951484680175781  61.472846984863281
 602    -100.0032958984375  9.5753974914550781  62.487274169921875
 603    -99.819450378417969  8.8501310348510742  62.481929779052734
 604    -99.974266052246094  9.5798358917236328  63.489524841308594
 605    -99.770721435546875  8.9503793716430664  63.484336853027344
 606    -100.07463836669922  10.496275901794434  58.565052032470703
 607    -99.833351135253906  10.490618705749512  57.901596069335938
 608    -100.23994445800781  10.508413314819336  59.529518127441406
 609    -100.29102325439453  10.525840759277344  60.503421783447266
 610    -100.26782989501953  10.540956497192383  61.493633270263672
 611    -100.24417114257812  10.548853874206543  62.494342803955078
 612    -100.22276306152344  10.555956840515137  63.494663238525391
 613    -100.04466247558594  11.491095542907715  58.572517395019531
 614    -99.811622619628906  11.484809875488281  57.958309173583984
 615    -100.25564575195312  11.49921703338623  59.541938781738281
 616    -100.33140563964844  11.510784149169922  60.518943786621094
 617    -100.38285827636719  11.521234512329102  61.504886627197266
 618    -100.38225555419922  11.531011581420898  62.501029968261719
 619    -100.38887786865234  11.535401344299316  63.498382568359375
 620    -99.990028381347656  12.482004165649414  58.578777313232422
 621    -99.774124145507812  12.476378440856934  58.039398193359375
 622    -100.24726867675781  12.488311767578125  59.549953460693359
 623    -100.36293792724609  12.49528980255127  60.526962280273438
 624    -100.41405487060547  12.501885414123535  61.513851165771484
 625    -100.44541168212891  12.507171630859375  62.506683349609375
 626    -100.45937347412109  12.510349273681641  63.500984191894531
 627    -99.886123657226562  13.421512603759766  58.534141540527344
 628    -99.740859985351562  13.055828094482422  58.099010467529297
 629    -100.16493225097656  13.471817016601562  59.558052062988281
 630    -100.31449890136719  13.475452423095703  60.533138275146484
 631    -100.39644622802734  13.47990608215332  61.518520355224609
 632    -100.45439147949219  13.484014511108398  62.509273529052734
 633    -100.46402740478516  13.485169410705566  63.502304077148438
 634    -100.03936004638672  14.45734977722168  59.555099487304688
 635    -99.821304321289062  14.450843811035156  58.839702606201172
 636    -100.19965362548828  14.456194877624512  60.535247802734375
 637    -100.27295684814453  14.454850196838379  61.5230712890625
 638    -100.34474182128906  14.459597587585449  62.512718200683594
 639    -100.36251831054688  14.460450172424316  63.503326416015625
 640    -99.828575134277344  15.393033027648926  59.610622406005859
 641    -99.761398315429688  15.038055419921875  59.007854461669922
 642    -99.976348876953125  15.433169364929199  60.538688659667969
 643    -100.10546112060547  15.438010215759277  61.5224609375
 644    -100.15895080566406  15.43540096282959  62.515689849853516
 645    -100.20034790039062  15.437620162963867  63.504783630371094
 646    -99.625984191894531  8.5187902450561523  57.404697418212891
 647    -99.06878662109375  8.5707635879516602  56.561325073242188
 648    -99.716796875  8.0988693237304688  60.934841156005859
 649    -99.659912109375  8.2225656509399414  61.456714630126953
 650    -99.627105712890625  8.3692855834960938  62.475227355957031
 651    -99.577247619628906  8.4638423919677734  63.481739044189453
 652    -99.158042907714844  9.5006256103515625  56.648426055908203
 653    -99.621658325195312  9.4988059997558594  57.398197174072266
 654    -99.061714172363281  10.503735542297363  56.565132141113281
 655    -99.607826232910156  10.489531517028809  57.428730010986328
 656    -99.578689575195312  11.483149528503418  57.482311248779297
 657    -99.093917846679688  11.483511924743652  56.694778442382812
 658    -99.534736633300781  12.475415229797363  57.559455871582031
 659    -99.050308227539062  12.476387023925781  56.745216369628906
 660    -99.524299621582031  13.41874885559082  57.71142578125
 661    -98.982284545898438  13.46450138092041  56.834800720214844
 662    -99.714469909667969  13.712753295898438  58.193622589111328
 663    -99.291114807128906  14.448699951171875  57.628688812255859
 664    -98.891105651855469  14.449790000915527  56.970417022705078
 665    -99.650985717773438  14.446779251098633  58.36175537109375
 666    -99.010887145996094  15.434404373168945  57.577419281005859
 667    -98.813972473144531  15.112424850463867  57.080486297607422
 668    -99.533828735351562  15.388192176818848  58.652683258056641
 669    -99.674751281738281  15.684116363525391  59.327869415283203
 670    -98.751976013183594  8.2803115844726562  56.201950073242188
 671    -98.759231567382812  10.841246604919434  56.201530456542969
 672    -98.734848022460938  11.481993675231934  56.231395721435547
 673    -98.699867248535156  12.475213050842285  56.279170989990234
 674    -98.636283874511719  13.463156700134277  56.359882354736328
 675    -98.543327331542969  14.452101707458496  56.483089447021484
 676    -98.457290649414062  15.464690208435059  56.688888549804688
 677    -98.709007263183594  15.766338348388672  57.226329803466797
 678    -99.950454711914062  9.5798673629760742  64.487442016601562
 679    -99.757423400878906  9.0149860382080078  64.485679626464844
 680    -99.877555847167969  9.4796199798583984  65.573982238769531
 681    -99.737350463867188  9.0610628128051758  65.305076599121094
 682    -100.20090484619141  10.560075759887695  64.489936828613281
 683    -100.15569305419922  10.561766624450684  65.481369018554688
 684    -100.065185546875  10.561750411987305  66.464698791503906
 685    -99.853134155273438  9.6816091537475586  66.4661865234375
 686    -99.892143249511719  10.482532501220703  67.516517639160156
 687    -99.802467346191406  9.8797369003295898  67.24346923828125
 688    -100.37196350097656  11.537919998168945  64.491836547851562
 689    -100.34734344482422  11.535684585571289  65.482025146484375
 690    -100.25832366943359  11.534577369689941  66.464767456054688
 691    -100.10425567626953  11.52993106842041  67.444480895996094
 692    -99.846595764160156  11.531699180603027  68.282341003417969
 693    -99.80010986328125  10.756742477416992  68.103416442871094
 694    -100.46268463134766  12.511507034301758  64.492691040039062
 695    -100.4288330078125  12.511119842529297  65.48095703125
 696    -100.33509063720703  12.509862899780273  66.46258544921875
 697    -100.15782928466797  12.507724761962891  67.43682861328125
 698    -99.881996154785156  12.506138801574707  68.383979797363281
 699    -100.46262359619141  13.485776901245117  64.493545532226562
 700    -100.43637084960938  13.486665725708008  65.481460571289062
 701    -100.34098052978516  13.486062049865723  66.462654113769531
 702    -100.13862609863281  13.483805656433105  67.434371948242188
 703    -99.878936767578125  13.481950759887695  68.341636657714844
 704    -100.36942291259766  14.462090492248535  64.493087768554688
 705    -100.33267974853516  14.46176815032959  65.480491638183594
 706    -100.23271942138672  14.461277961730957  66.46002197265625
 707    -100.04203033447266  14.462372779846191  67.436378479003906
 708    -99.828041076660156  14.460824966430664  68.17144775390625
 709    -100.17742156982422  15.435676574707031  64.491630554199219
 710    -100.15061187744141  15.440044403076172  65.480239868164062
 711    -100.05110931396484  15.440790176391602  66.461311340332031
 712    -99.846900939941406  15.433212280273438  67.436637878417969
 713    -99.75836181640625  15.102288246154785  68.002548217773438
 714    -99.56207275390625  8.5271778106689453  64.485298156738281
 715    -99.588020324707031  8.6837787628173828  65.572288513183594
 716    -99.474876403808594  8.608616828918457  66.462821960449219
 717    -99.319244384765625  8.5954599380493164  67.446563720703125
 718    -99.004554748535156  8.5520668029785156  68.451835632324219
 719    -99.718704223632812  9.1025581359863281  65.960189819335938
 720    -99.695121765136719  9.2003459930419922  66.461227416992188
 721    -99.640434265136719  9.5698280334472656  67.512771606445312
 722    -99.393898010253906  9.5800676345825195  68.412162780761719
 723    -98.977226257324219  9.6016559600830078  69.406654357910156
 724    -98.846458435058594  8.8586015701293945  69.085052490234375
 725    -99.714530944824219  10.119328498840332  67.877883911132812
 726    -99.6365966796875  10.484375953674316  68.416145324707031
 727    -99.239555358886719  10.553896903991699  69.382720947265625
 728    -98.876068115234375  10.552672386169434  70.040451049804688
 729    -98.795806884765625  9.9502410888671875  69.919525146484375
 730    -99.685356140136719  11.53415584564209  68.759498596191406
 731    -99.409309387207031  11.531554222106934  69.3763427734375
 732    -98.975387573242188  11.528556823730469  70.188217163085938
 733    -99.718055725097656  12.506067276000977  68.858238220214844
 734    -99.484603881835938  12.505660057067871  69.373130798339844
 735    -99.026023864746094  12.504731178283691  70.259880065917969
 736    -99.708946228027344  13.478740692138672  68.817649841308594
 737    -99.4595947265625  13.479331016540527  69.375923156738281
 738    -98.994476318359375  13.479091644287109  70.216606140136719
 739    -99.6485595703125  14.455083847045898  68.649070739746094
 740    -99.320564270019531  14.456168174743652  69.377655029296875
 741    -98.91033935546875  14.455282211303711  70.092445373535156
 742    -99.557243347167969  15.429656982421875  68.352302551269531
 743    -99.690193176269531  15.749861717224121  67.755622863769531
 744    -99.037124633789062  15.498196601867676  69.4561767578125
 745    -98.835868835449219  15.213887214660645  69.971748352050781
 746    -98.716957092285156  8.2163925170898438  68.779495239257812
 747    -98.575180053710938  8.5594167709350586  69.398941040039062
 748    -98.047218322753906  8.6550588607788086  70.356338500976562
 749    -98.702995300292969  9.3012800216674805  69.73150634765625
 750    -98.452491760253906  9.6027297973632812  70.294296264648438
 751    -97.915847778320312  9.5797080993652344  70.984230041503906
 752    -97.812843322753906  9.0354223251342773  70.859283447265625
 753    -98.589996337890625  10.546074867248535  70.544708251953125
 754    -98.086723327636719  10.549757957458496  71.187156677246094
 755    -98.6494140625  11.531150817871094  70.659500122070312
 756    -98.100997924804688  11.622556686401367  71.400894165039062
 757    -98.690383911132812  12.504866600036621  70.720993041992188
 758    -98.220748901367188  12.503616333007812  71.333595275878906
 759    -98.662559509277344  13.476299285888672  70.685501098632812
 760    -98.114028930664062  13.412777900695801  71.406120300292969
 761    -98.600502014160156  14.457043647766113  70.583091735839844
 762    -98.102500915527344  14.455984115600586  71.216102600097656
 763    -98.538734436035156  15.501516342163086  70.322029113769531
 764    -98.736221313476562  15.858921051025391  69.8204345703125
 765    -97.977806091308594  15.434309959411621  71.062324523925781
 766    -97.658477783203125  8.3869152069091797  70.651390075683594
 767    -97.261344909667969  8.6952962875366211  71.266807556152344
 768    -97.488502502441406  9.5749425888061523  71.478904724121094
 769    -97.657585144042969  10.554147720336914  71.65777587890625
 770    -97.745155334472656  11.364389419555664  71.750579833984375
 771    -97.694168090820312  14.455471992492676  71.694793701171875
 772    -97.758552551269531  13.691876411437988  71.765068054199219
 773    -97.56976318359375  15.439709663391113  71.564689636230469
 774    -96.673515319824219  8.3574504852294922  71.672882080078125
 775    -97.801780700683594  12.502876281738281  71.80865478515625
 776    -97.785720825195312  12.010049819946289  71.793647766113281
 777    -97.791801452636719  13.044520378112793  71.798759460449219
 778    -97.004936218261719  9.5745115280151367  71.959236145019531
 779    -96.867172241210938  9.0026569366455078  71.837898254394531
 780    -97.168014526367188  10.55595874786377  72.099868774414062
 781    -97.397224426269531  11.62155818939209  72.138847351074219
 782    -97.323402404785156  12.50288200378418  72.251686096191406
 783    -97.403114318847656  13.414498329162598  72.147270202636719
 784    -97.228179931640625  14.460494995117188  72.164604187011719
 785    -97.083137512207031  15.439606666564941  72.041824340820312
 786    -96.36187744140625  8.6417837142944336  72.086784362792969
 787    -96.040573120117188  7.9116115570068359  71.937522888183594
 788    -96.317214965820312  9.5449228286743164  72.496147155761719
 789    -96.588661193847656  10.550205230712891  72.605842590332031
 790    -96.102516174316406  10.549008369445801  72.932281494140625
 791    -95.964714050292969  9.8515253067016602  72.846572875976562
 792    -96.70831298828125  11.529770851135254  72.689315795898438
 793    -96.224128723144531  11.529932975769043  72.989448547363281
 794    -96.75946044921875  12.504188537597656  72.723640441894531
 795    -96.283668518066406  12.506357192993164  73.042915344238281
 796    -96.724296569824219  13.479290008544922  72.696151733398438
 797    -96.250022888183594  13.481448173522949  73.0380859375
 798    -96.643814086914062  14.460073471069336  72.647964477539062
 799    -96.1622314453125  14.460467338562012  72.987983703613281
 800    -96.474235534667969  15.437969207763672  72.519996643066406
 801    -95.979988098144531  15.435028076171875  72.848663330078125
 802    -103.07044982910156  20.551752090454102  26.157247543334961
 803    -103.24903106689453  20.428226470947266  25.543022155761719
 804    -102.83695983886719  20.224990844726562  25.906349182128906
 805    -102.82018280029297  20.250431060791016  25.987398147583008
 806    -103.39588165283203  21.529260635375977  25.517871856689453
 807    -103.06218719482422  21.533432006835938  25.046106338500977
 808    -102.96951293945312  20.866985321044922  25.105073928833008
 809    -103.17634582519531  21.549938201904297  26.353837966918945
 810    -103.31426239013672  22.821195602416992  25.616367340087891
 811    -103.25337982177734  22.532020568847656  25.03277587890625
 812    -103.29022979736328  22.56306266784668  26.412900924682617
 813    -103.77295684814453  23.233213424682617  25.314102172851562
 814    -103.54615783691406  23.451244354248047  25.036766052246094
 815    -103.59906768798828  23.384195327758789  26.623491287231445
 816    -103.33270263671875  23.634805679321289  26.915925979614258
 817    -102.87502288818359  22.867294311523438  26.710172653198242
 818    -102.46292114257812  20.166152954101562  25.970766067504883
 819    -102.46546936035156  20.149364471435547  25.888362884521484
 820    -102.49771881103516  20.169193267822266  25.342643737792969
 821    -102.46398162841797  20.761089324951172  25.064876556396484
 822    -102.48404693603516  20.595846176147461  26.548137664794922
 823    -102.46816253662109  21.526973724365234  25.067012786865234
 824    -102.72882843017578  21.568014144897461  26.736286163330078
 825    -102.29941558837891  21.554424285888672  26.949987411499023
 826    -102.12746429443359  21.033187866210938  26.827733993530273
 827    -102.47273254394531  22.505538940429688  25.037879943847656
 828    -102.80036926269531  22.141376495361328  26.73921012878418
 829    -102.45835113525391  22.524120330810547  26.950927734375
 830    -102.48503875732422  23.507879257202148  25.015804290771484
 831    -102.17394256591797  23.713748931884766  27.29725456237793
 832    -102.57670593261719  23.603616714477539  30.562013626098633
 833    -102.1085205078125  23.605743408203125  29.58392333984375
 834    -101.90995788574219  23.047073364257812  29.934074401855469
 835    -102.10034942626953  22.822553634643555  30.587686538696289
 836    -102.70509338378906  23.281190872192383  31.322113037109375
 837    -102.35984802246094  22.621963500976562  31.544832229614258
 838    -102.92076873779297  23.574888229370117  31.599443435668945
 839    -102.82107543945312  23.905035018920898  30.861038208007812
 840    -102.77422332763672  23.094945907592773  31.97393798828125
 841    -101.35186767578125  20.406124114990234  25.875791549682617
 842    -101.35129547119141  20.407724380493164  25.829389572143555
 843    -101.41439819335938  20.433296203613281  25.483585357666016
 844    -101.48700714111328  20.692214965820312  25.013288497924805
 845    -101.45990753173828  20.549720764160156  26.451154708862305
 846    -101.47065734863281  21.016639709472656  26.8494873046875
 847    -101.49416351318359  21.522928237915039  25.00999641418457
 848    -101.46311187744141  21.568925857543945  27.09979248046875
 849    -101.49729919433594  22.500749588012695  25.006071090698242
 850    -101.26349639892578  22.773916244506836  27.357088088989258
 851    -101.61549377441406  22.36591911315918  30.600025177001953
 852    -101.33155059814453  22.692310333251953  29.633399963378906
 853    -100.93047332763672  22.189884185791016  30.040910720825195
 854    -101.14675903320312  22.038122177124023  30.601812362670898
 855    -101.78025817871094  22.233209609985352  31.153076171875
 856    -101.43759918212891  21.824625015258789  31.521387100219727
 857    -101.95079040527344  22.06463623046875  31.793184280395508
 858    -101.49839019775391  23.500955581665039  25.002035140991211
 859    -101.40110015869141  23.578872680664062  27.528053283691406
 860    -101.44451141357422  23.559616088867188  28.508726119995117
 861    -100.97725677490234  23.117809295654297  28.512233734130859
 862    -101.78021240234375  24.006189346313477  28.493797302246094
 863    -101.68826293945312  23.314628601074219  29.252090454101562
 864    -100.57810974121094  19.679473876953125  25.512304306030273
 865    -100.19776916503906  19.564214706420898  25.055307388305664
 866    -100.01133728027344  19.044647216796875  25.10215950012207
 867    -100.22058868408203  18.781061172485352  25.498403549194336
 868    -100.38016510009766  19.697023391723633  26.182535171508789
 869    -100.06517791748047  19.038318634033203  26.028779983520508
 870    -100.75411224365234  20.325693130493164  25.438364028930664
 871    -100.51302337646484  20.498327255249023  25.102481842041016
 872    -100.40395355224609  20.44658088684082  26.508007049560547
 873    -100.42552947998047  20.928897857666016  26.729421615600586
 874    -100.49349975585938  21.513755798339844  25.000188827514648
 875    -100.43099212646484  21.66566276550293  27.068071365356445
 876    -100.41571807861328  21.677215576171875  30.598760604858398
 877    -100.32363128662109  22.093215942382812  29.653171539306641
 878    -100.50194549560547  21.325660705566406  31.517730712890625
 879    -100.50009918212891  22.499847412109375  25.004123687744141
 880    -100.32249450683594  22.662641525268555  27.478340148925781
 881    -100.26828765869141  22.601987838745117  28.616836547851562
 882    -100.573974609375  22.361082077026367  29.352651596069336
 883    -99.918907165527344  22.272918701171875  29.051410675048828
 884    -100.50049591064453  23.500411987304688  25.008590698242188
 885    -99.502670288085938  18.755121231079102  25.499942779541016
 886    -99.510421752929688  19.002677917480469  25.044111251831055
 887    -99.510475158691406  19.020095825195312  26.047773361206055
 888    -99.497322082519531  19.540624618530273  25.057950973510742
 889    -99.517318725585938  19.665822982788086  26.589248657226562
 890    -99.493606567382812  20.517124176025391  25.007455825805664
 891    -99.809112548828125  20.175371170043945  26.752008438110352
 892    -99.499076843261719  20.525358200073242  26.933534622192383
 893    -99.214935302734375  20.090404510498047  26.810651779174805
 894    -99.498123168945312  21.504451751708984  25.010560989379883
 895    -99.40069580078125  21.903787612915039  27.302326202392578
 896    -99.457344055175781  21.875116348266602  29.590385437011719
 897    -99.369186401367188  22.363319396972656  28.598554611206055
 898    -99.508903503417969  21.403690338134766  30.646816253662109
 899    -99.848114013671875  21.275136947631836  31.147331237792969
 900    -99.227386474609375  21.21442985534668  31.011970520019531
 901    -99.508033752441406  21.062211990356445  31.519081115722656
 902    -100.25801086425781  21.120847702026367  31.788444519042969
 903    -99.501884460449219  22.499589920043945  25.014968872070312
 904    -99.517578125  22.640172958374023  27.598169326782227
 905    -99.564224243164062  22.587224960327148  28.28416633605957
 906    -99.501625061035156  23.500570297241211  25.019445419311523
 907    -98.992454528808594  19.084213256835938  25.498682022094727
 908    -99.031723022460938  19.127992630004883  25.110263824462891
 909    -99.058082580566406  19.16937255859375  25.940275192260742
 910    -98.653511047363281  19.649755477905273  25.061075210571289
 911    -98.517318725585938  19.486663818359375  25.498754501342773
 912    -98.69677734375  19.727424621582031  26.318113327026367
 913    -99.014297485351562  20.114938735961914  26.794031143188477
 914    -98.527000427246094  20.524274826049805  25.027618408203125
 915    -98.402214050292969  20.379396438598633  26.631694793701172
 916    -98.638717651367188  20.667844772338867  26.934591293334961
 917    -98.510589599609375  20.954580307006836  31.593570709228516
 918    -98.513076782226562  21.198295593261719  30.997661590576172
 919    -98.512344360351562  21.507116317749023  25.021284103393555
 920    -98.526718139648438  21.910411834716797  27.377870559692383
 921    -98.497215270996094  22.396665573120117  28.392061233520508
 922    -98.515037536621094  21.810979843139648  29.587556838989258
 923    -98.514411926269531  21.408348083496094  30.50079345703125
 924    -98.503753662109375  22.501777648925781  25.025823593139648
 925    -98.257255554199219  22.532283782958984  27.762302398681641
 926    -98.252769470214844  22.611955642700195  27.949298858642578
 927    -98.501304626464844  23.501113891601562  25.023141860961914
 928    -98.036956787109375  20.022178649902344  25.500009536743164
 929    -98.04302978515625  20.02818489074707  25.093276977539062
 930    -98.098289489746094  20.091257095336914  26.011468887329102
 931    -97.6407470703125  20.660257339477539  25.040948867797852
 932    -97.528251647949219  20.589292526245117  25.501754760742188
 933    -97.7457275390625  20.759910583496094  26.299680709838867
 934    -98.061553955078125  21.080745697021484  26.842264175415039
 935    -97.621841430664062  21.09783935546875  31.610147476196289
 936    -97.977821350097656  21.239246368408203  31.065952301025391
 937    -97.531173706054688  21.519207000732422  25.009187698364258
 938    -97.401023864746094  21.361196517944336  26.586526870727539
 939    -97.710777282714844  21.737260818481445  27.074649810791016
 940    -97.559028625488281  22.005945205688477  29.547573089599609
 941    -97.905601501464844  22.305854797363281  28.762958526611328
 942    -97.628761291503906  21.49577522277832  30.675466537475586
 943    -97.356101989746094  21.317203521728516  31.294094085693359
 944    -97.518791198730469  22.513416290283203  25.036577224731445
 945    -97.706336975097656  22.544170379638672  27.64417839050293
 946    -97.633872985839844  22.502029418945312  28.457988739013672
 947    -97.257003784179688  22.279027938842773  29.195396423339844
 948    -97.5050048828125  23.505809783935547  25.025629043579102
 949    -97.144515991210938  21.084794998168945  25.507816314697266
 950    -97.174049377441406  21.106025695800781  25.162879943847656
 951    -97.193595886230469  21.143531799316406  25.975618362426758
 952    -96.930450439453125  21.54798698425293  25.036046981811523
 953    -96.765220642089844  21.596950531005859  25.525667190551758
 954    -96.934623718261719  21.687038421630859  26.343847274780273
 955    -97.056343078613281  22.060657501220703  26.961648941040039
 956    -96.648277282714844  21.984781265258789  30.66558837890625
 957    -96.994056701660156  22.156448364257812  29.881738662719727
 958    -96.638572692871094  21.506668090820312  31.613849639892578
 959    -96.974845886230469  21.184455871582031  31.957836151123047
 960    -96.576675415039062  22.557016372680664  25.04374885559082
 961    -96.282951354980469  22.263469696044922  25.536396026611328
 962    -96.368461608886719  22.367111206054688  26.443960189819336
 963    -96.708641052246094  22.785818099975586  27.371784210205078
 964    -96.59710693359375  22.886472702026367  28.539957046508789
 965    -96.644096374511719  22.468723297119141  29.539873123168945
 966    -96.370758056640625  22.367145538330078  30.376436233520508
 967    -96.527610778808594  23.518569946289062  25.027933120727539
 968    -96.3104248046875  23.302778244018555  27.807201385498047
 969    -96.28460693359375  23.284919738769531  28.190814971923828
 970    -103.08100128173828  23.566865921020508  32.526649475097656
 971    -102.83988189697266  22.966270446777344  32.542171478271484
 972    -103.12926483154297  23.561712265014648  33.499778747558594
 973    -102.87884521484375  22.830608367919922  33.510997772216797
 974    -103.07442474365234  23.550460815429688  34.468845367431641
 975    -102.86463165283203  22.838190078735352  34.474132537841797
 976    -102.88439178466797  23.547813415527344  35.4617919921875
 977    -102.78360748291016  22.960624694824219  35.147010803222656
 978    -102.57039642333984  22.48564338684082  32.547332763671875
 979    -102.081298828125  21.923377990722656  32.559009552001953
 980    -102.65102386474609  22.363065719604492  33.519824981689453
 981    -102.20094299316406  21.766429901123047  33.527320861816406
 982    -102.65871429443359  22.374809265136719  34.480129241943359
 983    -102.21904754638672  21.676103591918945  34.493370056152344
 984    -102.58229064941406  22.630971908569336  35.457908630371094
 985    -102.089111328125  21.752765655517578  35.448116302490234
 986    -102.24839782714844  22.59197998046875  36.412288665771484
 987    -101.90871429443359  21.979480743408203  36.411487579345703
 988    -101.90592956542969  22.599979400634766  37.08502197265625
 989    -101.78291320800781  22.141437530517578  36.879283905029297
 990    -102.71022796630859  23.246753692626953  35.783237457275391
 991    -102.57131195068359  23.555986404418945  36.345573425292969
 992    -102.76847076416016  23.867832183837891  35.993236541748047
 993    -102.05756378173828  23.539695739746094  37.446971893310547
 994    -101.36617279052734  21.403999328613281  32.473976135253906
 995    -101.68450927734375  21.309362411499023  33.540065765380859
 996    -101.04771423339844  21.138143539428711  32.7412109375
 997    -101.22348785400391  20.992305755615234  33.541721343994141
 998    -101.75437927246094  21.259708404541016  34.504207611083984
 999    -101.32401275634766  20.903329849243164  34.509441375732422
1000    -101.7059326171875  21.304054260253906  35.451118469238281
1001    -101.25823211669922  20.937185287475586  35.463222503662109
1002    -101.51905822753906  21.501436233520508  36.416416168212891
1003    -101.03809356689453  21.072990417480469  36.417209625244141
1004    -101.24371337890625  21.750089645385742  37.249294281005859
1005    -100.87761688232422  21.181955337524414  36.931995391845703
1006    -101.61502838134766  22.596260070800781  37.583515167236328
1007    -101.07074737548828  22.678361892700195  38.323204040527344
1008    -100.90689086914062  22.055734634399414  37.948284149169922
1009    -101.73405456542969  23.236515045166016  37.781135559082031
1010    -101.45884704589844  23.551643371582031  38.278541564941406
1011    -101.81130981445312  23.856595993041992  37.909820556640625
1012    -100.91077423095703  23.556646347045898  38.968418121337891
1013    -100.81027984619141  23.051923751831055  38.863021850585938
1014    -100.41981506347656  20.579179763793945  33.547599792480469
1015    -100.50672912597656  20.975683212280273  32.482067108154297
1016    -100.31926727294922  20.411949157714844  34.525005340576172
1017    -100.31770324707031  20.423189163208008  35.444118499755859
1018    -99.957359313964844  20.244607925415039  34.847183227539062
1019    -99.949737548828125  20.26446533203125  35.11700439453125
1020    -100.40932464599609  20.681106567382812  36.436431884765625
1021    -100.30719757080078  21.058353424072266  37.324214935302734
1022    -100.86814880371094  21.257022857666016  32.104808807373047
1023    -100.58263397216797  21.390825271606445  37.592201232910156
1024    -100.26362609863281  21.713094711303711  38.288974761962891
1025    -99.888671875  21.190181732177734  37.919906616210938
1026    -100.60196685791016  22.429340362548828  38.627101898193359
1027    -100.18099975585938  22.737838745117188  39.249553680419922
1028    -99.628410339355469  22.198644638061523  39.386337280273438
1029    -100.4017333984375  23.564781188964844  39.462093353271484
1030    -99.479454040527344  20.185092926025391  35.455154418945312
1031    -99.505485534667969  20.157135009765625  34.524017333984375
1032    -99.454742431640625  20.663135528564453  32.588645935058594
1033    -99.501411437988281  20.312906265258789  33.559547424316406
1034    -99.832992553710938  20.27845573425293  34.220233917236328
1035    -99.210014343261719  20.215322494506836  33.890335083007812
1036    -99.799896240234375  20.278066635131836  35.740009307861328
1037    -99.43817138671875  20.398860931396484  36.412117004394531
1038    -99.152259826660156  20.248340606689453  36.093132019042969
1039    -99.345794677734375  20.742372512817383  37.422508239746094
1040    -99.092460632324219  21.071023941040039  38.327320098876953
1041    -99.507659912109375  21.473064422607422  38.583000183105469
1042    -99.412788391113281  21.625886917114258  39.480010986328125
1043    -98.99066162109375  20.574527740478516  39.479640960693359
1044    -98.493728637695312  20.0816650390625  34.52386474609375
1045    -98.501380920410156  20.197896957397461  33.81787109375
1046    -98.46258544921875  20.101144790649414  35.514217376708984
1047    -98.380752563476562  20.250818252563477  36.495048522949219
1048    -98.562873840332031  19.661104202270508  39.51214599609375
1049    -98.178291320800781  19.572141647338867  38.480442047119141
1050    -97.912849426269531  18.953191757202148  38.767372131347656
1051    -97.991081237792969  18.63787841796875  39.644866943359375
1052    -98.507682800292969  20.566095352172852  32.585403442382812
1053    -98.504341125488281  20.309368133544922  33.334342956542969
1054    -98.753280639648438  20.366422653198242  36.7550048828125
1055    -98.538131713867188  20.540277481079102  37.477275848388672
1056    -98.023719787597656  20.013515472412109  37.578731536865234
1057    -98.64154052734375  20.341531753540039  38.531276702880859
1058    -98.7327880859375  20.203609466552734  39.126728057861328
1059    -98.797111511230469  20.007423400878906  39.809291839599609
1060    -97.56256103515625  18.642177581787109  38.507041931152344
1061    -97.118209838867188  18.674234390258789  37.662429809570312
1062    -96.855628967285156  18.112340927124023  38.033416748046875
1063    -97.005538940429688  17.922544479370117  38.608219146728516
1064    -97.671096801757812  18.310821533203125  39.372959136962891
1065    -97.293487548828125  17.678443908691406  39.613983154296875
1066    -97.783409118652344  18.143564224243164  40.023513793945312
1067    -97.484817504882812  20.203498840332031  34.583591461181641
1068    -97.820205688476562  20.239690780639648  33.903537750244141
1069    -97.408981323242188  20.187049865722656  35.621982574462891
1070    -97.213150024414062  19.798686981201172  36.691505432128906
1071    -97.615394592285156  19.378383636474609  37.608497619628906
1072    -96.94781494140625  19.027589797973633  36.980991363525391
1073    -97.77056884765625  19.190998077392578  38.118034362792969
1074    -97.560081481933594  20.714336395263672  32.591468811035156
1075    -97.524879455566406  20.370265960693359  33.583232879638672
1076    -97.172019958496094  20.291482925415039  34.278072357177734
1077    -96.570259094238281  17.429910659790039  38.613323211669922
1078    -96.2816162109375  17.722373962402344  37.695381164550781
1079    -95.89642333984375  17.104032516479492  38.025547027587891
1080    -96.081047058105469  16.907604217529297  38.615230560302734
1081    -96.740615844726562  17.243124008178711  39.219161987304688
1082    -96.347709655761719  16.644170761108398  39.526092529296875
1083    -96.880378723144531  17.077062606811523  39.869083404541016
1084    -96.643989562988281  18.353607177734375  37.382965087890625
1085    -96.328361511230469  18.677484512329102  36.654769897460938
1086    -95.994865417480469  18.009326934814453  36.973762512207031
1087    -96.33050537109375  19.703670501708984  35.730442047119141
1088    -96.398406982421875  20.45068359375  35.131187438964844
1089    -96.654769897460938  19.37213134765625  36.345279693603516
1090    -95.996429443359375  19.015405654907227  36.030704498291016
1091    -96.622116088867188  21.046422958374023  32.640819549560547
1092    -96.56353759765625  20.676969528198242  33.604202270507812
1093    -96.529594421386719  20.502765655517578  34.485153198242188
1094    -96.334228515625  21.334636688232422  32.341377258300781
1095    -100.80998992919922  23.556802749633789  46.528202056884766
1096    -100.75495147705078  23.495306015014648  45.459892272949219
1097    -100.72963714599609  22.931154251098633  45.739620208740234
1098    -100.76849365234375  22.810783386230469  46.539447784423828
1099    -100.78842926025391  23.537635803222656  47.643379211425781
1100    -100.71485900878906  22.492807388305664  47.744293212890625
1101    -100.02458953857422  20.596124649047852  44.529449462890625
1102    -99.8890380859375  20.551479339599609  43.577384948730469
1103    -99.746231079101562  20.092058181762695  43.940231323242188
1104    -99.784767150878906  20.010299682617188  44.533782958984375
1105    -100.13014984130859  20.593164443969727  45.525619506835938
1106    -99.841758728027344  19.876655578613281  45.529361724853516
1107    -100.21318054199219  20.590152740478516  46.561729431152344
1108    -99.906745910644531  19.76055908203125  46.561862945556641
1109    -100.33036041259766  20.646102905273438  47.560020446777344
1110    -99.961494445800781  19.779621124267578  47.925315856933594
1111    -101.04305267333984  20.609941482543945  48.174991607666016
1112    -100.96363067626953  19.923435211181641  48.243423461914062
1113    -100.10575866699219  21.580402374267578  42.543010711669922
1114    -99.914085388183594  21.523252487182617  41.519241333007812
1115    -99.792854309082031  20.980125427246094  41.828075408935547
1116    -99.852920532226562  20.82133674621582  42.543960571289062
1117    -100.24707794189453  21.576627731323242  43.531581878662109
1118    -100.34622192382812  21.576177597045898  44.527137756347656
1119    -100.43375396728516  21.573398590087891  45.523731231689453
1120    -100.51258850097656  21.565628051757812  46.543186187744141
1121    -100.57990264892578  21.56831169128418  47.282169342041016
1122    -100.90157318115234  21.561103820800781  48.123786926269531
1123    -99.972915649414062  22.573614120483398  40.497512817382812
1124    -99.808883666992188  21.893117904663086  40.528835296630859
1125    -100.18115997314453  22.547346115112305  41.547019958496094
1126    -100.36415100097656  22.544338226318359  42.54107666015625
1127    -100.48178863525391  22.547601699829102  43.531967163085938
1128    -100.58033752441406  22.550420761108398  44.527301788330078
1129    -100.65987396240234  22.587760925292969  45.455978393554688
1130    -100.68223571777344  22.340032577514648  46.541702270507812
1131    -100.67554473876953  22.204818725585938  47.151180267333984
1132    -100.11582946777344  23.535917282104492  40.465610504150391
1133    -100.30448913574219  23.512592315673828  41.534099578857422
1134    -100.47422790527344  23.513742446899414  42.545207977294922
1135    -100.60950469970703  23.522176742553711  43.534591674804688
1136    -100.68779754638672  23.473072052001953  44.525035858154297
1137    -100.70025634765625  23.095462799072266  45.083553314208984
1138    -100.73937225341797  23.789529800415039  44.864082336425781
1139    -99.304420471191406  18.647735595703125  46.535877227783203
1140    -99.103546142578125  18.546972274780273  45.436878204345703
1141    -98.765762329101562  18.137710571289062  45.716495513916016
1142    -98.845176696777344  18.041410446166992  46.538475036621094
1143    -99.436141967773438  18.741304397583008  47.563369750976562
1144    -98.946800231933594  17.954095840454102  47.565078735351562
1145    -99.296974182128906  19.629301071166992  42.548488616943359
1146    -98.994491577148438  19.589387893676758  41.558017730712891
1147    -98.794670104980469  19.088855743408203  41.880535125732422
1148    -98.891059875488281  18.967878341674805  42.548908233642578
1149    -99.516441345214844  19.713140487670898  43.58172607421875
1150    -99.001174926757812  18.814813613891602  43.539955139160156
1151    -99.553993225097656  19.528427124023438  44.535507202148438
1152    -99.084480285644531  18.695642471313477  44.532821655273438
1153    -99.617866516113281  19.398899078369141  45.53179931640625
1154    -99.692428588867188  19.28533935546875  46.548919677734375
1155    -99.704315185546875  19.24519157409668  47.158615112304688
1156    -99.785820007324219  19.296554565429688  48.146244049072266
1157    -99.288131713867188  20.624885559082031  40.5633544921875
1158    -98.90484619140625  19.839212417602539  40.562141418457031
1159    -99.579887390136719  20.63817024230957  41.522850036621094
1160    -99.644050598144531  20.342288970947266  42.550457000732422
1161    -99.699600219726562  20.203271865844727  43.279087066650391
1162    -99.628265380859375  21.407674789428711  40.554496765136719
1163    -99.713584899902344  21.173831939697266  41.175003051757812
1164    -98.275245666503906  17.702978134155273  44.542705535888672
1165    -98.048233032226562  17.623865127563477  43.554973602294922
1166    -97.787063598632812  17.146469116210938  43.888580322265625
1167    -97.852043151855469  17.070383071899414  44.535469055175781
1168    -98.464080810546875  17.760873794555664  45.444862365722656
1169    -97.932136535644531  16.980939865112305  45.531925201416016
1170    -98.507545471191406  17.53217887878418  46.532470703125
1171    -98.010940551757812  16.904041290283203  46.529502868652344
1172    -98.595314025878906  17.438690185546875  47.537734985351562
1173    -98.088279724121094  16.841896057128906  47.524616241455078
1174    -98.257331848144531  18.637689590454102  40.554130554199219
1175    -97.859207153320312  18.029949188232422  40.559619903564453
1176    -98.491714477539062  18.711166381835938  41.544475555419922
1177    -97.967391967773438  17.863956451416016  41.543941497802734
1178    -98.515846252441406  18.499904632568359  42.551631927490234
1179    -98.018547058105469  17.787210464477539  42.544120788574219
1180    -98.648590087890625  18.332241058349609  43.540969848632812
1181    -98.718826293945312  18.227485656738281  44.537490844726562
1182    -98.748435974121094  18.182123184204102  45.047203063964844
1183    -98.646324157714844  19.346841812133789  40.560047149658203
1184    -98.696975708007812  19.223367691040039  41.217643737792969
1185    -97.474105834960938  16.739139556884766  43.541900634765625
1186    -97.173851013183594  16.568115234375  42.460689544677734
1187    -97.46917724609375  16.569742202758789  44.531169891357422
1188    -97.515922546386719  16.495737075805664  45.529651641845703
1189    -97.588951110839844  16.413265228271484  46.525505065917969
1190    -97.638320922851562  16.356012344360352  47.519500732421875
1191    -97.501136779785156  17.536203384399414  40.562503814697266
1192    -97.004302978515625  16.926481246948242  40.568233489990234
1193    -97.625175476074219  17.377029418945312  41.545581817626953
1194    -97.139472961425781  16.753173828125  41.548019409179688
1195    -97.687416076660156  17.281702041625977  42.537960052490234
1196    -97.722183227539062  17.226425170898438  43.221050262451172
1197    -96.581047058105469  16.419883728027344  40.565376281738281
1198    -95.917274475097656  16.09333610534668  39.848644256591797
1199    -96.076332092285156  15.931641578674316  40.571918487548828
1200    -96.708847045898438  16.27801513671875  41.557106018066406
1201    -96.222953796386719  15.770626068115234  41.559482574462891
1202    -96.770088195800781  16.205909729003906  42.089878082275391
1203    -103.43889617919922  16.922122955322266  51.567203521728516
1204    -103.43029022216797  17.151943206787109  50.923282623291016
1205    -103.44481658935547  16.768184661865234  52.510112762451172
1206    -103.45577239990234  16.846841812133789  53.450244903564453
1207    -103.46420288085938  17.084611892700195  54.291099548339844
1208    -103.43209075927734  17.391199111938477  50.443973541259766
1209    -103.42755889892578  17.868967056274414  49.869701385498047
1210    -103.46237182617188  17.306989669799805  54.743537902832031
1211    -103.4755859375  17.660345077514648  55.362716674804688
1212    -103.42709350585938  18.450994491577148  49.397148132324219
1213    -103.42337036132812  18.920341491699219  49.154788970947266
1214    -103.43225860595703  19.551448822021484  48.943752288818359
1215    -103.42111206054688  20.516111373901367  48.834300994873047
1216    -103.41970062255859  21.475149154663086  48.853466033935547
1217    -103.50388336181641  22.507457733154297  49.052997589111328
1218    -103.87564849853516  22.852561950683594  49.274951934814453
1219    -103.49948883056641  23.375747680664062  49.414077758789062
1220    -103.21611785888672  23.051477432250977  49.179325103759766
1221    -102.45568084716797  16.668989181518555  51.556118011474609
1222    -102.417724609375  17.040143966674805  50.582061767578125
1223    -102.45901489257812  16.57362174987793  52.501148223876953
1224    -102.46538543701172  16.690706253051758  53.442642211914062
1225    -102.51966094970703  17.021636962890625  54.491352081298828
1226    -102.71640014648438  17.292621612548828  50.27117919921875
1227    -102.40580749511719  17.677177429199219  49.676155090332031
1228    -102.06478118896484  17.200778961181641  50.116664886474609
1229    -102.875732421875  17.265907287597656  54.830837249755859
1230    -102.52491760253906  17.499542236328125  55.275772094726562
1231    -102.21870422363281  17.220117568969727  54.890525817871094
1232    -102.73006439208984  18.26667594909668  49.286121368408203
1233    -102.42256164550781  18.569879531860352  48.992877960205078
1234    -102.07511901855469  18.11207389831543  49.180580139160156
1235    -102.42880249023438  19.561325073242188  48.665920257568359
1236    -102.42030334472656  20.518503189086914  48.537555694580078
1237    -102.41143798828125  21.480142593383789  48.540309906005859
1238    -102.40367126464844  22.439647674560547  48.697242736816406
1239    -102.32410430908203  23.397871017456055  49.059951782226562
1240    -102.64630889892578  23.698291778564453  49.344993591308594
1241    -101.47125244140625  16.823654174804688  50.590290069580078
1242    -101.46163177490234  17.140125274658203  50.025798797607422
1243    -101.47353363037109  16.543067932128906  51.552318572998047
1244    -101.48003387451172  16.46220588684082  52.495143890380859
1245    -101.4827880859375  16.585674285888672  53.440151214599609
1246    -101.48533630371094  16.902688980102539  54.400409698486328
1247    -101.48751831054688  17.165859222412109  54.947219848632812
1248    -101.46163177490234  17.517786026000977  49.532943725585938
1249    -101.44980621337891  18.014007568359375  49.09130859375
1250    -101.48970031738281  17.535539627075195  55.420372009277344
1251    -101.44051361083984  18.613101959228516  48.735404968261719
1252    -101.40512847900391  19.568349838256836  48.410984039306641
1253    -101.72742462158203  20.537624359130859  48.341571807861328
1254    -101.74019622802734  21.495668411254883  48.349514007568359
1255    -101.597412109375  22.435859680175781  48.450733184814453
1256    -101.18207550048828  23.420558929443359  48.732574462890625
1257    -100.48895263671875  16.739471435546875  50.587299346923828
1258    -100.4788818359375  17.084329605102539  49.924591064453125
1259    -100.49413299560547  16.49615478515625  51.545028686523438
1260    -100.49977111816406  16.442218780517578  52.490142822265625
1261    -100.50391387939453  16.554983139038086  53.439502716064453
1262    -100.5057373046875  16.878622055053711  54.401126861572266
1263    -100.50555419921875  17.17274284362793  54.951339721679688
1264    -100.46454620361328  17.44734001159668  49.451160430908203
1265    -100.44413757324219  17.920799255371094  48.978916168212891
1266    -100.49364471435547  17.528074264526367  55.453033447265625
1267    -100.42397308349609  18.688163757324219  48.505294799804688
1268    -100.73790740966797  19.296806335449219  48.362369537353516
1269    -99.475471496582031  16.743785858154297  50.576404571533203
1270    -99.44927978515625  17.105827331542969  49.852535247802734
1271    -99.495521545410156  16.49437141418457  51.531681060791016
1272    -99.510368347167969  16.472667694091797  52.481613159179688
1273    -99.5157470703125  16.607240676879883  53.438140869140625
1274    -99.502082824707031  16.965547561645508  54.420707702636719
1275    -99.470489501953125  17.210000991821289  54.922252655029297
1276    -99.419059753417969  17.409404754638672  49.381351470947266
1277    -99.217788696289062  18.020895004272461  48.767990112304688
1278    -99.436782836914062  17.577907562255859  55.390182495117188
1279    -99.502128601074219  18.542047500610352  48.493782043457031
1280    -98.34039306640625  16.804660797119141  50.581138610839844
1281    -98.295692443847656  17.028974533081055  49.592201232910156
1282    -98.450180053710938  16.558246612548828  51.514060974121094
1283    -98.479484558105469  16.532403945922852  52.471435546875
1284    -98.476028442382812  16.702919006347656  53.444545745849609
1285    -98.421394348144531  17.104581832885742  54.453388214111328
1286    -97.228897094726562  17.759452819824219  55.641445159912109
1287    -98.62738037109375  17.419536590576172  48.579677581787109
1288    -98.133132934570312  16.845836639404297  48.533966064453125
1289    -98.671257019042969  17.4766845703125  49.312068939208984
1290    -98.318878173828125  17.748540878295898  55.408592224121094
1291    -97.680221557617188  16.322954177856445  48.51788330078125
1292    -97.693443298339844  16.334367752075195  49.522125244140625
1293    -97.700103759765625  16.396221160888672  50.507900238037109
1294    -97.668525695800781  16.503072738647461  51.476726531982422
1295    -97.595130920410156  16.569013595581055  52.436328887939453
1296    -97.384666442871094  16.705659866333008  53.430881500244141
1297    -97.103469848632812  16.946876525878906  54.573352813720703
1298    -97.109848022460938  16.798797607421875  55.764263153076172
1299    -103.47909545898438  18.118841171264648  55.879035949707031
1300    -103.48600006103516  18.649126052856445  56.322635650634766
1301    -103.48881530761719  19.257286071777344  56.688716888427734
1302    -103.49464416503906  19.710796356201172  56.889179229736328
1303    -103.49988555908203  20.548025131225586  57.123855590820312
1304    -103.50592803955078  21.487260818481445  57.188678741455078
1305    -103.510009765625  22.433023452758789  57.048019409179688
1306    -103.51412200927734  23.010316848754883  56.82568359375
1307    -103.51444244384766  23.484010696411133  56.545017242431641
1308    -102.48342132568359  18.060537338256836  55.923030853271484
1309    -102.48954010009766  18.643062591552734  56.389392852783203
1310    -102.49180603027344  19.208127975463867  56.708736419677734
1311    -102.49723815917969  19.657497406005859  56.908195495605469
1312    -102.50274658203125  20.541584014892578  57.124549865722656
1313    -102.50975799560547  21.480072021484375  57.160053253173828
1314    -102.51410675048828  22.42657470703125  56.985496520996094
1315    -102.51654052734375  22.954158782958984  56.790645599365234
1316    -102.51424407958984  23.439529418945312  56.515083312988281
1317    -101.49307250976562  18.015520095825195  55.951034545898438
1318    -101.49788665771484  18.638618469238281  56.422531127929688
1319    -101.50089263916016  19.179304122924805  56.727085113525391
1320    -101.50287628173828  19.629852294921875  56.921497344970703
1321    -101.50656127929688  20.53407096862793  57.125080108642578
1322    -101.51200866699219  21.47459602355957  57.131256103515625
1323    -101.44010162353516  22.510871887207031  56.891094207763672
1324    -101.42941284179688  23.28515625  56.516487121582031
1325    -101.72544860839844  22.905458450317383  56.756229400634766
1326    -101.05674743652344  22.863676071166992  56.726715087890625
1327    -99.789115905761719  16.100513458251953  60.541667938232422
1328    -99.749916076660156  15.969206809997559  59.969821929931641
1329    -99.842422485351562  16.279972076416016  61.527030944824219
1330    -99.869056701660156  16.492189407348633  62.514926910400391
1331    -99.936782836914062  16.41932487487793  63.506210327148438
1332    -100.47396087646484  18.021183013916016  55.951400756835938
1333    -99.759292602539062  16.968257904052734  63.507064819335938
1334    -99.738433837890625  16.933771133422852  62.844474792480469
1335    -100.48065185546875  18.623067855834961  56.400199890136719
1336    -100.50027465820312  19.214199066162109  56.685276031494141
1337    -100.50922393798828  19.671409606933594  56.886302947998047
1338    -100.51265716552734  20.528774261474609  57.097404479980469
1339    -100.51076507568359  21.477302551269531  57.077579498291016
1340    -100.50155639648438  22.372394561767578  56.884990692138672
1341    -100.49331665039062  22.825714111328125  56.711185455322266
1342    -100.45265960693359  23.376800537109375  56.391311645507812
1343    -99.159996032714844  16.420917510986328  58.581584930419922
1344    -98.843612670898438  16.449838638305664  57.917423248291016
1345    -99.528923034667969  16.337507247924805  59.61712646484375
1346    -99.628852844238281  16.589761734008789  60.545249938964844
1347    -99.682228088378906  16.764530181884766  61.531280517578125
1348    -99.70758056640625  16.856369018554688  62.18634033203125
1349    -99.097602844238281  18.313640594482422  56.049678802490234
1350    -98.855552673339844  17.116252899169922  58.552497863769531
1351    -98.225791931152344  17.391206741333008  57.563812255859375
1352    -99.0181884765625  17.453956604003906  59.521865844726562
1353    -99.294349670410156  17.386144638061523  60.548305511474609
1354    -99.439559936523438  17.384355545043945  61.532970428466797
1355    -99.571113586425781  17.311704635620117  62.517604827880859
1356    -99.574729919433594  17.459455490112305  63.50787353515625
1357    -99.311904907226562  18.677419662475586  56.366661071777344
1358    -97.191902160644531  17.666341781616211  55.6246337890625
1359    -98.915046691894531  18.154809951782227  60.551258087158203
1360    -98.827339172363281  17.993558883666992  59.817745208740234
1361    -98.950141906738281  18.419382095336914  61.612529754638672
1362    -99.072738647460938  18.370883941650391  62.522254943847656
1363    -99.136627197265625  18.371358871459961  63.509258270263672
1364    -99.4769287109375  19.232538223266602  56.649993896484375
1365    -99.494331359863281  19.698337554931641  56.829147338867188
1366    -98.794509887695312  18.901462554931641  62.523635864257812
1367    -98.754684448242188  18.849512100219727  61.995914459228516
1368    -98.828804016113281  18.957233428955078  63.509822845458984
1369    -99.507881164550781  20.523555755615234  57.010288238525391
1370    -99.485160827636719  21.510068893432617  56.992038726806641
1371    -99.402030944824219  22.542793273925781  56.732547760009766
1372    -99.861091613769531  22.824039459228516  56.668983459472656
1373    -99.475807189941406  23.378934860229492  56.334095001220703
1374    -98.577484130859375  23.640451431274414  56.954116821289062
1375    -97.99139404296875  16.552885055541992  56.636562347412109
1376    -98.590103149414062  16.479780197143555  57.432277679443359
1377    -97.120628356933594  18.515447616577148  56.628368377685547
1378    -98.249015808105469  17.353569030761719  57.57281494140625
1379    -98.613456726074219  17.587491989135742  58.532806396484375
1380    -98.316665649414062  17.399496078491211  57.731163024902344
1381    -98.726280212402344  17.809812545776367  59.175045013427734
1382    -97.361274719238281  17.805543899536133  56.636325836181641
1383    -98.618850708007812  18.853372573852539  56.352161407470703
1384    -98.119964599609375  18.393186569213867  58.511741638183594
1385    -98.547897338867188  18.340063095092773  59.522426605224609
1386    -98.648277282714844  18.642038345336914  60.553352355957031
1387    -98.706405639648438  18.762155532836914  61.341239929199219
1388    -98.786643981933594  19.138385772705078  56.512828826904297
1389    -98.274024963378906  19.372583389282227  56.524208068847656
1390    -98.009452819824219  19.121004104614258  59.574066162109375
1391    -97.863014221191406  18.940881729125977  58.886569976806641
1392    -98.08734130859375  19.385425567626953  60.587154388427734
1393    -98.436248779296875  19.250682830810547  61.614101409912109
1394    -98.462364196777344  19.393115997314453  62.52410888671875
1395    -98.493759155273438  19.441513061523438  63.510227203369141
1396    -98.428512573242188  20.510110855102539  56.867168426513672
1397    -97.874908447265625  19.918258666992188  61.540218353271484
1398    -97.813133239746094  19.848958969116211  60.929275512695312
1399    -97.959602355957031  20.01164436340332  62.526473999023438
1400    -98.000839233398438  20.059446334838867  63.511020660400391
1401    -98.369194030761719  21.597541809082031  56.867866516113281
1402    -97.629013061523438  23.104623794555664  56.514736175537109
1403    -98.568801879882812  23.397598266601562  57.636653900146484
1404    -98.488174438476562  23.606973648071289  58.313785552978516
1405    -98.074119567871094  22.81056022644043  58.427116394042969
1406    -98.793144226074219  23.969938278198242  57.891311645507812
1407    -97.983001708984375  23.525699615478516  59.110889434814453
1408    -97.895240783691406  22.932636260986328  59.050529479980469
1409    -97.691749572753906  18.716337203979492  58.135372161865234
1410    -97.555450439453125  18.603641510009766  57.743785858154297
1411    -96.927894592285156  19.098407745361328  57.107410430908203
1412    -97.409309387207031  19.301494598388672  58.502620697021484
1413    -97.59698486328125  19.606426239013672  59.574855804443359
1414    -97.726692199707031  19.744474411010742  60.283973693847656
1415    -97.027061462402344  20.348573684692383  57.124603271484375
1416    -96.737556457519531  19.900821685791016  58.475421905517578
1417    -97.071357727050781  20.122005462646484  59.575714111328125
1418    -97.238632202148438  20.294521331787109  60.567604064941406
1419    -97.393714904785156  20.408454895019531  61.527873992919922
1420    -97.495864868164062  20.50935173034668  62.522464752197266
1421    -97.553543090820312  20.556968688964844  63.510627746582031
1422    -96.910018920898438  21.92719841003418  56.911178588867188
1423    -96.824028015136719  20.898286819458008  61.493556976318359
1424    -96.022605895996094  21.291191101074219  60.379909515380859
1425    -96.985931396484375  20.933328628540039  62.513538360595703
1426    -97.06097412109375  20.98179817199707  63.509635925292969
1427    -97.419059753417969  22.554624557495117  57.48114013671875
1428    -97.614501953125  22.374958038330078  58.427314758300781
1429    -97.013832092285156  21.96672248840332  58.412715911865234
1430    -97.542808532714844  22.569114685058594  59.426158905029297
1431    -96.919395446777344  21.873098373413086  59.463176727294922
1432    -97.014823913574219  22.534286499023438  60.149452209472656
1433    -97.605903625488281  23.502326965332031  59.587444305419922
1434    -97.120742797851562  23.480575561523438  60.159244537353516
1435    -96.111854553222656  20.414249420166016  58.432636260986328
1436    -96.480522155761719  20.673406600952148  57.610763549804688
1437    -96.423698425292969  20.661815643310547  59.580162048339844
1438    -96.543891906738281  20.805147171020508  60.297714233398438
1439    -96.519805908203125  21.263883590698242  57.619815826416016
1440    -96.09918212890625  21.515592575073242  58.387672424316406
1441    -96.166374206542969  21.422727584838867  59.550006866455078
1442    -96.147666931152344  21.13420295715332  60.3978271484375
1443    -96.189292907714844  21.310935974121094  61.362751007080078
1444    -95.969467163085938  21.506319046020508  60.372138977050781
1445    -96.361198425292969  21.430143356323242  62.478389739990234
1446    -96.384895324707031  21.475297927856445  63.502429962158203
1447    -96.610710144042969  22.482030868530273  60.614433288574219
1448    -95.876243591308594  22.307628631591797  61.256484985351562
1449    -95.727035522460938  21.785642623901367  62.378719329833984
1450    -95.882850646972656  21.790931701660156  63.486518859863281
1451    -96.659652709960938  23.462619781494141  60.681316375732422
1452    -96.148284912109375  23.433969497680664  61.108772277832031
1453    -99.937843322753906  16.422470092773438  64.492660522460938
1454    -99.860908508300781  16.501293182373047  65.502838134765625
1455    -99.829208374023438  16.249404907226562  66.458770751953125
1456    -99.766365051269531  16.056621551513672  67.114891052246094
1457    -99.756477355957031  16.971426010131836  64.493804931640625
1458    -99.737190246582031  16.940338134765625  65.190887451171875
1459    -99.685134887695312  16.736738204956055  66.455673217773438
1460    -99.710601806640625  16.869592666625977  65.841865539550781
1461    -99.597061157226562  16.396492004394531  67.434906005859375
1462    -99.263961791992188  16.416826248168945  68.401741027832031
1463    -98.912399291992188  16.417673110961914  69.173362731933594
1464    -99.565971374511719  17.458370208740234  64.494171142578125
1465    -99.568405151367188  17.311788558959961  65.500373840332031
1466    -99.432807922363281  17.390625  66.455108642578125
1467    -99.2235107421875  17.398189544677734  67.43328857421875
1468    -98.9189453125  17.358522415161133  68.355827331542969
1469    -98.802436828613281  17.004453659057617  68.969276428222656
1470    -99.153656005859375  18.376228332519531  64.494400024414062
1471    -99.089950561523438  18.370857238769531  65.477081298828125
1472    -98.956855773925781  18.421594619750977  66.407028198242188
1473    -98.868888854980469  18.106155395507812  67.426742553710938
1474    -98.790458679199219  17.941083908081055  67.995750427246094
1475    -98.827461242675781  18.959346771240234  64.493919372558594
1476    -98.796844482421875  18.911447525024414  65.476142883300781
1477    -98.770256042480469  18.867151260375977  66.048301696777344
1478    -98.659782409667969  16.417078018188477  69.659194946289062
1479    -98.150856018066406  16.449813842773438  70.413619995117188
1480    -97.883407592773438  16.144437789916992  70.93707275390625
1481    -98.460700988769531  17.361509323120117  69.332313537597656
1482    -98.6619873046875  17.651872634887695  68.64068603515625
1483    -97.96197509765625  17.396724700927734  70.092872619628906
1484    -98.623497009277344  18.595890045166016  67.428962707519531
1485    -98.713882446289062  18.765253067016602  66.694580078125
1486    -98.447944641113281  18.314188003540039  68.359107971191406
1487    -97.965957641601562  18.309396743774414  69.307960510253906
1488    -97.815078735351562  17.933767318725586  69.89544677734375
1489    -98.50433349609375  19.451492309570312  64.493759155273438
1490    -98.457923889160156  19.396503448486328  65.474334716796875
1491    -98.428688049316406  19.251354217529297  66.404876708984375
1492    -98.106719970703125  19.394536972045898  67.387016296386719
1493    -97.954345703125  19.054277420043945  68.410392761230469
1494    -97.8082275390625  18.878171920776367  68.929832458496094
1495    -98.009010314941406  20.070140838623047  64.493095397949219
1496    -97.976425170898438  20.029356002807617  65.47283935546875
1497    -97.881271362304688  19.918729782104492  66.451019287109375
1498    -97.81207275390625  19.838323593139648  67.018692016601562
1499    -97.343070983886719  16.492328643798828  71.358856201171875
1500    -97.737602233886719  16.786909103393555  70.761680603027344
1501    -97.585868835449219  17.391805648803711  70.572502136230469
1502    -97.109161376953125  17.396627426147461  71.143234252929688
1503    -97.27691650390625  18.310562133789062  70.29681396484375
1504    -97.624282836914062  18.589111328125  69.582862854003906
1505    -96.912590026855469  18.019231796264648  70.932762145996094
1506    -97.54278564453125  19.523540496826172  68.403549194335938
1507    -97.712173461914062  19.719816207885742  67.670082092285156
1508    -97.251724243164062  19.267553329467773  69.290023803710938
1509    -96.965690612792969  19.016151428222656  70.026321411132812
1510    -97.560218811035156  20.566473007202148  64.493171691894531
1511    -97.504096984863281  20.514278411865234  65.472312927246094
1512    -97.413337707519531  20.423688888549805  66.455795288085938
1513    -97.290847778320312  20.286623001098633  67.332977294921875
1514    -97.06268310546875  20.047895431518555  68.405075073242188
1515    -96.905723571777344  19.894922256469727  69.012466430664062
1516    -97.063644409179688  20.981491088867188  64.49249267578125
1517    -97.010307312011719  20.93548583984375  65.470909118652344
1518    -96.913803100585938  20.858217239379883  66.452476501464844
1519    -96.832199096679688  20.789548873901367  66.983184814453125
1520    -96.621498107910156  17.394269943237305  71.625205993652344
1521    -96.779365539550781  16.834232330322266  71.762603759765625
1522    -96.318153381347656  18.33289909362793  71.3031005859375
1523    -96.673728942871094  18.666896820068359  70.675498962402344
1524    -96.346824645996094  19.339305877685547  70.344886779785156
1525    -96.662178039550781  19.662714004516602  69.653945922851562
1526    -96.02911376953125  19.013179779052734  70.986175537109375
1527    -96.376716613769531  20.586830139160156  68.494125366210938
1528    -96.714866638183594  20.705877304077148  67.636184692382812
1529    -96.349235534667969  20.130392074584961  69.352729797363281
1530    -96.018669128417969  19.934490203857422  70.013496398925781
1531    -96.408889770507812  21.477622985839844  64.493690490722656
1532    -96.266799926757812  21.492137908935547  65.50177001953125
1533    -96.352279663085938  21.285724639892578  66.452430725097656
1534    -96.381477355957031  21.032846450805664  67.360664367675781
1535    -96.065475463867188  20.919750213623047  68.226036071777344
1536    -95.914833068847656  21.791868209838867  64.493865966796875
1537    -95.892707824707031  21.779308319091797  65.196952819824219
1538    -96.922134399414062  16.186683654785156  71.894515991210938
1539    -96.348945617675781  16.415380477905273  72.310630798339844
1540    -95.866889953613281  15.972407341003418  72.776748657226562
1541    -96.138198852539062  17.394357681274414  72.022613525390625
1542    -95.931739807128906  17.973207473754883  71.858047485351562
1543    -103.48089599609375  24.508975982666016  25.003894805908203
1544    -103.40346527099609  24.515079498291016  27.094396591186523
1545    -103.158447265625  24.53172492980957  31.543336868286133
1546    -102.90760040283203  24.550870895385742  30.541549682617188
1547    -103.47117614746094  25.483966827392578  25
1548    -103.36824035644531  25.418285369873047  26.988086700439453
1549    -103.706298828125  25.694311141967773  26.712268829345703
1550    -102.94633483886719  25.483348846435547  30.562854766845703
1551    -102.77105712890625  25.492624282836914  29.985744476318359
1552    -102.78380584716797  24.877052307128906  30.004802703857422
1553    -103.17340087890625  25.475460052490234  31.535959243774414
1554    -103.42372894287109  26.430717468261719  24.999998092651367
1555    -103.67150115966797  26.664911270141602  25.522897720336914
1556    -103.51797485351562  26.423532485961914  26.424686431884766
1557    -102.92849731445312  26.391086578369141  26.866510391235352
1558    -102.86167907714844  26.224355697631836  30.550407409667969
1559    -102.74703979492188  26.016462326049805  30.029546737670898
1560    -102.93145751953125  26.510160446166992  31.474760055541992
1561    -103.20133972167969  27.259008407592773  25.523433685302734
1562    -103.08906555175781  27.122825622558594  25.029962539672852
1563    -103.02249145507812  27.089166641235352  26.420190811157227
1564    -102.77754211425781  26.878379821777344  26.834476470947266
1565    -102.49503326416016  24.505819320678711  25.001224517822266
1566    -102.26946258544922  24.587724685668945  27.4033203125
1567    -102.04143524169922  24.604520797729492  28.498161315917969
1568    -102.56533813476562  24.567893981933594  29.630989074707031
1569    -102.70725250244141  24.267189025878906  30.223962783813477
1570    -102.49491119384766  25.496557235717773  25
1571    -102.26444244384766  25.46192741394043  27.411884307861328
1572    -102.21380615234375  25.502786636352539  28.512716293334961
1573    -102.58794403076172  25.499729156494141  29.486412048339844
1574    -102.47998046875  26.480792999267578  24.999998092651367
1575    -102.26850891113281  26.384977340698242  27.351274490356445
1576    -102.17332458496094  26.433439254760742  28.505374908447266
1577    -102.54334259033203  26.375949859619141  29.636772155761719
1578    -102.70420074462891  26.691455841064453  30.551673889160156
1579    -102.72119140625  26.853452682495117  31.121492385864258
1580    -102.44896697998047  27.45063591003418  25
1581    -102.75215911865234  27.759525299072266  25.528675079345703
1582    -102.61647033691406  27.570175170898438  26.433971405029297
1583    -102.06816864013672  27.278724670410156  27.321319580078125
1584    -101.92743682861328  27.464941024780273  28.482318878173828
1585    -102.14495086669922  27.391403198242188  29.548717498779297
1586    -102.36775207519531  27.376266479492188  30.540529251098633
1587    -102.56580352783203  27.312387466430664  31.466056823730469
1588    -102.77122497558594  26.926967620849609  31.762811660766602
1589    -102.24761962890625  28.241491317749023  25.535348892211914
1590    -102.11497497558594  28.107782363891602  25.041784286499023
1591    -102.10641479492188  28.148567199707031  26.447017669677734
1592    -101.83967590332031  27.939142227172852  27.176633834838867
1593    -101.83803558349609  27.939735412597656  29.532472610473633
1594    -101.76770782470703  27.884424209594727  28.828390121459961
1595    -101.94566345214844  28.015829086303711  30.524711608886719
1596    -102.00611877441406  28.05107307434082  31.51446533203125
1597    -101.49935150146484  24.501182556152344  25.00054931640625
1598    -101.50009918212891  25.500572204589844  25
1599    -101.49584197998047  26.495737075805664  25
1600    -101.48088073730469  27.48078727722168  25.000001907348633
1601    -101.71625518798828  27.801523208618164  28.116523742675781
1602    -101.72666931152344  27.79936408996582  27.905008316040039
1603    -101.44821929931641  28.441511154174805  25.000001907348633
1604    -101.69109344482422  28.684429168701172  25.554422378540039
1605    -101.63399505615234  28.623733520507812  26.460653305053711
1606    -101.51692199707031  28.306819915771484  27.517980575561523
1607    -101.4769287109375  28.255374908447266  28.481201171875
1608    -101.47323608398438  28.439599990844727  29.512601852416992
1609    -101.46991729736328  28.493503570556641  30.51092529296875
1610    -101.48876190185547  28.532962799072266  31.508382797241211
1611    -101.22550201416016  29.106903076171875  25.551342010498047
1612    -101.11579132080078  29.033731460571289  25.045175552368164
1613    -101.16600036621094  29.077022552490234  26.476947784423828
1614    -101.013916015625  28.978902816772461  27.462812423706055
1615    -100.95999145507812  28.923641204833984  28.48866081237793
1616    -100.98094177246094  28.907793045043945  29.497415542602539
1617    -100.98674774169922  28.869230270385742  30.498090744018555
1618    -101.00321197509766  28.853115081787109  31.504388809204102
1619    -100.50065612792969  24.500591278076172  25.001510620117188
1620    -100.50081634521484  25.500280380249023  25.006521224975586
1621    -100.50083160400391  26.500253677368164  25
1622    -100.4962158203125  27.495904922485352  25
1623    -100.48519897460938  28.471052169799805  25
1624    -100.45925140380859  29.228500366210938  25
1625    -100.40818786621094  29.655683517456055  25.505783081054688
1626    -100.49786376953125  29.578266143798828  26.487888336181641
1627    -100.29425048828125  29.516735076904297  27.468378067016602
1628    -100.37537384033203  29.362146377563477  28.478023529052734
1629    -100.38449859619141  29.275173187255859  29.480329513549805
1630    -100.40639495849609  29.211219787597656  30.487045288085938
1631    -100.40555572509766  29.155508041381836  31.500667572021484
1632    -100.01218414306641  29.803678512573242  26.488775253295898
1633    -100.02969360351562  29.838613510131836  25.789987564086914
1634    -99.92388916015625  29.752017974853516  27.129043579101562
1635    -99.501167297363281  24.500667572021484  25.003995895385742
1636    -99.500999450683594  25.500234603881836  25.005319595336914
1637    -99.501167297363281  26.500120162963867  25.012239456176758
1638    -99.501380920410156  27.500434875488281  25.0050048828125
1639    -99.494949340820312  28.48460578918457  24.999998092651367
1640    -99.525154113769531  29.500894546508789  24.999998092651367
1641    -99.832275390625  29.748876571655273  25.243930816650391
1642    -99.677947998046875  29.69366455078125  28.468059539794922
1643    -99.808609008789062  29.709136962890625  27.796920776367188
1644    -99.402557373046875  29.633792877197266  29.448984146118164
1645    -99.451850891113281  29.496725082397461  30.47722053527832
1646    -99.443321228027344  29.389795303344727  31.504037857055664
1647    -99.501167297363281  29.987607955932617  25.512941360473633
1648    -99.208518981933594  29.902534484863281  25.112144470214844
1649    -99.440261840820312  30.002311706542969  26.490888595581055
1650    -99.484886169433594  29.868658065795898  27.466707229614258
1651    -99.215797424316406  29.790502548217773  28.463476181030273
1652    -99.068153381347656  29.738704681396484  29.094413757324219
1653    -98.500762939453125  24.501028060913086  25.006565093994141
1654    -98.500404357910156  25.500398635864258  25.003660202026367
1655    -98.500564575195312  26.499652862548828  25.013713836669922
1656    -98.501350402832031  27.499893188476562  25.01795768737793
1657    -98.497627258300781  28.494501113891602  25.01280403137207
1658    -98.490966796875  29.464035034179688  25.000934600830078
1659    -98.513442993164062  29.548685073852539  30.476367950439453
1660    -98.514022827148438  29.686040878295898  29.608791351318359
1661    -98.498954772949219  29.412525177001953  31.526250839233398
1662    -98.485572814941406  29.995359420776367  25.032608032226562
1663    -98.483901977539062  30.193973541259766  25.538351058959961
1664    -98.481681823730469  30.177797317504883  26.486381530761719
1665    -98.490867614746094  30.038314819335938  27.460447311401367
1666    -98.499801635742188  29.866737365722656  28.460865020751953
1667    -98.508216857910156  29.764976501464844  29.107515335083008
1668    -97.5003662109375  24.501459121704102  25.009134292602539
1669    -97.500137329101562  25.500589370727539  25.017688751220703
1670    -97.500144958496094  26.499336242675781  25.010080337524414
1671    -97.500579833984375  27.498994827270508  25.022109985351562
1672    -97.505043029785156  28.494630813598633  25.023653030395508
1673    -97.510528564453125  29.463529586791992  25.020580291748047
1674    -97.584236145019531  29.302566528320312  30.485614776611328
1675    -97.65142822265625  29.577138900756836  29.393571853637695
1676    -97.567390441894531  29.283943176269531  31.576808929443359
1677    -97.515350341796875  29.981168746948242  25.051494598388672
1678    -97.515884399414062  30.227521896362305  25.529678344726562
1679    -97.532951354980469  30.17503547668457  26.479038238525391
1680    -97.503303527832031  29.925544738769531  27.498422622680664
1681    -97.837875366210938  29.781002044677734  28.447210311889648
1682    -97.385032653808594  29.640531539916992  28.436723709106445
1683    -97.191970825195312  29.698177337646484  27.84538459777832
1684    -98.010772705078125  29.728744506835938  29.011064529418945
1685    -96.51177978515625  24.508071899414062  25.011568069458008
1686    -96.503326416015625  25.503137588500977  25.031579971313477
1687    -96.500404357910156  26.499679565429688  25.006458282470703
1688    -96.501380920410156  27.49726676940918  25.018465042114258
1689    -96.51116943359375  28.482948303222656  25.028060913085938
1690    -96.463813781738281  29.509550094604492  25.029558181762695
1691    -96.630630493164062  29.288581848144531  28.440855026245117
1692    -96.635063171386719  29.543315887451172  27.46833610534668
1693    -96.554542541503906  29.032581329345703  29.488502502441406
1694    -96.708702087402344  28.941793441772461  30.499303817749023
1695    -96.277198791503906  28.668550491333008  30.516141891479492
1696    -96.210456848144531  28.744256973266602  29.855892181396484
1697    -96.553497314453125  29.019216537475586  31.55500602722168
1698    -96.230453491210938  28.694869995117188  31.149206161499023
1699    -96.744712829589844  29.946065902709961  25.068553924560547
1700    -96.489585876464844  29.958261489868164  25.499227523803711
1701    -96.164817810058594  29.756082534790039  25.234128952026367
1702    -96.581993103027344  29.914113998413086  26.429420471191406
1703    -96.921783447265625  29.812887191772461  27.180147171020508
1704    -96.298919677734375  29.679254531860352  26.698513031005859
1705    -103.2672119140625  24.523225784301758  32.517959594726562
1706    -103.28693389892578  24.512556076049805  33.490970611572266
1707    -103.18772888183594  24.505977630615234  34.462467193603516
1708    -102.98368835449219  24.50218391418457  35.439739227294922
1709    -102.81114959716797  24.499914169311523  36.036205291748047
1710    -103.25701904296875  25.468116760253906  32.508026123046875
1711    -103.22235870361328  25.460220336914062  33.483482360839844
1712    -103.09545135498047  25.455606460571289  34.456863403320312
1713    -102.88214874267578  25.457021713256836  35.466781616210938
1714    -102.76832580566406  25.13825798034668  35.981266021728516
1715    -103.00539398193359  26.421352386474609  32.503093719482422
1716    -102.94463348388672  26.515590667724609  33.565013885498047
1717    -102.88443756103516  26.286554336547852  34.454586029052734
1718    -102.80426025390625  26.082231521606445  35.160411834716797
1719    -102.7940673828125  26.953441619873047  32.500499725341797
1720    -102.77828216552734  26.925647735595703  33.292377471923828
1721    -102.59925842285156  24.499544143676758  36.508445739746094
1722    -102.18289947509766  24.500577926635742  37.379550933837891
1723    -101.84829711914062  24.503087997436523  37.95806884765625
1724    -102.59732055664062  25.456747055053711  36.354118347167969
1725    -102.70677185058594  25.761234283447266  35.797290802001953
1726    -102.04488372802734  25.508501052856445  37.472827911376953
1727    -101.80160522460938  25.224441528320312  37.915058135986328
1728    -102.70320892333984  26.752317428588867  34.447605133056641
1729    -102.73336029052734  26.862070083618164  33.936241149902344
1730    -102.60054779052734  26.397932052612305  35.460205078125
1731    -102.25321960449219  26.409519195556641  36.407245635986328
1732    -101.91790008544922  26.414314270019531  37.143028259277344
1733    -102.53230285644531  27.447238922119141  32.499679565429688
1734    -102.55158996582031  27.295417785644531  33.562835693359375
1735    -102.36412048339844  27.365886688232422  34.454917907714844
1736    -102.07725524902344  27.419137954711914  35.428760528564453
1737    -101.90861511230469  27.075639724731445  36.407585144042969
1738    -101.77317047119141  26.8868408203125  36.904548645019531
1739    -102.03319549560547  28.072231292724609  32.499691009521484
1740    -102.00163269042969  28.045377731323242  33.480060577392578
1741    -101.92355346679688  27.968254089355469  34.459259033203125
1742    -101.83613586425781  27.878734588623047  35.098731994628906
1743    -101.49900817871094  24.506540298461914  38.443584442138672
1744    -100.99681091308594  24.508825302124023  39.075031280517578
1745    -101.51041412353516  25.507987976074219  38.290042877197266
1746    -101.74379730224609  25.846746444702148  37.825046539306641
1747    -100.95467376708984  25.460542678833008  39.030185699462891
1748    -101.66639709472656  26.411788940429688  37.630378723144531
1749    -101.13812255859375  26.416919708251953  38.4017333984375
1750    -100.86530303955078  26.101779937744141  38.924076080322266
1751    -101.58138275146484  27.545177459716797  36.405509948730469
1752    -101.72364807128906  27.747846603393555  35.743534088134766
1753    -101.26507568359375  27.327783584594727  37.3411865234375
1754    -100.96572875976562  27.133977890014648  38.107936859130859
1755    -101.51320648193359  28.545944213867188  32.500782012939453
1756    -101.50106048583984  28.528118133544922  33.4844970703125
1757    -101.42243194580078  28.445554733276367  34.464103698730469
1758    -101.29993438720703  28.314302444458008  35.419281005859375
1759    -101.11830139160156  28.153600692749023  36.422321319580078
1760    -100.92431640625  27.968816757202148  37.127536773681641
1761    -101.03162384033203  28.872137069702148  32.503623962402344
1762    -101.01737213134766  28.87922477722168  33.489883422851562
1763    -100.94197082519531  28.849214553833008  34.471225738525391
1764    -100.85874176025391  28.795505523681641  35.089435577392578
1765    -100.50290679931641  24.507030487060547  39.569206237792969
1766    -100.47327423095703  25.474123001098633  39.550704956054688
1767    -100.33916473388672  26.456623077392578  39.338607788085938
1768    -100.68093109130859  26.74949836730957  38.762035369873047
1769    -100.51654815673828  27.437149047851562  38.43975830078125
1770    -100.71820831298828  27.75724983215332  37.775196075439453
1771    -99.586875915527344  27.427516937255859  39.508872985839844
1772    -100.61065673828125  28.614215850830078  36.42364501953125
1773    -100.75332641601562  28.72960090637207  35.7354736328125
1774    -100.31006622314453  28.358367919921875  37.494235992431641
1775    -99.725868225097656  28.322231292724609  38.428703308105469
1776    -100.05420684814453  28.43317985534668  39.640224456787109
1777    -100.40409088134766  29.196504592895508  32.509822845458984
1778    -100.39109802246094  29.226625442504883  33.50201416015625
1779    -100.37889862060547  29.192047119140625  34.483219146728516
1780    -100.41445922851562  29.02497673034668  35.438148498535156
1781    -100.12828063964844  28.972225189208984  36.442325592041016
1782    -99.910835266113281  28.850603103637695  37.208225250244141
1783    -100.10416412353516  29.484922409057617  39.510360717773438
1784    -99.577415466308594  29.09101676940918  38.903217315673828
1785    -99.5321044921875  28.701187133789062  38.110214233398438
1786    -99.641548156738281  28.715312957763672  37.921558380126953
1787    -99.434188842773438  29.481437683105469  32.525764465332031
1788    -99.358840942382812  29.610889434814453  33.502090454101562
1789    -99.502281188964844  29.604866027832031  34.492946624755859
1790    -99.435302734375  29.556093215942383  35.473941802978516
1791    -99.34234619140625  29.452640533447266  36.476688385009766
1792    -99.26641845703125  29.118871688842773  37.595909118652344
1793    -99.358871459960938  29.320552825927734  38.621585845947266
1794    -99.744346618652344  29.815589904785156  39.152050018310547
1795    -99.0125732421875  29.766349792480469  34.503952026367188
1796    -98.992599487304688  29.753227233886719  33.824611663818359
1797    -98.935043334960938  29.761993408203125  35.49505615234375
1798    -98.768478393554688  29.69304084777832  36.530315399169922
1799    -98.605598449707031  29.809803009033203  37.662425994873047
1800    -99.109466552734375  30.403484344482422  38.550651550292969
1801    -99.610336303710938  30.397884368896484  39.480342864990234
1802    -99.965187072753906  30.073579788208008  39.781021118164062
1803    -99.0947265625  31.023696899414062  39.521907806396484
1804    -98.93280029296875  30.949552536010742  38.825286865234375
1805    -98.508766174316406  29.63545036315918  32.555202484130859
1806    -98.83770751953125  29.697511672973633  33.182048797607422
1807    -98.481269836425781  29.819789886474609  33.525852203369141
1808    -98.198188781738281  29.766016006469727  32.904796600341797
1809    -98.420944213867188  29.942985534667969  34.524024963378906
1810    -98.368568420410156  29.954097747802734  35.532356262207031
1811    -97.995376586914062  29.987970352172852  36.762702941894531
1812    -98.468399047851562  30.457344055175781  37.644359588623047
1813    -98.736656188964844  30.749011993408203  38.201637268066406
1814    -98.076339721679688  31.360925674438477  37.626506805419922
1815    -97.850814819335938  30.978860855102539  37.063377380371094
1816    -98.469223022460938  31.342817306518555  38.495201110839844
1817    -98.267066955566406  31.487245559692383  39.421970367431641
1818    -97.514015197753906  29.630643844604492  32.360363006591797
1819    -97.487953186035156  29.830259323120117  32.846721649169922
1820    -97.462661743164062  30.012250900268555  33.566093444824219
1821    -97.419227600097656  30.191425323486328  34.564304351806641
1822    -97.193321228027344  30.288650512695312  35.669399261474609
1823    -97.451591491699219  30.458835601806641  36.480422973632812
1824    -97.311767578125  31.411029815673828  36.604381561279297
1825    -96.8643798828125  31.127641677856445  36.005805969238281
1826    -97.729743957519531  31.673097610473633  37.347049713134766
1827    -96.536758422851562  29.595260620117188  32.436702728271484
1828    -96.505302429199219  29.848485946655273  32.929130554199219
1829    -96.467552185058594  30.094154357910156  33.607280731201172
1830    -96.328338623046875  30.363662719726562  34.749385833740234
1831    -96.514083862304688  30.459692001342773  35.452770233154297
1832    -96.492263793945312  31.422702789306641  35.678050994873047
1833    -95.907905578613281  31.321451187133789  35.151302337646484
1834    -96.773323059082031  31.823312759399414  36.181400299072266
1835    -102.37663269042969  26.553747177124023  44.542804718017578
1836    -102.07893371582031  26.509265899658203  43.514408111572266
1837    -101.88917541503906  26.053825378417969  43.833240509033203
1838    -102.02855682373047  25.902402877807617  44.551746368408203
1839    -102.56444549560547  26.545881271362305  45.525112152099609
1840    -102.18067932128906  25.738897323608398  45.527469635009766
1841    -102.62207794189453  26.542264938354492  46.505550384521484
1842    -102.27377319335938  25.641227722167969  46.508594512939453
1843    -102.60567474365234  26.532142639160156  47.483844757080078
1844    -102.26110076904297  25.621620178222656  47.496185302734375
1845    -102.23823547363281  27.487512588500977  43.549476623535156
1846    -101.95977783203125  27.507265090942383  42.597599029541016
1847    -101.93993377685547  26.799768447875977  42.770420074462891
1848    -102.41797637939453  27.466325759887695  44.53436279296875
1849    -102.5052490234375  27.442014694213867  45.513210296630859
1850    -102.51331329345703  27.425451278686523  46.493721008300781
1851    -102.46495819091797  27.423328399658203  47.480018615722656
1852    -102.02716064453125  28.385444641113281  43.528560638427734
1853    -101.87997436523438  28.22907829284668  42.731788635253906
1854    -102.12854766845703  28.36445426940918  44.505073547363281
1855    -102.15048217773438  28.277448654174805  45.491420745849609
1856    -102.11214447021484  28.174161911010742  46.480602264404297
1857    -102.04709625244141  28.070182800292969  47.472152709960938
1858    -100.68800354003906  24.892557144165039  45.602817535400391
1859    -100.65560913085938  24.677907943725586  44.624893188476562
1860    -100.80140686035156  24.896289825439453  46.550891876220703
1861    -100.79560852050781  24.842653274536133  47.622268676757812
1862    -101.41622161865234  25.530946731567383  44.598484039306641
1863    -101.15707397460938  25.777805328369141  43.612697601318359
1864    -100.57366943359375  24.986671447753906  43.967250823974609
1865    -101.58696746826172  25.368869781494141  45.552570343017578
1866    -101.69554138183594  25.264945983886719  46.519851684570312
1867    -101.72286224365234  25.224075317382812  47.509956359863281
1868    -101.73884582519531  26.227910995483398  43.205928802490234
1869    -101.47506713867188  26.481931686401367  42.460159301757812
1870    -100.96725463867188  26.013288497924805  42.898189544677734
1871    -101.47916412353516  27.53282356262207  41.587291717529297
1872    -100.95957946777344  27.553083419799805  40.942508697509766
1873    -100.75803375244141  27.132072448730469  41.169902801513672
1874    -101.053955078125  26.87761116027832  41.635669708251953
1875    -101.76449584960938  27.529773712158203  42.14007568359375
1876    -101.40972900390625  28.452243804931641  41.598350524902344
1877    -101.00765228271484  28.487537384033203  40.780410766601562
1878    -101.71379089355469  28.486391067504883  42.466098785400391
1879    -101.76868438720703  28.797893524169922  43.517047882080078
1880    -101.74714660644531  28.756200790405273  44.481815338134766
1881    -101.65341949462891  28.683231353759766  45.471298217773438
1882    -101.52907562255859  28.590229034423828  46.466678619384766
1883    -101.25979614257812  28.509647369384766  47.532669067382812
1884    -101.06581115722656  29.302871704101562  41.553073883056641
1885    -100.88496398925781  29.139965057373047  40.883819580078125
1886    -101.25991058349609  29.326597213745117  42.517082214355469
1887    -101.32572937011719  29.192226409912109  43.492790222167969
1888    -101.29263305664062  29.049453735351562  44.471347808837891
1889    -101.15108489990234  28.916900634765625  45.465423583984375
1890    -100.96054077148438  28.787059783935547  46.457630157470703
1891    -100.79853820800781  28.686883926391602  47.236557006835938
1892    -100.02234649658203  24.499483108520508  40.423084259033203
1893    -100.22444152832031  24.504764556884766  41.54144287109375
1894    -100.41670227050781  24.523517608642578  42.570022583007812
1895    -100.58632659912109  24.507652282714844  43.550521850585938
1896    -100.67395782470703  24.112920761108398  44.207603454589844
1897    -99.891311645507812  25.514169692993164  40.455768585205078
1898    -100.07184600830078  25.57994270324707  41.618415832519531
1899    -100.26171875  25.703998565673828  42.681613922119141
1900    -100.45037078857422  25.293474197387695  43.304187774658203
1901    -99.600837707519531  26.809114456176758  40.803188323974609
1902    -100.35731506347656  26.490581512451172  41.728786468505859
1903    -100.61982727050781  26.262287139892578  42.25689697265625
1904    -100.33740997314453  27.571857452392578  40.494476318359375
1905    -100.70010375976562  28.496726989746094  40.270832061767578
1906    -100.62446594238281  29.439653396606445  40.556476593017578
1907    -100.75548553466797  29.744499206542969  41.532321929931641
1908    -100.73367309570312  29.731452941894531  42.490787506103516
1909    -100.61088562011719  29.607032775878906  43.469814300537109
1910    -100.46134948730469  29.451040267944336  44.458889007568359
1911    -100.31416320800781  29.308620452880859  45.458953857421875
1912    -100.26611328125  29.264898300170898  46.465373992919922
1913    -100.27110290527344  29.074737548828125  47.517963409423828
1914    -100.67010498046875  28.622188568115234  47.894218444824219
1915    -100.17107391357422  30.202411651611328  40.539703369140625
1916    -100.30032348632812  30.151615142822266  41.506149291992188
1917    -100.24817657470703  30.002481460571289  42.483726501464844
1918    -100.03679656982422  29.910243988037109  43.484840393066406
1919    -99.869781494140625  29.984498977661133  44.489227294921875
1920    -99.896270751953125  30.137542724609375  45.491687774658203
1921    -99.898773193359375  30.170385360717773  46.490188598632812
1922    -99.876976013183594  30.119781494140625  47.477737426757812
1923    -99.603118896484375  30.662895202636719  40.516460418701172
1924    -99.502487182617188  30.54313850402832  41.493606567382812
1925    -99.388778686523438  30.385595321655273  42.504020690917969
1926    -99.4774169921875  30.485153198242188  43.526012420654297
1927    -99.574165344238281  30.59507942199707  44.521087646484375
1928    -99.652908325195312  30.671693801879883  45.504447937011719
1929    -99.658348083496094  30.682083129882812  46.49285888671875
1930    -99.624900817871094  30.627477645874023  47.478633880615234
1931    -99.091690063476562  30.917722702026367  40.505817413330078
1932    -98.894607543945312  30.747587203979492  41.524147033691406
1933    -98.88983154296875  30.996763229370117  42.549835205078125
1934    -99.009201049804688  31.395963668823242  43.583061218261719
1935    -99.214607238769531  31.37071418762207  44.523761749267578
1936    -99.271949768066406  31.357381820678711  45.507865905761719
1937    -99.270271301269531  31.355201721191406  46.49334716796875
1938    -99.205047607421875  31.35099983215332  47.480232238769531
1939    -98.085304260253906  31.214845657348633  40.612457275390625
1940    -98.32244873046875  31.320070266723633  41.575447082519531
1941    -98.580345153808594  31.579151153564453  42.566619873046875
1942    -98.711174011230469  31.74055290222168  43.297309875488281
1943    -97.614501953125  31.553607940673828  40.329086303710938
1944    -97.668411254882812  31.579450607299805  39.694679260253906
1945    -103.41568756103516  24.156396865844727  49.922733306884766
1946    -103.40042114257812  24.596572875976562  50.419570922851562
1947    -103.40489196777344  24.869253158569336  50.870765686035156
1948    -103.42427062988281  25.137237548828125  51.57183837890625
1949    -103.44669342041016  25.319637298583984  52.519798278808594
1950    -103.47423553466797  25.303617477416992  53.458896636962891
1951    -103.49366760253906  25.073068618774414  54.411701202392578
1952    -103.50414276123047  24.825157165527344  54.994968414306641
1953    -103.50822448730469  24.539318084716797  55.475578308105469
1954    -102.17475891113281  24.392807006835938  49.798587799072266
1955    -101.77314758300781  24.162637710571289  49.334053039550781
1956    -102.71402740478516  24.68809700012207  50.316741943359375
1957    -102.01747894287109  25.015090942382812  50.681407928466797
1958    -101.67051696777344  25.424692153930664  49.601444244384766
1959    -102.29812622070312  25.290544509887695  51.561084747314453
1960    -102.49640655517578  25.395786285400391  52.473384857177734
1961    -102.32976531982422  25.361007690429688  53.346729278564453
1962    -102.44988250732422  25.069160461425781  54.382373809814453
1963    -102.47386932373047  24.806339263916016  54.945175170898438
1964    -102.49700164794922  24.511745452880859  55.443744659423828
1965    -102.52654266357422  26.517099380493164  48.476264953613281
1966    -102.14482116699219  25.631906509399414  48.495151519775391
1967    -102.31546783447266  26.488376617431641  49.477153778076172
1968    -102.08486175537109  26.435796737670898  50.481681823730469
1969    -101.73892211914062  26.3338623046875  51.486080169677734
1970    -101.31804656982422  25.546901702880859  52.261611938476562
1971    -101.48842620849609  25.458017349243164  52.754253387451172
1972    -102.36199188232422  27.430154800415039  48.471649169921875
1973    -102.20191192626953  27.441656112670898  49.467613220214844
1974    -101.95463562011719  27.424097061157227  50.373588562011719
1975    -101.85536193847656  27.094024658203125  51.186561584472656
1976    -101.96634674072266  27.974027633666992  48.46490478515625
1977    -101.86347198486328  27.877605438232422  49.455448150634766
1978    -101.79124450683594  27.816238403320312  49.977558135986328
1979    -100.63446807861328  24.763662338256836  49.124584197998047
1980    -100.9442138671875  24.99969482421875  49.6436767578125
1981    -101.62804412841797  25.245412826538086  48.524761199951172
1982    -101.39881134033203  25.208623886108398  49.256961822509766
1983    -101.1009521484375  25.207267761230469  54.192115783691406
1984    -101.45244598388672  25.385520935058594  53.507534027099609
1985    -101.32737731933594  24.881942749023438  54.870586395263672
1986    -101.43624114990234  24.485113143920898  55.456295013427734
1987    -101.50083160400391  26.575342178344727  52.372997283935547
1988    -101.67105865478516  26.781888961791992  51.82415771484375
1989    -101.11282348632812  26.124015808105469  53.190944671630859
1990    -100.8538818359375  26.340480804443359  54.085323333740234
1991    -101.62393951416016  27.400611877441406  51.489582061767578
1992    -101.70849609375  27.698871612548828  50.635021209716797
1993    -101.21791076660156  27.497804641723633  52.543819427490234
1994    -100.99185180664062  27.205568313598633  53.411235809326172
1995    -100.82549285888672  26.967351913452148  53.981414794921875
1996    -101.34052276611328  28.356378555297852  48.460475921630859
1997    -101.36238861083984  28.214420318603516  49.464164733886719
1998    -101.38034057617188  28.034374237060547  50.37060546875
1999    -101.09413146972656  28.001062393188477  51.442234039306641
2000    -100.92896270751953  27.895612716674805  52.266323089599609
2001    -99.9556884765625  25.128393173217773  54.825557708740234
2002    -100.43955993652344  25.628900527954102  54.542625427246094
2003    -100.55381011962891  24.516923904418945  55.434360504150391
2004    -100.63642883300781  26.387075424194336  54.61895751953125
2005    -100.25273895263672  26.425443649291992  55.37689208984375
2006    -100.67981719970703  27.663923263549805  53.410999298095703
2007    -100.79457092285156  27.79612922668457  52.902194976806641
2008    -100.38533020019531  27.413589477539062  54.416946411132812
2009    -99.999320983886719  27.078248977661133  55.384757995605469
2010    -100.60498809814453  28.574859619140625  48.431941986083984
2011    -100.49472045898438  28.483896255493164  49.425609588623047
2012    -100.40484619140625  28.406944274902344  50.412487030029297
2013    -100.17224884033203  28.376825332641602  51.461086273193359
2014    -100.42018890380859  28.105127334594727  52.5167236328125
2015    -100.20433044433594  28.005220413208008  53.418254852294922
2016    -99.963798522949219  27.878452301025391  54.107597351074219
2017    -100.11861419677734  29.214435577392578  48.436649322509766
2018    -99.912857055664062  29.304378509521484  49.418422698974609
2019    -99.796493530273438  28.984962463378906  50.387344360351562
2020    -99.673355102539062  28.779335021972656  51.135360717773438
2021    -99.827957153320312  30.007375717163086  48.464485168457031
2022    -99.771759033203125  29.906373977661133  49.107883453369141
2023    -99.412452697753906  27.544151306152344  55.387439727783203
2024    -99.724739074707031  27.726678848266602  54.743007659912109
2025    -99.548439025878906  28.565038681030273  52.371719360351562
2026    -99.595405578613281  28.62449836730957  51.801589965820312
2027    -99.344108581542969  28.376932144165039  53.347675323486328
2028    -99.199432373046875  28.119953155517578  54.266605377197266
2029    -99.037216186523438  27.852556228637695  54.997238159179688
2030    -99.59930419921875  29.651453018188477  50.429237365722656
2031    -99.705734252929688  29.794462203979492  49.764961242675781
2032    -99.454872131347656  29.274412155151367  51.460159301757812
2033    -99.164024353027344  29.322183609008789  52.386302947998047
2034    -98.848594665527344  29.246793746948242  53.288616180419922
2035    -98.761268615722656  28.82823371887207  53.862224578857422
2036    -99.588302612304688  30.522193908691406  48.468490600585938
2037    -99.541313171386719  30.301149368286133  49.447921752929688
2038    -99.305374145507812  30.37242317199707  50.445522308349609
2039    -99.030364990234375  30.445112228393555  51.470287322998047
2040    -98.886039733886719  30.110681533813477  52.413009643554688
2041    -98.776985168457031  29.90730094909668  52.932502746582031
2042    -99.047645568847656  31.440725326538086  48.501155853271484
2043    -99.016983032226562  31.252412796020508  49.457015991210938
2044    -98.922256469726562  31.09712028503418  50.445243835449219
2045    -98.822479248046875  30.954090118408203  51.157680511474609
2046    -98.137733459472656  28.189876556396484  55.268108367919922
2047    -98.503395080566406  28.510787963867188  54.489688873291016
2048    -98.655487060546875  27.638523101806641  55.634792327880859
2049    -98.253692626953125  29.317035675048828  54.323017120361328
2050    -98.625114440917969  29.577470779418945  53.580665588378906
2051    -97.912788391113281  29.095878601074219  55.107101440429688
2052    -98.627189636230469  30.598827362060547  52.411323547363281
2053    -98.726829528808594  30.789886474609375  51.806838989257812
2054    -98.314201354980469  30.377695083618164  53.391677856445312
2055    -97.984489440917969  30.167490005493164  54.122627258300781
2056    -98.689697265625  31.724830627441406  49.452651977539062
2057    -98.748908996582031  31.807701110839844  48.848316192626953
2058    -98.597991943359375  31.581756591796875  50.444038391113281
2059    -98.4852294921875  31.302978515625  51.460781097412109
2060    -98.09075927734375  31.357240676879883  52.360122680664062
2061    -97.942459106445312  31.0369873046875  53.167953491210938
2062    -97.570220947265625  29.407564163208008  55.409717559814453
2063    -97.701225280761719  29.753620147705078  54.762821197509766
2064    -97.718421936035156  28.763051986694336  55.747695922851562
2065    -97.566642761230469  30.432998657226562  54.414493560791016
2066    -97.758071899414062  30.797611236572266  53.807064056396484
2067    -97.010185241699219  30.298831939697266  55.282337188720703
2068    -97.519660949707031  31.357954025268555  53.451385498046875
2069    -97.68353271484375  31.689699172973633  52.653781890869141
2070    -97.015068054199219  31.260461807250977  54.261756896972656
2071    -96.786323547363281  30.830434799194336  54.873218536376953
2072    -96.189064025878906  31.196010589599609  55.214382171630859
2073    -96.548027038574219  31.540191650390625  54.529575347900391
2074    -96.614028930664062  30.610063552856445  55.583625793457031
2075    -103.51215362548828  24.067625045776367  56.073661804199219
2076    -102.50986480712891  24.03685188293457  56.024696350097656
2077    -101.47920989990234  24.022846221923828  55.956836700439453
2078    -100.2392578125  24.283243179321289  55.805126190185547
2079    -99.889152526855469  25.420969009399414  56.023414611816406
2080    -99.88604736328125  26.425861358642578  55.998477935791016
2081    -99.80596923828125  26.862730026245117  55.847850799560547
2082    -99.251663208007812  24.453496932983398  56.239170074462891
2083    -99.127944946289062  24.50377082824707  57.382759094238281
2084    -98.834548950195312  24.498037338256836  57.925392150878906
2085    -99.641281127929688  25.464752197265625  56.615463256835938
2086    -99.123085021972656  25.44416618347168  57.417263031005859
2087    -98.826438903808594  25.105289459228516  57.884906768798828
2088    -99.406402587890625  26.509119033813477  56.584861755371094
2089    -99.091194152832031  26.237039566040039  57.130702972412109
2090    -99.370567321777344  27.032703399658203  56.114608764648438
2091    -98.482185363769531  24.482553482055664  58.429622650146484
2092    -97.973472595214844  24.453037261962891  59.008895874023438
2093    -98.340972900390625  25.362215042114258  58.277091979980469
2094    -98.736831665039062  25.704607009887695  57.749687194824219
2095    -97.897262573242188  24.977951049804688  58.867961883544922
2096    -98.500129699707031  26.460746765136719  57.402008056640625
2097    -98.83502197265625  26.808197021484375  56.804088592529297
2098    -98.114616394042969  26.026412963867188  57.977519989013672
2099    -98.406600952148438  27.300380706787109  56.370639801025391
2100    -98.171989440917969  26.957981109619141  56.956809997558594
2101    -97.870529174804688  27.959009170532227  55.870933532714844
2102    -97.355720520019531  24.492412567138672  59.553474426269531
2103    -97.015907287597656  24.21113395690918  59.993423461914062
2104    -97.373321533203125  25.169328689575195  59.099105834960938
2105    -97.37103271484375  25.6488037109375  58.655727386474609
2106    -97.246177673339844  26.267858505249023  58.020984649658203
2107    -97.597015380859375  26.606775283813477  57.558658599853516
2108    -97.166336059570312  27.285192489624023  57.230499267578125
2109    -97.58056640625  27.593645095825195  56.574176788330078
2110    -96.84405517578125  27.044086456298828  57.789993286132812
2111    -97.500442504882812  28.410390853881836  56.332481384277344
2112    -96.992500305175781  28.397502899169922  57.119243621826172
2113    -97.064048767089844  29.34037971496582  56.338375091552734
2114    -96.851165771484375  28.978218078613281  56.923484802246094
2115    -96.875953674316406  29.958963394165039  55.978057861328125
2116    -96.430206298828125  24.434980392456055  60.325946807861328
2117    -96.814437866210938  24.80738639831543  59.769664764404297
2118    -96.012428283691406  24.015533447265625  60.943019866943359
2119    -96.421432495117188  25.3291015625  59.264102935791016
2120    -96.751495361328125  25.743122100830078  58.654865264892578
2121    -96.134544372558594  24.931503295898438  59.883895874023438
2122    -96.512092590332031  26.288301467895508  58.449905395507812
2123    -96.0479736328125  26.355381011962891  58.920177459716797
2124    -96.445663452148438  27.446048736572266  58.269744873046875
2125    -96.735328674316406  27.792095184326172  57.747642517089844
2126    -95.901321411132812  27.426755905151367  58.914077758789062
2127    -96.627250671386719  28.401813507080078  57.6136474609375
2128    -96.064582824707031  28.30769157409668  58.3099365234375
2129    -95.806381225585938  27.920726776123047  58.813438415527344
2130    -96.303993225097656  29.344261169433594  57.320632934570312
2131    -96.635231018066406  29.621740341186523  56.631301879882812
2132    -95.939094543457031  29.039257049560547  57.965957641601562
2133    -96.316131591796875  30.341115951538086  56.349578857421875
2134    -95.976272583007812  30.036348342895508  57.024517059326172
2135    -95.954338073730469  30.969402313232422  56.034957885742188
2136    -97.890716552734375  31.820224761962891  38.51043701171875
2137    -97.855659484863281  31.820892333984375  37.963851928710938
2138    -97.854255676269531  31.752254486083984  39.026817321777344
2139    -97.42919921875  32.101280212402344  37.582229614257812
2140    -97.085914611816406  32.069503784179688  36.763809204101562
2141    -97.409133911132812  32.057735443115234  38.499141693115234
2142    -97.252021789550781  31.771295547485352  39.45062255859375
2143    -96.080070495605469  32.287338256835938  35.674793243408203
2144    -95.810935974121094  31.895397186279297  35.190582275390625
2145    -96.611434936523438  32.421714782714844  36.463935852050781
2146    -96.367225646972656  32.613140106201172  37.551864624023438
2147    -96.210700988769531  32.379016876220703  38.485252380371094
2148    -96.486335754394531  32.452938079833984  39.591594696044922
2149    -96.025703430175781  32.898216247558594  36.5262451171875
2150    -95.90966796875  32.862861633300781  36.00311279296875
2151    -96.002265930175781  32.822929382324219  37.240753173828125
2152    -96.035491943359375  33.066352844238281  39.600898742675781
2153    -95.791053771972656  32.743083953857422  38.867679595947266
2154    -98.823699951171875  31.917776107788086  44.527244567871094
2155    -98.786361694335938  31.870407104492188  43.949073791503906
2156    -98.869735717773438  31.969539642333984  45.507125854492188
2157    -98.858322143554688  31.957620620727539  46.492687225341797
2158    -98.820365905761719  31.91021728515625  47.480514526367188
2159    -97.913932800292969  32.001014709472656  41.579513549804688
2160    -97.77899169921875  31.786689758300781  41.035606384277344
2161    -98.066886901855469  32.374027252197266  42.621379852294922
2162    -98.439285278320312  32.268165588378906  43.587650299072266
2163    -98.464645385742188  32.417922973632812  44.523487091064453
2164    -98.479873657226562  32.4508056640625  45.506847381591797
2165    -98.486106872558594  32.451202392578125  46.493206024169922
2166    -98.446640014648438  32.401721954345703  47.480350494384766
2167    -97.873809814453125  32.914974212646484  43.546730041503906
2168    -97.805564880371094  32.843364715576172  42.987133026123047
2169    -97.958427429199219  33.007026672363281  44.524673461914062
2170    -97.979408264160156  33.034965515136719  45.50750732421875
2171    -97.989425659179688  33.046237945556641  46.493701934814453
2172    -97.9598388671875  33.012630462646484  47.479934692382812
2173    -97.270584106445312  32.233814239501953  40.639358520507812
2174    -97.5487060546875  32.510879516601562  41.588504791259766
2175    -97.702980041503906  32.717658996582031  42.335685729980469
2176    -97.068275451660156  33.122890472412109  41.583168029785156
2177    -96.905723571777344  32.947105407714844  40.915172576904297
2178    -97.281524658203125  33.300861358642578  42.619094848632812
2179    -97.418472290039062  33.412673950195312  43.541282653808594
2180    -97.501083374023438  33.500644683837891  44.523857116699219
2181    -97.540885925292969  33.536705017089844  45.507698059082031
2182    -97.545463562011719  33.541145324707031  46.493831634521484
2183    -97.503608703613281  33.501949310302734  47.478775024414062
2184    -96.919403076171875  33.896266937255859  43.541732788085938
2185    -96.846885681152344  33.831523895263672  42.908161163330078
2186    -97.000045776367188  33.968666076660156  44.525459289550781
2187    -97.047340393066406  34.013504028320312  45.508216857910156
2188    -97.04608154296875  34.011219024658203  46.492782592773438
2189    -97.015281677246094  33.978378295898438  47.476924896240234
2190    -96.704605102539062  32.693988800048828  40.25213623046875
2191    -96.336372375488281  33.362331390380859  40.549434661865234
2192    -96.605781555175781  33.604541778564453  41.583103179931641
2193    -96.737663269042969  33.735065460205078  42.258998870849609
2194    -96.113487243652344  34.055656433105469  41.576988220214844
2195    -95.933944702148438  33.914813995361328  40.8487548828125
2196    -96.379859924316406  34.140995025634766  42.570690155029297
2197    -96.255355834960938  34.455101013183594  43.499641418457031
2198    -96.452690124511719  34.479419708251953  44.523200988769531
2199    -96.490707397460938  34.510971069335938  45.507686614990234
2200    -96.486373901367188  34.506027221679688  46.491889953613281
2201    -96.438819885253906  34.471218109130859  47.475357055664062
2202    -95.953254699707031  34.871036529541016  44.523281097412109
2203    -95.881034851074219  34.813789367675781  43.80023193359375
2204    -96.004791259765625  34.911815643310547  45.506427764892578
2205    -95.995925903320312  34.894176483154297  46.490497589111328
2206    -95.952400207519531  34.861942291259766  47.474521636962891
2207    -98.794647216796875  31.870328903198242  48.193355560302734
2208    -98.461540222167969  32.249229431152344  48.499649047851562
2209    -98.161964416503906  32.409233093261719  49.485355377197266
2210    -98.099403381347656  32.189823150634766  50.438369750976562
2211    -97.951057434082031  31.998754501342773  51.425300598144531
2212    -97.828620910644531  31.860565185546875  51.997726440429688
2213    -97.895370483398438  32.935062408447266  48.464874267578125
2214    -97.836494445800781  32.863212585449219  49.174766540527344
2215    -97.661598205566406  32.666851043701172  50.430625915527344
2216    -97.761070251464844  32.775627136230469  49.828479766845703
2217    -97.4881591796875  32.485080718994141  51.421348571777344
2218    -97.282341003417969  32.283702850341797  52.333946228027344
2219    -96.969375610351562  31.972908020019531  53.379188537597656
2220    -96.813209533691406  31.817115783691406  53.864662170410156
2221    -97.442970275878906  33.444736480712891  48.466922760009766
2222    -97.323890686035156  33.319774627685547  49.495731353759766
2223    -97.183036804199219  33.168216705322266  50.43109130859375
2224    -97.002120971679688  32.983203887939453  51.420486450195312
2225    -96.859931945800781  32.840629577636719  52.002555847167969
2226    -96.938003540039062  33.90301513671875  48.462577819824219
2227    -96.862258911132812  33.833477020263672  49.158119201660156
2228    -96.35308837890625  32.524612426757812  53.458362579345703
2229    -96.689826965332031  32.685298919677734  52.660133361816406
2230    -96.267234802246094  32.039890289306641  54.268238067626953
2231    -95.810150146484375  31.788385391235352  54.878360748291016
2232    -96.654281616210938  33.650524139404297  50.426513671875
2233    -96.775550842285156  33.754707336425781  49.81134033203125
2234    -96.324005126953125  33.529228210449219  51.504150390625
2235    -96.348777770996094  33.117805480957031  52.358551025390625
2236    -96.038238525390625  32.963100433349609  53.182567596435547
2237    -96.273231506347656  34.477603912353516  48.485546112060547
2238    -96.408622741699219  34.141841888427734  49.470741271972656
2239    -96.171188354492188  34.045467376708984  50.42767333984375
2240    -95.996139526367188  33.908821105957031  51.235038757324219
2241    -95.881195068359375  34.804630279541016  48.164901733398438
2242    -95.692489624023438  5.2801485061645508  54.562004089355469
2243    -95.394401550292969  5.5714125633239746  53.772567749023438
2244    -95.009757995605469  5.185664176940918  54.0302734375
2245    -95.142936706542969  5.2660284042358398  54.584171295166016
2246    -95.735237121582031  5.4900474548339844  55.563774108886719
2247    -95.27386474609375  5.2552099227905273  55.557598114013672
2248    -95.305496215820312  6.4609732627868652  53.4349365234375
2249    -95.417915344238281  7.4999260902404785  53.483505249023438
2250    -94.932258605957031  7.4925632476806641  53.231540679931641
2251    -94.934051513671875  6.7026286125183105  53.216808319091797
2252    -94.367584228515625  5.2140340805053711  54.606178283691406
2253    -94.334365844726562  5.1055355072021484  53.646572113037109
2254    -94.41680908203125  4.7347187995910645  55.546627044677734
2255    -94.689537048339844  5.5736455917358398  53.300949096679688
2256    -94.167678833007812  5.5879592895507812  53.069561004638672
2257    -93.915046691894531  5.2066249847412109  53.178268432617188
2258    -94.850555419921875  6.1098928451538086  53.252456665039062
2259    -94.502731323242188  6.4439301490783691  53.019195556640625
2260    -94.395713806152344  7.4876465797424316  53.027317047119141
2261    -93.452919006347656  4.941643238067627  53.558750152587891
2262    -93.434608459472656  5.1049246788024902  53.055809020996094
2263    -93.40472412109375  4.7806415557861328  54.597835540771484
2264    -93.430130004882812  4.3734354972839355  55.506175994873047
2265    -93.440032958984375  5.567751407623291  52.770229339599609
2266    -93.422264099121094  6.5198245048522949  52.621395111083984
2267    -93.41925048828125  7.4845643043518066  52.683025360107422
2268    -92.421592712402344  4.8200101852416992  53.621055603027344
2269    -92.457221984863281  4.9346513748168945  52.852790832519531
2270    -92.49359130859375  4.4148898124694824  54.579811096191406
2271    -92.854141235351562  4.2804322242736816  55.164897918701172
2272    -92.212181091308594  4.1717009544372559  54.904121398925781
2273    -92.50390625  4.0865917205810547  55.49566650390625
2274    -93.113243103027344  4.1951642036437988  55.782997131347656
2275    -92.351570129394531  5.6688413619995117  52.427738189697266
2276    -92.335113525390625  6.6045651435852051  52.363712310791016
2277    -91.947174072265625  6.3391170501708984  52.286590576171875
2278    -91.942214965820312  6.0299806594848633  52.285549163818359
2279    -92.435020446777344  7.4778141975402832  52.440250396728516
2280    -91.462486267089844  3.8312251567840576  55.539134979248047
2281    -91.377296447753906  4.1008501052856445  54.570144653320312
2282    -91.349502563476562  4.6186552047729492  53.765472412109375
2283    -91.477546691894531  4.808568000793457  52.680156707763672
2284    -91.635269165039062  4.3401303291320801  54.255741119384766
2285    -90.991256713867188  4.2903909683227539  54.095222473144531
2286    -91.457984924316406  5.4112644195556641  52.298099517822266
2287    -91.463584899902344  5.8510537147521973  52.209163665771484
2288    -91.562919616699219  6.5947704315185547  52.227119445800781
2289    -91.944900512695312  6.9765052795410156  52.294719696044922
2290    -91.758575439453125  7.4737129211425781  52.31390380859375
2291    -91.270851135253906  7.474250316619873  52.254158020019531
2292    -90.478614807128906  3.9825119972229004  54.579891204833984
2293    -90.476570129394531  4.2633733749389648  54.042121887207031
2294    -90.475761413574219  3.7469637393951416  55.545265197753906
2295    -90.469207763671875  4.5817866325378418  53.624027252197266
2296    -90.409164428710938  4.8224849700927734  52.490207672119141
2297    -90.661041259765625  5.231623649597168  52.260379791259766
2298    -90.4007568359375  5.5103697776794434  52.144561767578125
2299    -90.016548156738281  5.1661968231201172  52.249294281005859
2300    -90.482330322265625  6.5037922859191895  52.08172607421875
2301    -90.480331420898438  7.4732275009155273  52.182968139648438
2302    -89.501655578613281  3.9379534721374512  54.583019256591797
2303    -89.502311706542969  4.2569985389709473  54.003765106201172
2304    -89.500404357910156  3.6754915714263916  55.541591644287109
2305    -89.500198364257812  4.7161960601806641  52.551319122314453
2306    -89.500740051269531  5.1522679328918457  52.238494873046875
2307    -89.503646850585938  4.5938005447387695  53.592300415039062
2308    -89.503768920898438  5.5348014831542969  52.114273071289062
2309    -89.507438659667969  6.5035266876220703  52.070026397705078
2310    -89.507736206054688  7.4754323959350586  52.139896392822266
2311    -88.464637756347656  4.0521235466003418  54.499034881591797
2312    -88.749313354492188  4.2688679695129395  54.040809631347656
2313    -88.52264404296875  3.7083055973052979  55.542190551757812
2314    -88.584930419921875  4.8143868446350098  52.519569396972656
2315    -88.978187561035156  5.1464905738830566  52.239608764648438
2316    -88.47735595703125  4.5357789993286133  53.735012054443359
2317    -88.108070373535156  4.312739372253418  54.131282806396484
2318    -88.605903625488281  5.6104855537414551  52.172805786132812
2319    -88.337532043457031  5.36700439453125  52.271518707275391
2320    -88.532157897949219  6.5026669502258301  52.152812957763672
2321    -88.536590576171875  7.4658222198486328  52.232639312744141
2322    -95.424369812011719  2.5409188270568848  59.514110565185547
2323    -95.440742492675781  2.8425827026367188  58.887252807617188
2324    -95.388099670410156  2.90413498878479  60.420555114746094
2325    -95.480705261230469  3.7407839298248291  58.518234252929688
2326    -95.701766967773438  3.3293507099151611  60.715980529785156
2327    -95.284957885742188  3.6675066947937012  61.322341918945312
2328    -95.021263122558594  3.1795849800109863  61.007518768310547
2329    -95.355621337890625  3.8515141010284424  62.451774597167969
2330    -95.365486145019531  3.9020094871520996  63.481338500976562
2331    -95.246826171875  5.0258512496948242  58.051170349121094
2332    -95.493820190429688  5.0018658638000488  56.515480041503906
2333    -95.805877685546875  4.3530001640319824  58.403373718261719
2334    -95.053634643554688  4.4594297409057617  58.462364196777344
2335    -95.838478088378906  5.3684759140014648  56.126533508300781
2336    -94.777076721191406  2.2243285179138184  59.523262023925781
2337    -94.475616455078125  2.567265510559082  58.879234313964844
2338    -94.125579833984375  2.1244359016418457  59.099544525146484
2339    -94.283027648925781  2.0195903778076172  59.523941040039062
2340    -94.455703735351562  2.3857817649841309  60.458480834960938
2341    -94.172477722167969  2.0971198081970215  60.188735961914062
2342    -94.297698974609375  3.0945825576782227  61.318744659423828
2343    -94.433090209960938  3.5711543560028076  58.600982666015625
2344    -94.267913818359375  4.6824741363525391  58.462631225585938
2345    -94.682281494140625  3.387270450592041  61.730770111083984
2346    -94.559738159179688  3.4594841003417969  62.443904876708984
2347    -94.105850219726562  3.1027572154998779  62.453044891357422
2348    -94.490043640136719  3.488426685333252  63.475959777832031
2349    -94.013435363769531  3.1813383102416992  63.475658416748047
2350    -94.415229797363281  4.5480599403381348  56.556118011474609
2351    -94.366470336914062  4.5685248374938965  57.396518707275391
2352    -93.442558288574219  1.671378493309021  59.524662017822266
2353    -93.445915222167969  1.9902544021606445  59.061119079589844
2354    -93.44964599609375  1.8993730545043945  60.474357604980469
2355    -93.476654052734375  2.6291546821594238  58.83758544921875
2356    -93.779632568359375  2.2917506694793701  60.777641296386719
2357    -93.365776062011719  2.6342637538909912  61.303447723388672
2358    -93.109519958496094  2.1771507263183594  60.989265441894531
2359    -93.395950317382812  2.8187661170959473  62.445365905761719
2360    -93.396125793457031  2.9214057922363281  63.47283935546875
2361    -93.458320617675781  3.6792054176330566  58.696250915527344
2362    -93.415496826171875  4.3564925193786621  57.723564147949219
2363    -93.716163635253906  4.3114838600158691  56.546859741210938
2364    -93.23455810546875  4.1581230163574219  56.539764404296875
2365    -93.787849426269531  4.3497209548950195  57.160991668701172
2366    -92.644485473632812  1.3054352998733521  59.528663635253906
2367    -92.385566711425781  1.6243182420730591  59.025104522705078
2368    -91.974700927734375  1.1608730554580688  59.141384124755859
2369    -92.128265380859375  1.0787738561630249  59.525390625
2370    -92.429481506347656  1.4267033338546753  60.428440093994141
2371    -92.101165771484375  1.1385095119476318  60.127666473388672
2372    -92.295318603515625  2.0993447303771973  61.310989379882812
2373    -92.480247497558594  2.6037747859954834  58.777259826660156
2374    -92.593856811523438  2.4224674701690674  61.684181213378906
2375    -92.331535339355469  2.4858467578887939  62.366558074951172
2376    -91.912376403808594  2.3515808582305908  61.909557342529297
2377    -92.4259033203125  2.5902516841888428  63.471195220947266
2378    -92.447402954101562  3.9864273071289062  56.531612396240234
2379    -92.441246032714844  4.1266193389892578  57.677982330322266
2380    -92.473869323730469  3.7687320709228516  58.762855529785156
2381    -91.426116943359375  0.78558313846588135  59.517398834228516
2382    -91.428871154785156  0.99044913053512573  59.041427612304688
2383    -91.387435913085938  0.99431771039962769  60.424320220947266
2384    -91.458221435546875  1.567426323890686  58.878837585449219
2385    -91.685554504394531  1.3080974817276001  60.716499328613281
2386    -91.365936279296875  1.6553819179534912  61.24871826171875
2387    -91.030982971191406  1.1941970586776733  60.887016296386719
2388    -91.331680297851562  2.2684016227722168  62.315299987792969
2389    -91.481010437011719  2.5788064002990723  58.772281646728516
2390    -91.637962341308594  2.3501896858215332  62.679065704345703
2391    -91.3717041015625  2.3605730533599854  63.420364379882812
2392    -90.98126220703125  2.2886290550231934  63.034027099609375
2393    -91.464744567871094  3.7939453125  56.515674591064453
2394    -91.471611022949219  3.9532845020294189  57.594970703125
2395    -91.489990234375  3.834740161895752  58.8353271484375
2396    -90.341728210449219  0.3288804292678833  59.481666564941406
2397    -90.368179321289062  0.57305729389190674  58.895626068115234
2398    -90.44952392578125  0.63924533128738403  60.414379119873047
2399    -90.452362060546875  1.079712986946106  60.995704650878906
2400    -90.475349426269531  1.5472216606140137  58.709583282470703
2401    -90.449234008789062  1.5415204763412476  61.469062805175781
2402    -90.438789367675781  2.125274658203125  62.341503143310547
2403    -90.446800231933594  2.2478780746459961  63.405815124511719
2404    -90.493682861328125  2.5520422458648682  58.76275634765625
2405    -90.758216857910156  2.3059015274047852  63.725605010986328
2406    -90.480712890625  3.6961028575897217  56.503669738769531
2407    -90.488746643066406  3.8593621253967285  57.553413391113281
2408    -90.505882263183594  3.897007942199707  58.887836456298828
2409    -89.500755310058594  0.5067828893661499  58.691448211669922
2410    -89.503395080566406  0.19722993671894073  59.683925628662109
2411    -89.501106262207031  0.47371125221252441  60.418533325195312
2412    -89.498619079589844  0.99728405475616455  61.078784942626953
2413    -89.51544189453125  1.5267894268035889  58.624649047851562
2414    -89.5  1.4912073612213135  61.544788360595703
2415    -89.511741638183594  2.0979404449462891  62.313629150390625
2416    -89.481292724609375  2.2352514266967773  63.513851165771484
2417    -89.52252197265625  2.5386083126068115  58.768550872802734
2418    -89.501480102539062  3.6509344577789307  56.496910095214844
2419    -89.508857727050781  3.8100225925445557  57.533668518066406
2420    -89.560127258300781  3.9869825839996338  58.966766357421875
2421    -88.645462036132812  0.61705303192138672  58.946990966796875
2422    -88.649246215820312  0.33986270427703857  59.506175994873047
2423    -88.555503845214844  0.64947342872619629  60.423007965087891
2424    -88.543533325195312  1.0726372003555298  61.009998321533203
2425    -88.555007934570312  1.5351287126541138  58.850212097167969
2426    -88.548698425292969  1.5369786024093628  61.473102569580078
2427    -88.59130859375  2.201953649520874  62.371856689453125
2428    -88.907913208007812  2.2648289203643799  63.207313537597656
2429    -88.539749145507812  2.5508408546447754  58.879764556884766
2430    -88.259559631347656  2.3453271389007568  62.832862854003906
2431    -88.567283630371094  2.3413877487182617  63.518650054931641
2432    -89.144050598144531  2.2933051586151123  63.903430938720703
2433    -88.520484924316406  3.6541218757629395  56.496356964111328
2434    -88.5233154296875  3.8250837326049805  57.526519775390625
2435    -88.598968505859375  4.100893497467041  59.044658660888672
2436    -95.450668334960938  4.0541467666625977  64.543601989746094
2437    -95.850486755371094  4.2652831077575684  64.918510437011719
2438    -95.739395141601562  4.3296823501586914  65.456275939941406
2439    -95.232994079589844  4.0791382789611816  65.45904541015625
2440    -95.548576354980469  4.4911642074584961  66.44781494140625
2441    -95.092926025390625  4.1121854782104492  66.461563110351562
2442    -95.487312316894531  4.4316396713256836  67.461143493652344
2443    -95.000160217285156  4.1269874572753906  67.461257934570312
2444    -95.283912658691406  4.5325813293457031  68.345596313476562
2445    -94.868293762207031  4.2677278518676758  67.950424194335938
2446    -95.37188720703125  4.9711136817932129  69.384101867675781
2447    -95.689476013183594  5.3070731163024902  69.692359924316406
2448    -95.430717468261719  5.6346139907836914  70.402557373046875
2449    -95.032844543457031  5.1468701362609863  69.984733581542969
2450    -95.786582946777344  6.2322292327880859  70.770599365234375
2451    -95.443061828613281  6.5957117080688477  71.372879028320312
2452    -95.150032043457031  5.9976310729980469  71.012702941894531
2453    -95.715499877929688  7.2804050445556641  71.702445983886719
2454    -94.396690368652344  3.5460817813873291  64.46612548828125
2455    -93.939704895019531  3.2203679084777832  64.4715576171875
2456    -94.265701293945312  3.5466187000274658  65.369735717773438
2457    -93.880912780761719  3.2681064605712891  64.976554870605469
2458    -94.400802612304688  3.6669163703918457  66.468482971191406
2459    -94.398216247558594  3.8537380695343018  67.451370239257812
2460    -94.381523132324219  4.1136236190795898  68.336387634277344
2461    -94.709281921386719  4.2940068244934082  68.6102294921875
2462    -94.387466430664062  4.4788947105407715  69.372940063476562
2463    -94.046310424804688  4.2006301879882812  69.032096862792969
2464    -94.327445983886719  5.0105867385864258  70.335655212402344
2465    -94.606132507324219  5.3454866409301758  70.641166687011719
2466    -94.295387268066406  5.7365579605102539  71.265228271484375
2467    -93.949935913085938  5.1961994171142578  70.856094360351562
2468    -94.627616882324219  6.3454484939575195  71.656478881835938
2469    -93.405364990234375  3.0107936859130859  64.470008850097656
2470    -93.42205810546875  3.1388845443725586  65.370552062988281
2471    -93.750144958496094  3.3248105049133301  65.639198303222656
2472    -93.600242614746094  3.3626213073730469  66.458114624023438
2473    -93.114059448242188  3.1768465042114258  66.456893920898438
2474    -93.346946716308594  3.4515647888183594  67.401466369628906
2475    -92.980072021484375  3.249722957611084  67.048408508300781
2476    -93.415939331054688  3.7456169128417969  68.420303344726562
2477    -93.351593017578125  4.0917463302612305  69.375350952148438
2478    -93.63031005859375  4.3190922737121582  69.680160522460938
2479    -93.353843688964844  4.5693774223327637  70.283454895019531
2480    -92.97369384765625  4.2372212409973145  69.891334533691406
2481    -93.422439575195312  5.0788750648498535  70.997451782226562
2482    -93.419380187988281  5.5196390151977539  71.472991943359375
2483    -92.424514770507812  2.6974332332611084  64.468986511230469
2484    -92.426765441894531  2.8151633739471436  65.463729858398438
2485    -92.425491333007812  2.9804339408874512  66.452285766601562
2486    -92.41064453125  3.1475749015808105  67.402053833007812
2487    -92.716827392578125  3.3171319961547852  67.69879150390625
2488    -92.413497924804688  3.4193854331970215  68.379058837890625
2489    -92.066665649414062  3.2337336540222168  68.023445129394531
2490    -92.444725036621094  3.8186321258544922  69.40106201171875
2491    -92.443008422851562  4.1506586074829102  70.017257690429688
2492    -92.448440551757812  4.4209928512573242  70.5118408203125
2493    -92.444282531738281  4.9241394996643066  71.193923950195312
2494    -92.440376281738281  5.338442325592041  71.667228698730469
2495    -91.449676513671875  2.4656178951263428  64.4693603515625
2496    -91.448677062988281  2.5992875099182129  65.460227966308594
2497    -91.45233154296875  2.7424733638763428  66.45086669921875
2498    -91.456100463867188  2.9452981948852539  67.435508728027344
2499    -91.457839965820312  3.1611621379852295  68.204605102539062
2500    -91.458915710449219  3.3176207542419434  68.692276000976562
2501    -91.458526611328125  3.6386516094207764  69.379226684570312
2502    -91.465126037597656  4.0384268760681152  70.187690734863281
2503    -91.462997436523438  4.3554096221923828  70.655487060546875
2504    -91.436080932617188  4.8914752006530762  71.407058715820312
2505    -91.736465454101562  5.2488179206848145  71.762504577636719
2506    -90.454856872558594  2.337125301361084  64.423736572265625
2507    -90.117233276367188  2.2793495655059814  64.063064575195312
2508    -90.482307434082031  2.4580216407775879  65.46026611328125
2509    -90.484428405761719  2.61783766746521  66.448432922363281
2510    -90.486846923828125  2.8297538757324219  67.432273864746094
2511    -90.488304138183594  3.094618558883667  68.366477966308594
2512    -90.486732482910156  3.2807130813598633  68.841850280761719
2513    -90.48779296875  3.510831356048584  69.384506225585938
2514    -90.487884521484375  3.9891197681427002  70.2696533203125
2515    -90.487266540527344  4.296135425567627  70.743820190429688
2516    -90.489875793457031  4.7304887771606445  71.341415405273438
2517    -89.781150817871094  2.2740073204040527  64.062240600585938
2518    -89.48431396484375  2.3197691440582275  64.421234130859375
2519    -89.517463684082031  2.4613144397735596  65.457992553710938
2520    -89.51910400390625  2.6278929710388184  66.446517944335938
2521    -89.518821716308594  2.8395628929138184  67.433273315429688
2522    -89.519233703613281  3.1217989921569824  68.345687866210938
2523    -89.519187927246094  3.2896335124969482  68.826309204101562
2524    -89.517059326171875  3.5355513095855713  69.377525329589844
2525    -89.514045715332031  3.9945774078369141  70.271720886230469
2526    -89.513908386230469  4.303159236907959  70.740478515625
2527    -89.511802673339844  4.7535624504089355  71.322708129882812
2528    -88.548576354980469  2.4446585178375244  64.463119506835938
2529    -88.550445556640625  2.5960149765014648  65.454566955566406
2530    -88.551498413085938  2.7738218307495117  66.442588806152344
2531    -88.547454833984375  2.9832775592803955  67.433143615722656
2532    -88.5487060546875  3.1923179626464844  68.149696350097656
2533    -88.548957824707031  3.3505051136016846  68.635093688964844
2534    -88.544235229492188  3.654979944229126  69.386054992675781
2535    -88.539878845214844  4.0585718154907227  70.177581787109375
2536    -88.537162780761719  4.3439903259277344  70.660591125488281
2537    -88.566543579101562  4.8914327621459961  71.4117431640625
2538    -95.400276184082031  7.5968532562255859  72.164527893066406
2539    -95.074356079101562  6.9907059669494629  71.920539855957031
2540    -94.344886779785156  6.6546716690063477  72.077072143554688
2541    -93.97906494140625  6.1373248100280762  71.836647033691406
2542    -94.487037658691406  7.5752177238464355  72.630615234375
2543    -93.420913696289062  5.9991154670715332  71.961624145507812
2544    -93.447959899902344  6.6888613700866699  72.485321044921875
2545    -93.788856506347656  7.220548152923584  72.727058410644531
2546    -93.455032348632812  7.5625710487365723  73.079116821289062
2547    -93.142829895019531  7.0345373153686523  72.845016479492188
2548    -94.224571228027344  7.8608951568603516  72.90875244140625
2549    -92.440170288085938  5.8186302185058594  72.128456115722656
2550    -92.439460754394531  6.3916592597961426  72.616920471191406
2551    -92.440864562988281  6.8707442283630371  72.965202331542969
2552    -92.362739562988281  7.7172050476074219  73.478752136230469
2553    -91.434539794921875  5.6033649444580078  72.184059143066406
2554    -91.089508056640625  5.1947412490844727  71.823379516601562
2555    -91.461708068847656  6.2285218238830566  72.742271423339844
2556    -91.461700439453125  6.7130951881408691  73.060638427734375
2557    -91.463859558105469  7.5290913581848145  73.558677673339844
2558    -91.463851928710938  8.0147628784179688  73.808700561523438
2559    -91.982879638671875  8.1111993789672852  73.741142272949219
2560    -90.490325927734375  5.1810026168823242  71.839241027832031
2561    -90.565773010253906  5.7764458656311035  72.428886413574219
2562    -90.936714172363281  6.1883673667907715  72.763664245605469
2563    -90.564697265625  6.5552253723144531  73.051048278808594
2564    -90.292304992675781  6.1697978973388672  72.780044555664062
2565    -90.4874267578125  7.4246182441711426  73.603080749511719
2566    -90.485923767089844  7.9135794639587402  73.848472595214844
2567    -89.510223388671875  5.1819367408752441  71.837783813476562
2568    -89.472091674804688  5.7621827125549316  72.439559936523438
2569    -89.773666381835938  6.1603856086730957  72.791755676269531
2570    -89.125770568847656  6.1926350593566895  72.760955810546875
2571    -89.474075317382812  6.5565123558044434  73.054336547851562
2572    -89.512763977050781  7.4315404891967773  73.594284057617188
2573    -89.512588500976562  7.915097713470459  73.850074768066406
2574    -88.914154052734375  5.1954922676086426  71.822303771972656
2575    -88.266242980957031  5.2469916343688965  71.765396118164062
2576    -88.564651489257812  5.5977201461791992  72.188468933105469
2577    -88.534446716308594  6.2326183319091797  72.738319396972656
2578    -88.533119201660156  6.7099709510803223  73.062545776367188
2579    -88.530624389648438  7.5095458030700684  73.569190979003906
2580    -88.532974243164062  8.0035476684570312  73.815216064453125
2581    -94.387931823730469  15.405832290649414  38.518501281738281
2582    -95.103477478027344  15.944504737854004  38.610614776611328
2583    -94.896781921386719  16.132530212402344  38.053550720214844
2584    -94.306495666503906  15.902054786682129  37.692226409912109
2585    -94.732963562011719  15.285381317138672  39.269313812255859
2586    -94.092880249023438  15.018519401550293  38.774982452392578
2587    -94.384422302246094  14.867568969726562  39.591747283935547
2588    -95.340301513671875  15.684605598449707  39.557273864746094
2589    -94.913772583007812  15.137790679931641  39.917217254638672
2590    -93.661766052246094  14.338888168334961  39.590744018554688
2591    -93.412498474121094  14.673279762268066  38.557174682617188
2592    -92.966049194335938  14.180170059204102  38.991924285888672
2593    -93.174057006835938  14.053112030029297  39.591239929199219
2594    -93.465560913085938  15.342746734619141  37.542526245117188
2595    -93.951736450195312  16.104022979736328  37.067104339599609
2596    -93.285018920898438  15.923136711120605  36.710372924804688
2597    -93.837684631347656  15.217550277709961  38.142288208007812
2598    -93.201637268066406  14.987237930297852  37.805789947509766
2599    -92.291007995605469  13.577274322509766  39.676570892333984
2600    -92.343292236328125  14.043425559997559  38.642848968505859
2601    -92.648094177246094  14.335526466369629  38.343460083007812
2602    -92.438201904296875  14.66396427154541  37.591014862060547
2603    -91.973777770996094  14.194219589233398  38.058036804199219
2604    -92.490188598632812  15.431587219238281  36.629093170166016
2605    -92.902336120605469  16.166355133056641  36.167690277099609
2606    -92.389312744140625  15.99892520904541  35.999397277832031
2607    -92.857246398925781  15.218039512634277  37.174186706542969
2608    -92.212394714355469  15.028752326965332  36.956199645996094
2609    -91.331657409667969  13.544462203979492  38.630817413330078
2610    -91.311004638671875  14.031469345092773  37.695240020751953
2611    -91.635322570800781  13.386988639831543  39.412322998046875
2612    -90.977462768554688  13.188482284545898  38.959697723388672
2613    -91.336479187011719  13.091850280761719  39.677383422851562
2614    -91.896377563476562  13.239278793334961  40.062602996826172
2615    -91.601905822753906  14.396921157836914  37.414600372314453
2616    -91.316474914550781  14.744316101074219  36.711257934570312
2617    -90.949256896972656  14.171956062316895  37.097461700439453
2618    -91.682998657226562  15.32965087890625  36.326709747314453
2619    -91.341888427734375  15.728909492492676  35.726348876953125
2620    -91.021827697753906  15.103288650512695  36.098541259765625
2621    -90.299522399902344  12.558568000793457  39.682830810546875
2622    -90.389984130859375  13.025680541992188  38.616561889648438
2623    -90.393295288085938  13.51035213470459  37.649528503417969
2624    -90.399055480957031  14.012360572814941  36.899784088134766
2625    -90.705764770507812  13.31346607208252  38.3038330078125
2626    -90.059066772460938  13.170811653137207  37.996715545654297
2627    -90.395606994628906  14.411062240600586  36.417247772216797
2628    -90.397041320800781  14.896446228027344  35.879463195800781
2629    -90.382743835449219  15.41398811340332  35.411975860595703
2630    -91.009986877441406  16.117528915405273  35.132316589355469
2631    -90.384223937988281  15.910557746887207  34.963397979736328
2632    -89.41375732421875  12.657012939453125  38.610897064208984
2633    -89.416748046875  13.052304267883301  37.782546997070312
2634    -89.414093017578125  12.342122077941895  39.358318328857422
2635    -89.415435791015625  12.16895866394043  39.85101318359375
2636    -89.904098510742188  12.262307167053223  40.078983306884766
2637    -89.4129638671875  13.321915626525879  37.301094055175781
2638    -89.449081420898438  13.818271636962891  36.584621429443359
2639    -89.783615112304688  14.264420509338379  36.241722106933594
2640    -89.480583190917969  14.652401924133301  35.641456604003906
2641    -89.133209228515625  14.116868019104004  36.059791564941406
2642    -89.822654724121094  15.230179786682129  35.235031127929688
2643    -89.443702697753906  15.659520149230957  34.688179016113281
2644    -89.171493530273438  15.055073738098145  35.063434600830078
2645    -88.508186340332031  12.387706756591797  38.595504760742188
2646    -88.527656555175781  12.902212142944336  37.52703857421875
2647    -88.885490417480469  12.277366638183594  39.130851745605469
2648    -88.237518310546875  12.176995277404785  38.902645111083984
2649    -88.516258239746094  12.013543128967285  39.502510070800781
2650    -88.523094177246094  13.43181037902832  36.655647277832031
2651    -88.418418884277344  13.991345405578613  35.895923614501953
2652    -88.908950805664062  13.247011184692383  37.158294677734375
2653    -88.255561828613281  13.146502494812012  36.991752624511719
2654    -88.415878295898438  14.404500961303711  35.406440734863281
2655    -88.415397644042969  14.888907432556152  34.890411376953125
2656    -88.415542602539062  15.407243728637695  34.398174285888672
2657    -89.065071105957031  16.087146759033203  34.151546478271484
2658    -88.417373657226562  15.896806716918945  34.005710601806641
2659    -95.462936401367188  14.521762847900391  43.544971466064453
2660    -95.356300354003906  14.67535400390625  42.470596313476562
2661    -94.871162414550781  14.184009552001953  42.894367218017578
2662    -94.975883483886719  14.092362403869629  43.547271728515625
2663    -95.571144104003906  14.427434921264648  44.530422210693359
2664    -95.078216552734375  13.997707366943359  44.534957885742188
2665    -95.623725891113281  14.38163948059082  45.520191192626953
2666    -95.153610229492188  13.910063743591309  45.520626068115234
2667    -95.659561157226562  14.346488952636719  46.514320373535156
2668    -95.180252075195312  13.880214691162109  46.513545989990234
2669    -95.690910339355469  14.315510749816895  47.50982666015625
2670    -95.206375122070312  13.86201286315918  47.507678985595703
2671    -95.559417724609375  15.434514045715332  40.571922302246094
2672    -95.063278198242188  15.011148452758789  40.575248718261719
2673    -95.724075317382812  15.28428840637207  41.563976287841797
2674    -95.246658325195312  14.847742080688477  41.562553405761719
2675    -95.797248840332031  15.214653968811035  42.059223175048828
2676    -94.26336669921875  13.551846504211426  43.579505920410156
2677    -94.4012451171875  13.913804054260254  42.562953948974609
2678    -94.448959350585938  13.504899024963379  44.538181304931641
2679    -93.877273559570312  13.218968391418457  43.932540893554688
2680    -93.959785461425781  13.157967567443848  44.541362762451172
2681    -94.548942565917969  13.436173439025879  45.525711059570312
2682    -94.070419311523438  13.066231727600098  45.527603149414062
2683    -94.605796813964844  13.392634391784668  46.514705657958984
2684    -94.122856140136719  13.020650863647461  46.516777038574219
2685    -94.629325866699219  13.375663757324219  47.507099151611328
2686    -94.144622802734375  12.999150276184082  47.508407592773438
2687    -94.3258056640625  14.466691970825195  40.503231048583984
2688    -94.638992309570312  14.364495277404785  41.567501068115234
2689    -93.983802795410156  14.141999244689941  40.787002563476562
2690    -94.163322448730469  14.00171947479248  41.564609527587891
2691    -94.759971618652344  14.276143074035645  42.233810424804688
2692    -93.369186401367188  12.788115501403809  44.542259216308594
2693    -93.421600341796875  13.009986877441406  43.581836700439453
2694    -93.358291625976562  12.633788108825684  45.533695220947266
2695    -93.282257080078125  12.471513748168945  46.473247528076172
2696    -93.425392150878906  12.49962043762207  47.510856628417969
2697    -92.905548095703125  12.234490394592285  46.774242401123047
2698    -92.936988830566406  12.213412284851074  47.515113830566406
2699    -93.315254211425781  13.488308906555176  41.560634613037109
2700    -93.438003540039062  13.90985107421875  40.510635375976562
2701    -93.607742309570312  13.38582706451416  42.566196441650391
2702    -92.955245971679688  13.203201293945312  41.888275146484375
2703    -93.13348388671875  13.094428062438965  42.560581207275391
2704    -93.769508361816406  13.289115905761719  43.2755126953125
2705    -93.816856384277344  14.25538158416748  40.133415222167969
2706    -92.394760131835938  11.92597484588623  47.516151428222656
2707    -92.486930847167969  12.052311897277832  46.475639343261719
2708    -92.365234375  12.758490562438965  42.567142486572266
2709    -92.419876098632812  13.030055046081543  41.563350677490234
2710    -92.306396484375  12.479372978210449  43.582595825195312
2711    -92.56732177734375  12.383542060852051  44.543956756591797
2712    -91.927375793457031  12.245333671569824  43.929683685302734
2713    -92.059051513671875  12.191483497619629  44.544654846191406
2714    -92.752143859863281  12.313861846923828  45.538444519042969
2715    -92.262893676757812  12.117763519287109  45.535057067871094
2716    -92.85296630859375  12.270049095153809  46.118717193603516
2717    -92.576248168945312  13.394280433654785  40.582752227783203
2718    -92.0789794921875  13.150914192199707  40.582546234130859
2719    -92.782272338867188  13.294118881225586  41.228000640869141
2720    -91.359039306640625  11.857902526855469  44.546783447265625
2721    -91.413688659667969  12.056218147277832  43.583229064941406
2722    -91.3553466796875  11.737371444702148  45.537071228027344
2723    -91.354751586914062  11.640039443969727  46.530258178710938
2724    -91.254669189453125  11.533273696899414  47.549831390380859
2725    -91.375808715820312  12.792149543762207  40.580287933349609
2726    -91.331336975097656  12.482308387756348  41.56793212890625
2727    -91.622100830078125  12.395377159118652  42.565422058105469
2728    -90.967201232910156  12.209396362304688  41.898746490478516
2729    -91.125984191894531  12.128170967102051  42.563774108886719
2730    -91.785408020019531  12.30687427520752  43.269111633300781
2731    -90.395721435546875  11.746236801147461  42.559379577636719
2732    -90.426292419433594  12.051297187805176  41.569252014160156
2733    -90.315277099609375  11.48310661315918  43.599330902099609
2734    -90.556671142578125  11.385403633117676  44.538986206054688
2735    -89.938156127929688  11.250950813293457  43.962619781494141
2736    -90.062217712402344  11.179984092712402  44.542827606201172
2737    -90.696945190429688  11.345358848571777  45.531028747558594
2738    -90.216903686523438  11.107391357421875  45.529842376708984
2739    -90.792366027832031  11.299111366271973  46.522659301757812
2740    -90.309593200683594  11.061118125915527  46.520862579345703
2741    -90.835517883300781  11.293841361999512  47.231281280517578
2742    -90.474372863769531  11.054935455322266  47.540512084960938
2743    -90.87646484375  11.288173675537109  47.893272399902344
2744    -90.564933776855469  12.385122299194336  40.575580596923828
2745    -90.078414916992188  12.166098594665527  40.572586059570312
2746    -90.771102905273438  12.312199592590332  41.239883422851562
2747    -89.419548034667969  10.948653221130371  44.542102813720703
2748    -89.423377990722656  11.134745597839355  43.598491668701172
2749    -89.415107727050781  10.813459396362305  45.531501770019531
2750    -89.413375854492188  10.715266227722168  46.522422790527344
2751    -89.412734985351562  10.634190559387207  47.514633178710938
2752    -89.412651062011719  11.939414978027344  40.580253601074219
2753    -89.406234741210938  11.645880699157715  41.576290130615234
2754    -89.419586181640625  11.37070369720459  42.508384704589844
2755    -89.743148803710938  11.320297241210938  43.304012298583984
2756    -89.096717834472656  11.207431793212891  42.803176879882812
2757    -88.43695068359375  10.880393981933594  43.554145812988281
2758    -88.493690490722656  11.101544380187988  42.507049560546875
2759    -88.439857482910156  10.699657440185547  44.543125152587891
2760    -88.438865661621094  10.566426277160645  45.534374237060547
2761    -88.437408447265625  10.452688217163086  46.526210784912109
2762    -88.369743347167969  10.374555587768555  47.483856201171875
2763    -88.432662963867188  11.648697853088379  40.585323333740234
2764    -88.485198974609375  11.373608589172363  41.550144195556641
2765    -88.84466552734375  11.289541244506836  42.149711608886719
2766    -88.201438903808594  11.215426445007324  41.858768463134766
2767    -95.282989501953125  8.4468593597412109  53.466583251953125
2768    -94.895248413085938  8.0842580795288086  53.263145446777344
2769    -95.375648498535156  9.4825639724731445  53.584018707275391
2770    -95.375602722167969  10.481793403625488  53.659961700439453
2771    -95.366767883300781  11.485439300537109  53.742050170898438
2772    -95.330764770507812  12.508864402770996  53.812747955322266
2773    -94.998703002929688  13.703551292419434  53.801021575927734
2774    -95.712913513183594  14.295086860656738  48.503078460693359
2775    -95.230316162109375  13.849652290344238  48.500785827636719
2776    -95.703994750976562  14.305776596069336  49.493335723876953
2777    -95.217048645019531  13.869198799133301  49.492767333984375
2778    -95.677742004394531  14.332571983337402  50.481365203857422
2779    -95.195045471191406  13.881752014160156  50.482799530029297
2780    -95.618461608886719  14.376801490783691  51.470119476318359
2781    -95.119392395019531  13.933881759643555  51.479476928710938
2782    -95.482772827148438  14.497889518737793  52.509426116943359
2783    -94.890724182128906  14.016811370849609  52.555202484130859
2784    -95.222808837890625  14.636275291442871  53.542594909667969
2785    -94.466842651367188  8.4408178329467773  53.127605438232422
2786    -94.83172607421875  8.750004768371582  53.295303344726562
2787    -94.768936157226562  9.4802341461181641  53.316211700439453
2788    -94.290550231933594  9.481572151184082  53.119388580322266
2789    -94.675811767578125  10.482535362243652  53.352195739746094
2790    -94.185409545898438  10.492514610290527  53.160945892333984
2791    -94.587432861328125  11.505318641662598  53.391654968261719
2792    -94.060760498046875  11.547675132751465  53.200057983398438
2793    -94.542556762695312  12.577505111694336  53.461452484130859
2794    -93.696670532226562  13.00682258605957  53.027130126953125
2795    -94.641014099121094  13.366325378417969  48.499626159667969
2796    -94.153984069824219  12.985164642333984  48.500095367431641
2797    -94.620460510253906  13.384973526000977  49.491847991943359
2798    -94.135406494140625  13.000185966491699  49.491962432861328
2799    -94.593429565429688  13.400732040405273  50.481986999511719
2800    -94.098709106445312  13.02977180480957  50.482700347900391
2801    -94.536392211914062  13.41779899597168  51.498802185058594
2802    -94.03106689453125  13.060642242431641  51.516986846923828
2803    -94.348770141601562  13.591277122497559  52.645320892333984
2804    -94.42510986328125  13.426204681396484  53.516685485839844
2805    -93.422088623046875  8.4783153533935547  52.766342163085938
2806    -93.422142028808594  9.485417366027832  52.834014892578125
2807    -93.407333374023438  10.511776924133301  52.903560638427734
2808    -93.091506958007812  11.818229675292969  52.896213531494141
2809    -93.457313537597656  12.481576919555664  48.502239227294922
2810    -92.966667175292969  12.181008338928223  48.506271362304688
2811    -93.448066711425781  12.501749038696289  49.493442535400391
2812    -92.956367492675781  12.180489540100098  49.497509002685547
2813    -93.415481567382812  12.524168014526367  50.486713409423828
2814    -92.916213989257812  12.18467903137207  50.496498107910156
2815    -93.337875366210938  12.605792045593262  51.545307159423828
2816    -92.798538208007812  12.254364967346191  51.586299896240234
2817    -93.181663513183594  12.76258373260498  52.680290222167969
2818    -92.436264038085938  8.4764108657836914  52.543056488037109
2819    -92.426490783691406  9.4957256317138672  52.623573303222656
2820    -92.276786804199219  10.611356735229492  52.651878356933594
2821    -92.3916015625  11.86522388458252  48.510299682617188
2822    -92.379005432128906  11.831222534179688  49.5052490234375
2823    -92.360946655273438  11.83046817779541  50.511631011962891
2824    -92.125106811523438  11.856293678283691  51.713661193847656
2825    -92.364509582519531  11.660995483398438  52.722625732421875
2826    -91.573371887207031  11.382734298706055  52.463119506835938
2827    -91.406196594238281  8.424992561340332  52.353126525878906
2828    -91.041900634765625  8.0458278656005859  52.285682678222656
2829    -91.357994079589844  9.5778236389160156  52.440895080566406
2830    -91.557807922363281  10.327506065368652  52.504096984863281
2831    -90.877700805664062  11.384932518005371  52.316585540771484
2832    -90.892219543457031  10.1138916015625  52.434440612792969
2833    -91.397216796875  11.52275276184082  48.519687652587891
2834    -90.901329040527344  11.284375190734863  48.519401550292969
2835    -91.512222290039062  11.421709060668945  49.513347625732422
2836    -91.008705139160156  11.207695960998535  49.517227172851562
2837    -91.554374694824219  11.387552261352539  50.532398223876953
2838    -91.07000732421875  11.143194198608398  50.547878265380859
2839    -91.531593322753906  11.47435474395752  51.332622528076172
2840    -90.480804443359375  8.2679834365844727  52.267078399658203
2841    -90.484077453613281  8.7842502593994141  52.321937561035156
2842    -90.461463928222656  9.2223615646362305  52.351253509521484
2843    -90.350730895996094  9.9442386627197266  52.386405944824219
2844    -90.396659851074219  10.978004455566406  48.512508392333984
2845    -90.397758483886719  10.925265312194824  49.512805938720703
2846    -90.403396606445312  10.894617080688477  50.550209045410156
2847    -90.219154357910156  11.020882606506348  51.858001708984375
2848    -89.506729125976562  8.4166040420532227  52.256156921386719
2849    -89.502906799316406  8.9374399185180664  52.301673889160156
2850    -89.48516845703125  9.0924663543701172  52.304615020751953
2851    -89.3819580078125  9.9818239212036133  52.321517944335938
2852    -89.414764404296875  10.59803581237793  48.510063171386719
2853    -89.422119140625  10.554075241088867  49.50714111328125
2854    -89.418159484863281  10.588254928588867  50.534622192382812
2855    -89.355598449707031  10.686983108520508  51.497734069824219
2856    -88.861686706542969  8.2441425323486328  52.276348114013672
2857    -88.529510498046875  8.5573511123657227  52.338222503662109
2858    -88.211502075195312  7.7929658889770508  52.307601928710938
2859    -88.512893676757812  9.1880159378051758  52.393520355224609
2860    -88.290489196777344  10.556936264038086  52.1435546875
2861    -88.541397094726562  10.363612174987793  48.509914398193359
2862    -88.002845764160156  10.271050453186035  47.790542602539062
2863    -88.048973083496094  10.258871078491211  48.510917663574219
2864    -88.604965209960938  10.360236167907715  49.504241943359375
2865    -88.112907409667969  10.241881370544434  49.502666473388672
2866    -88.56634521484375  10.353219985961914  50.53369140625
2867    -88.079063415527344  10.247098922729492  50.547130584716797
2868    -88.586196899414062  10.456188201904297  51.256134033203125
2869    -95.422927856445312  8.5150842666625977  72.626884460449219
2870    -95.781150817871094  9.2124395370483398  72.7259521484375
2871    -95.428474426269531  9.5488672256469727  73.048591613769531
2872    -95.146293640136719  8.7688331604003906  72.920951843261719
2873    -95.372344970703125  10.550634384155273  73.362205505371094
2874    -95.305046081542969  11.473023414611816  73.550483703613281
2875    -95.468582153320312  12.507905960083008  73.538658142089844
2876    -94.981956481933594  12.507332801818848  73.812751770019531
2877    -94.932174682617188  11.763583183288574  73.783538818359375
2878    -95.455772399902344  13.483306884765625  73.544807434082031
2879    -94.963737487792969  13.481921195983887  73.796607971191406
2880    -95.291633605957031  14.41999626159668  73.509346008300781
2881    -94.906204223632812  14.065120697021484  73.7540283203125
2882    -95.372856140136719  15.43983268737793  73.240402221679688
2883    -94.862541198730469  8.1381378173828125  72.754280090332031
2884    -94.486701965332031  8.5120773315429688  73.11181640625
2885    -94.382232666015625  9.5557947158813477  73.572242736816406
2886    -94.726676940917969  10.558175086975098  73.677841186523438
2887    -94.253578186035156  10.550798416137695  73.907112121582031
2888    -94.050125122070312  9.8630752563476562  73.801200866699219
2889    -94.849601745605469  11.11595344543457  73.72900390625
2890    -94.473388671875  11.477320671081543  73.937644958496094
2891    -94.392608642578125  12.506170272827148  74.066360473632812
2892    -94.400833129882812  13.480757713317871  74.049652099609375
2893    -94.440597534179688  14.419666290283203  73.913070678710938
2894    -94.779281616210938  14.714630126953125  73.698783874511719
2895    -94.597061157226562  15.436903953552246  73.633094787597656
2896    -94.111442565917969  15.437681198120117  73.827316284179688
2897    -93.44219970703125  8.602996826171875  73.572860717773438
2898    -93.784652709960938  9.2210102081298828  73.702316284179688
2899    -93.4498291015625  9.5517845153808594  73.935432434082031
2900    -93.141868591308594  8.9185781478881836  73.809700012207031
2901    -93.416542053222656  10.55408763885498  74.201225280761719
2902    -93.417312622070312  11.530498504638672  74.376609802246094
2903    -93.414825439453125  12.504265785217285  74.430999755859375
2904    -93.42169189453125  13.479186058044434  74.407058715820312
2905    -93.42138671875  14.458514213562012  74.281822204589844
2906    -93.418434143066406  15.434713363647461  74.057464599609375
2907    -92.630012512207031  8.2748994827270508  73.678459167480469
2908    -92.362968444824219  8.5947275161743164  73.882682800292969
2909    -92.440658569335938  9.5782546997070312  74.224647521972656
2910    -92.440505981445312  10.55449390411377  74.483116149902344
2911    -92.400062561035156  11.519782066345215  74.633941650390625
2912    -92.604019165039062  12.502935409545898  74.655967712402344
2913    -92.115585327148438  12.503067970275879  74.753028869628906
2914    -92.053886413574219  11.83266544342041  74.744544982910156
2915    -92.411003112792969  13.547109603881836  74.655784606933594
2916    -92.069175720214844  13.271138191223145  74.758316040039062
2917    -92.440376281738281  14.453638076782227  74.530952453613281
2918    -92.445892333984375  15.437556266784668  74.336524963378906
2919    -91.46380615234375  8.5989370346069336  74.063392639160156
2920    -91.46270751953125  9.5785818099975586  74.409339904785156
2921    -91.488639831542969  10.567763328552246  74.645530700683594
2922    -91.830398559570312  11.188376426696777  74.704429626464844
2923    -91.493820190429688  11.515749931335449  74.809959411621094
2924    -91.185195922851562  10.896318435668945  74.756309509277344
2925    -91.463218688964844  12.503893852233887  74.850631713867188
2926    -91.540451049804688  13.545540809631348  74.79986572265625
2927    -91.9129638671875  13.913257598876953  74.706581115722656
2928    -91.541252136230469  14.485385894775391  74.686264038085938
2929    -91.268882751464844  14.181442260742188  74.77252197265625
2930    -91.462371826171875  15.429795265197754  74.480354309082031
2931    -90.486259460449219  8.6038227081298828  74.157096862792969
2932    -90.486358642578125  9.5782184600830078  74.509368896484375
2933    -90.485809326171875  10.288027763366699  74.684547424316406
2934    -90.486907958984375  10.775195121765137  74.771331787109375
2935    -90.487983703613281  11.529609680175781  74.883071899414062
2936    -90.486869812011719  12.505010604858398  74.946182250976562
2937    -90.485206604003906  13.475334167480469  74.910903930664062
2938    -90.405136108398438  14.486205101013184  74.779090881347656
2939    -90.675941467285156  14.832924842834473  74.703277587890625
2940    -90.406288146972656  15.337828636169434  74.622322082519531
2941    -90.028190612792969  14.944806098937988  74.712692260742188
2942    -89.511856079101562  8.6019010543823242  74.162727355957031
2943    -89.511360168457031  9.5759143829345703  74.521553039550781
2944    -89.511451721191406  10.274930953979492  74.687187194824219
2945    -89.51031494140625  10.76203727722168  74.772254943847656
2946    -89.510391235351562  11.528454780578613  74.886093139648438
2947    -89.512229919433594  12.506046295166016  74.930206298828125
2948    -89.511566162109375  13.476744651794434  74.924758911132812
2949    -89.568161010742188  14.520888328552246  74.774513244628906
2950    -89.566543579101562  15.334626197814941  74.623794555664062
2951    -89.928878784179688  14.944022178649902  74.709648132324219
2952    -89.28314208984375  14.888094902038574  74.699028015136719
2953    -88.532112121582031  8.593419075012207  74.083786010742188
2954    -88.534416198730469  9.5768642425537109  74.426971435546875
2955    -88.476448059082031  10.561375617980957  74.644203186035156
2956    -88.754325866699219  10.880570411682129  74.744491577148438
2957    -88.112251281738281  11.122689247131348  74.707405090332031
2958    -88.470199584960938  11.475091934204102  74.801368713378906
2959    -88.532974243164062  12.504236221313477  74.877182006835938
2960    -88.535591125488281  13.477337837219238  74.825950622558594
2961    -88.532752990722656  14.181112289428711  74.768112182617188
2962    -88.533439636230469  14.670742988586426  74.694023132324219
2963    -88.532463073730469  15.432713508605957  74.524559020996094
2964    -95.94671630859375  22.011051177978516  31.622747421264648
2965    -96.153800964355469  22.172702789306641  31.056484222412109
2966    -95.920578002929688  22.776823043823242  25.538330078125
2967    -96.008949279785156  22.90992546081543  25.084083557128906
2968    -96.000221252441406  22.882253646850586  26.44923210144043
2969    -96.173530578613281  23.114179611206055  27.078081130981445
2970    -96.043113708496094  23.000150680541992  29.568330764770508
2971    -96.145942687988281  23.139028549194336  28.905460357666016
2972    -95.963211059570312  22.676727294921875  30.670352935791016
2973    -95.490997314453125  22.621288299560547  31.629396438598633
2974    -95.627197265625  23.661022186279297  25.054521560668945
2975    -95.429740905761719  23.516841888427734  25.535720825195312
2976    -95.496269226074219  23.68848991394043  26.488309860229492
2977    -95.922401428222656  23.669647216796875  27.447658538818359
2978    -95.861289978027344  23.613883972167969  28.534936904907227
2979    -95.514633178710938  23.728794097900391  29.61932373046875
2980    -95.439544677734375  23.530254364013672  30.590993881225586
2981    -95.351310729980469  23.35527229309082  31.276811599731445
2982    -95.121162414550781  24.0091552734375  25.534767150878906
2983    -95.197021484375  24.112581253051758  25.194179534912109
2984    -95.17071533203125  24.01963996887207  26.205968856811523
2985    -95.236045837402344  24.001665115356445  30.592212677001953
2986    -95.268447875976562  24.106010437011719  29.991733551025391
2987    -94.839492797851562  23.750871658325195  31.888246536254883
2988    -95.030555725097656  22.928438186645508  32.041652679443359
2989    -93.451522827148438  23.661249160766602  32.223457336425781
2990    -92.421524047851562  23.557088851928711  31.858037948608398
2991    -92.404304504394531  22.591461181640625  32.117843627929688
2992    -93.048080444335938  22.929250717163086  32.217453002929688
2993    -91.417152404785156  22.575626373291016  31.819124221801758
2994    -91.403610229492188  21.596567153930664  32.109539031982422
2995    -92.064132690429688  21.938430786132812  32.216659545898438
2996    -91.418968200683594  23.558605194091797  31.57630729675293
2997    -90.418014526367188  21.584133148193359  31.814142227172852
2998    -90.381828308105469  20.614978790283203  32.119026184082031
2999    -91.059188842773438  20.960973739624023  32.216609954833984
3000    -90.341835021972656  22.648883819580078  31.485977172851562
3001    -90.643257141113281  23.561029434204102  31.363040924072266
3002    -90.140571594238281  23.562582015991211  31.207523345947266
3003    -89.956871032714844  23.027370452880859  31.265914916992188
3004    -89.420562744140625  20.593860626220703  31.835935592651367
3005    -89.334152221679688  19.645502090454102  32.142559051513672
3006    -90.02667236328125  20.012447357177734  32.224388122558594
3007    -89.352500915527344  21.650299072265625  31.477771759033203
3008    -89.637382507324219  22.36918830871582  31.357406616210938
3009    -89.351112365722656  22.650459289550781  31.197015762329102
3010    -88.974952697753906  22.026493072509766  31.262725830078125
3011    -89.420066833496094  23.563140869140625  30.972713470458984
3012    -88.428817749023438  19.600650787353516  31.909610748291016
3013    -88.425239562988281  18.938823699951172  32.181453704833984
3014    -88.938446044921875  19.103609085083008  32.257225036621094
3015    -88.336013793945312  20.68452262878418  31.49262809753418
3016    -88.603889465332031  21.361980438232422  31.346672058105469
3017    -88.337135314941406  21.64753532409668  31.200916290283203
3018    -87.941619873046875  21.079273223876953  31.276845932006836
3019    -88.432373046875  22.573631286621094  30.954830169677734
3020    -88.432914733886719  23.563457489013672  30.685880661010742
3021    -95.586433410644531  16.411205291748047  38.616294860839844
3022    -95.262275695800781  16.749622344970703  37.717391967773438
3023    -95.76116943359375  16.245105743408203  39.199394226074219
3024    -95.628608703613281  17.362829208374023  37.380638122558594
3025    -95.335784912109375  17.671167373657227  36.658039093017578
3026    -94.976242065429688  17.052413940429688  37.012138366699219
3027    -95.666946411132812  18.334857940673828  36.333534240722656
3028    -95.319267272949219  18.699836730957031  35.705890655517578
3029    -95.012619018554688  18.010807037353516  36.044944763183594
3030    -95.625007629394531  19.37872314453125  35.381538391113281
3031    -95.3294677734375  19.729158401489258  34.944656372070312
3032    -94.957771301269531  19.071535110473633  35.143501281738281
3033    -95.597686767578125  21.094554901123047  33.788719177246094
3034    -96.025344848632812  21.195135116577148  33.033466339111328
3035    -95.424873352050781  20.517553329467773  34.489723205566406
3036    -95.605545043945312  21.668506622314453  32.640956878662109
3037    -95.312332153320312  21.448259353637695  33.425701141357422
3038    -95.249664306640625  22.290134429931641  32.298164367675781
3039    -94.603652954101562  16.390680313110352  37.406272888183594
3040    -94.303382873535156  16.720363616943359  36.703235626220703
3041    -94.640983581542969  17.349464416503906  36.357353210449219
3042    -94.295066833496094  17.714756011962891  35.722843170166016
3043    -93.979164123535156  17.076986312866211  36.092132568359375
3044    -94.583091735839844  18.401117324829102  35.391010284423828
3045    -94.303085327148438  18.696134567260742  34.981822967529297
3046    -93.920394897460938  18.111352920532227  35.172016143798828
3047    -94.425224304199219  19.614528656005859  34.453689575195312
3048    -94.815574645996094  20.260391235351562  34.285507202148438
3049    -94.459976196289062  20.622297286987305  33.85595703125
3050    -94.127548217773438  19.912172317504883  34.093326568603516
3051    -94.454200744628906  21.337547302246094  33.386867523193359
3052    -94.535469055175781  21.957368850708008  33.146671295166016
3053    -94.617584228515625  22.680023193359375  32.636631011962891
3054    -94.239860534667969  23.483737945556641  32.492977142333984
3055    -93.554695129394531  16.416099548339844  36.418292999267578
3056    -93.291458129882812  16.709171295166016  35.918556213378906
3057    -93.373092651367188  17.38604736328125  35.379688262939453
3058    -93.370574951171875  17.881748199462891  34.996021270751953
3059    -93.405258178710938  18.628376007080078  34.488288879394531
3060    -93.759605407714844  19.248159408569336  34.288627624511719
3061    -93.417121887207031  19.592042922973633  33.868328094482422
3062    -93.098823547363281  18.940851211547852  34.097679138183594
3063    -93.480705261230469  20.55042839050293  33.369216918945312
3064    -93.897987365722656  21.158178329467773  33.248966217041016
3065    -93.522102355957031  21.523080825805664  32.905536651611328
3066    -93.220291137695312  20.81141471862793  33.096866607666016
3067    -93.423431396484375  22.60059928894043  32.462310791015625
3068    -93.788063049316406  23.417068481445312  32.422126770019531
3069    -92.468849182128906  16.651252746582031  35.459152221679688
3070    -92.847755432128906  17.19166374206543  35.221015930175781
3071    -92.461204528808594  17.586877822875977  34.648117065429688
3072    -92.181732177734375  16.983427047729492  35.030509948730469
3073    -92.7159423828125  18.286190032958984  34.311130523681641
3074    -92.389030456542969  18.618223190307617  33.905708312988281
3075    -92.0582275390625  18.004121780395508  34.121326446533203
3076    -92.461280822753906  19.571592330932617  33.392353057861328
3077    -92.844680786132812  20.162281036376953  33.261867523193359
3078    -92.477874755859375  20.52842903137207  32.914649963378906
3079    -92.190872192382812  19.853897094726562  33.115612030029297
3080    -92.396293640136719  21.607002258300781  32.445808410644531
3081    -92.724609375  22.27752685546875  32.324722290039062
3082    -91.67864990234375  16.318845748901367  35.322124481201172
3083    -91.328338623046875  16.708440780639648  34.725757598876953
3084    -91.629989624023438  17.343677520751953  34.342998504638672
3085    -91.3355712890625  17.662559509277344  33.973976135253906
3086    -90.966171264648438  17.119634628295898  34.1793212890625
3087    -91.445487976074219  18.603322982788086  33.427101135253906
3088    -91.80572509765625  19.200675964355469  33.278865814208984
3089    -91.454460144042969  19.554574966430664  32.943325042724609
3090    -91.151588439941406  18.910600662231445  33.136905670166016
3091    -91.396308898925781  20.621192932128906  32.455467224121094
3092    -91.719734191894531  21.281368255615234  32.327548980712891
3093    -90.402084350585938  16.450506210327148  34.444358825683594
3094    -90.4036865234375  16.944368362426758  34.038990020751953
3095    -90.407859802246094  17.67811393737793  33.527050018310547
3096    -90.735183715820312  18.262050628662109  33.305389404296875
3097    -90.410652160644531  18.598087310791016  33.0030517578125
3098    -90.081596374511719  18.026107788085938  33.176128387451172
3099    -90.376708984375  19.656002044677734  32.495857238769531
3100    -90.686126708984375  20.304624557495117  32.335990905761719
3101    -89.725830078125  16.275630950927734  34.298870086669922
3102    -89.407440185546875  16.617944717407227  33.862411499023438
3103    -89.409164428710938  17.337701797485352  33.353233337402344
3104    -89.415199279785156  17.818756103515625  33.060001373291016
3105    -89.327827453613281  18.715423583984375  32.566577911376953
3106    -89.602607727050781  19.350076675415039  32.346458435058594
3107    -88.502006530761719  16.660531997680664  33.449817657470703
3108    -88.875251770019531  17.178594589233398  33.25225830078125
3109    -88.499046325683594  17.552370071411133  32.913658142089844
3110    -88.220680236816406  17.004375457763672  33.138526916503906
3111    -88.423194885253906  18.449686050415039  32.408432006835938
3112    -95.067718505859375  22.131301879882812  62.163238525390625
3113    -95.553977966308594  22.623586654663086  61.611751556396484
3114    -95.361312866210938  22.098243713378906  63.467559814453125
3115    -95.5361328125  23.404596328735352  61.603347778320312
3116    -95.025543212890625  23.374452590942383  61.959716796875
3117    -94.45184326171875  22.48480224609375  63.407882690429688
3118    -94.495941162109375  22.437131881713867  62.540332794189453
3119    -94.280708312988281  23.293489456176758  62.391349792480469
3120    -93.838775634765625  22.740535736083984  63.275882720947266
3121    -93.174896240234375  23.088134765625  63.090160369873047
3122    -93.698341369628906  23.685329437255859  62.695644378662109
3123    -95.319664001464844  19.303041458129883  71.295974731445312
3124    -95.644912719726562  19.661178588867188  70.66180419921875
3125    -95.614875793457031  18.625747680664062  71.646339416503906
3126    -95.473838806152344  20.674631118774414  69.475433349609375
3127    -95.836982727050781  20.762283325195312  68.860710144042969
3128    -95.349288940429688  20.132007598876953  70.351333618164062
3129    -94.994674682617188  19.878156661987305  70.905860900878906
3130    -95.718032836914062  21.685726165771484  66.446487426757812
3131    -95.82257080078125  21.732423782348633  65.842636108398438
3132    -95.376243591308594  21.603744506835938  67.513961791992188
3133    -95.476325988769531  21.190683364868164  68.499214172363281
3134    -95.216506958007812  20.990577697753906  69.220108032226562
3135    -95.378265380859375  22.092330932617188  64.489418029785156
3136    -95.456954956054688  21.970647811889648  65.50091552734375
3137    -95.236885070800781  21.924774169921875  66.448257446289062
3138    -95.053253173828125  21.834583282470703  67.246665954589844
3139    -94.485954284667969  20.579202651977539  70.377655029296875
3140    -94.861427307128906  20.765041351318359  69.838668823242188
3141    -94.398857116699219  20.049783706665039  71.092567443847656
3142    -94.401199340820312  19.574300765991211  71.581413269042969
3143    -94.484771728515625  21.670063018798828  68.498519897460938
3144    -94.862518310546875  21.737455368041992  67.885574340820312
3145    -94.486915588378906  21.178255081176758  69.46588134765625
3146    -94.228736877441406  20.942453384399414  70.085319519042969
3147    -94.294715881347656  22.57325553894043  64.430641174316406
3148    -94.396736145019531  22.465314865112305  65.470352172851562
3149    -94.404891967773438  22.317714691162109  66.451690673828125
3150    -94.493873596191406  22.00593376159668  67.516494750976562
3151    -94.229042053222656  21.87580680847168  68.250442504882812
3152    -93.870872497558594  22.743974685668945  64.024330139160156
3153    -93.403114318847656  20.30461311340332  71.31781005859375
3154    -93.678672790527344  20.693878173828125  70.715118408203125
3155    -93.75897216796875  19.739286422729492  71.731956481933594
3156    -93.516899108886719  21.611970901489258  69.392166137695312
3157    -93.899330139160156  21.741996765136719  68.879241943359375
3158    -93.385665893554688  21.051101684570312  70.382400512695312
3159    -93.034317016601562  20.811542510986328  70.868934631347656
3160    -93.763198852539062  22.694980621337891  65.467689514160156
3161    -93.856742858886719  22.711101531982422  64.73455810546875
3162    -93.421699523925781  22.628904342651367  66.512924194335938
3163    -93.408485412597656  22.385305404663086  67.417037963867188
3164    -93.523582458496094  22.029844284057617  68.5078125
3165    -93.265243530273438  21.865608215332031  69.094375610351562
3166    -93.453842163085938  22.856645584106445  64.385086059570312
3167    -93.273094177246094  22.850120544433594  65.462242126464844
3168    -93.106391906738281  22.786342620849609  66.2374267578125
3169    -92.369857788085938  21.438259124755859  70.26629638671875
3170    -92.640281677246094  21.701238632202148  69.738021850585938
3171    -92.446334838867188  20.903898239135742  70.979660034179688
3172    -92.449356079101562  20.493301391601562  71.472938537597656
3173    -92.508232116699219  22.652044296264648  67.458145141601562
3174    -92.877265930175781  22.715829849243164  66.881500244140625
3175    -92.443626403808594  22.370082855224609  68.404212951660156
3176    -92.371208190917969  21.947711944580078  69.41033935546875
3177    -91.986824035644531  21.755239486694336  69.864089965820312
3178    -92.239814758300781  23.166746139526367  64.207801818847656
3179    -92.456428527832031  23.373603820800781  63.474151611328125
3180    -92.436660766601562  23.066295623779297  65.450294494628906
3181    -92.514297485351562  22.879369735717773  66.518142700195312
3182    -92.233718872070312  22.784570693969727  67.159614562988281
3183    -91.462944030761719  20.997894287109375  71.099647521972656
3184    -91.464500427246094  21.492546081542969  70.424888610839844
3185    -91.464591979980469  20.589576721191406  71.587432861328125
3186    -91.425827026367188  22.562891006469727  68.317344665527344
3187    -91.723373413085938  22.705411911010742  67.808792114257812
3188    -91.4683837890625  22.112327575683594  69.385894775390625
3189    -91.466339111328125  21.810518264770508  69.94232177734375
3190    -91.447624206542969  23.224702835083008  65.427864074707031
3191    -91.355827331542969  23.325511932373047  64.403663635253906
3192    -91.459884643554688  23.067670822143555  66.442596435546875
3193    -91.426467895507812  22.837854385375977  67.464454650878906
3194    -91.074806213378906  22.731681823730469  67.93878173828125
3195    -90.48638916015625  21.063573837280273  71.182449340820312
3196    -90.486976623535156  21.543359756469727  70.5040283203125
3197    -90.485847473144531  20.664907455444336  71.669326782226562
3198    -90.488197326660156  22.180280685424805  69.375595092773438
3199    -90.4893798828125  22.600072860717773  68.484939575195312
3200    -90.487709045410156  21.846750259399414  70.01800537109375
3201    -90.357070922851562  23.328201293945312  65.243690490722656
3202    -90.545654296875  23.385963439941406  64.525505065917969
3203    -90.481063842773438  23.150115966796875  66.430412292480469
3204    -90.488624572753906  22.930263519287109  67.429901123046875
3205    -90.488784790039062  22.765781402587891  67.992362976074219
3206    -89.509284973144531  21.076568603515625  71.199661254882812
3207    -89.510124206542969  21.546293258666992  70.503227233886719
3208    -89.509544372558594  20.667339324951172  71.670761108398438
3209    -89.509605407714844  22.192558288574219  69.381378173828125
3210    -89.509834289550781  22.597145080566406  68.486366271972656
3211    -89.509529113769531  21.855928421020508  70.021675109863281
3212    -89.506591796875  23.169219970703125  66.425094604492188
3213    -89.475944519042969  23.298036575317383  65.349929809570312
3214    -89.511589050292969  22.928211212158203  67.431228637695312
3215    -89.5108642578125  22.766426086425781  67.996185302734375
3216    -88.53076171875  21.016368865966797  71.126411437988281
3217    -88.527938842773438  21.517585754394531  70.450698852539062
3218    -88.530776977539062  20.610466003417969  71.610023498535156
3219    -88.5281982421875  22.133478164672852  69.392097473144531
3220    -88.575248718261719  22.564559936523438  68.3223876953125
3221    -88.529411315917969  21.810476303100586  69.953262329101562
3222    -88.526969909667969  23.077186584472656  66.410781860351562
3223    -88.519630432128906  23.229665756225586  65.310203552246094
3224    -88.572601318359375  22.849185943603516  67.464920043945312
3225    -88.927299499511719  22.736881256103516  67.945663452148438
3226    -88.278450012207031  22.706212997436523  67.805404663085938
3227    -95.380645751953125  16.353862762451172  72.973800659179688
3228    -95.694572448730469  16.628419876098633  72.687400817871094
3229    -95.380752563476562  17.419914245605469  72.542037963867188
3230    -95.048393249511719  17.102779388427734  72.855644226074219
3231    -95.337654113769531  18.341876983642578  72.050361633300781
3232    -94.959869384765625  18.898656845092773  71.838790893554688
3233    -94.321388244628906  16.348190307617188  73.480186462402344
3234    -93.948379516601562  15.977904319763184  73.755058288574219
3235    -94.416450500488281  17.41581916809082  73.019096374511719
3236    -94.739112854003906  17.739208221435547  72.703651428222656
3237    -94.423667907714844  18.358535766601562  72.522178649902344
3238    -94.097824096679688  18.007204055786133  72.846527099609375
3239    -94.400535583496094  19.088138580322266  71.990371704101562
3240    -93.341606140136719  16.352762222290039  73.841896057128906
3241    -93.602622985839844  16.62592887878418  73.655410766601562
3242    -93.337913513183594  17.298995971679688  73.466583251953125
3243    -92.954452514648438  16.910917282104492  73.738571166992188
3244    -93.427505493164062  18.226572036743164  72.987297058105469
3245    -93.417533874511719  18.695486068725586  72.675651550292969
3246    -93.435989379882812  19.399021148681641  72.167396545410156
3247    -93.114784240722656  19.886772155761719  71.866661071777344
3248    -92.450111389160156  16.422317504882812  74.058830261230469
3249    -92.448249816894531  17.045913696289062  73.81829833984375
3250    -92.4464111328125  17.528463363647461  73.598892211914062
3251    -92.533027648925781  18.456161499023438  73.070068359375
3252    -92.911651611328125  18.830211639404297  72.754066467285156
3253    -92.537117004394531  19.301300048828125  72.525871276855469
3254    -92.268966674804688  18.943881988525391  72.836006164550781
3255    -92.447296142578125  19.996885299682617  71.967399597167969
3256    -91.464981079101562  16.411317825317383  74.205398559570312
3257    -91.466842651367188  17.25444221496582  73.910934448242188
3258    -91.461318969726562  17.728303909301758  73.679000854492188
3259    -91.463340759277344  18.360513687133789  73.334716796875
3260    -91.466209411621094  19.047037124633789  72.91729736328125
3261    -91.465301513671875  19.5264892578125  72.54534912109375
3262    -91.467964172363281  20.118791580200195  72.074424743652344
3263    -90.485580444335938  16.409025192260742  74.292335510253906
3264    -90.436759948730469  17.471345901489258  73.912406921386719
3265    -90.724296569824219  17.823974609375  73.712577819824219
3266    -90.435882568359375  18.271589279174805  73.51898193359375
3267    -90.078269958496094  17.877321243286133  73.738533020019531
3268    -90.485702514648438  19.134712219238281  72.985649108886719
3269    -90.484344482421875  19.603410720825195  72.605712890625
3270    -90.484642028808594  20.169832229614258  72.117919921875
3271    -89.507720947265625  16.418684005737305  74.329887390136719
3272    -89.487457275390625  17.485439300537109  73.899581909179688
3273    -89.486907958984375  18.262775421142578  73.522483825683594
3274    -89.797340393066406  17.877782821655273  73.738800048828125
3275    -89.151718139648438  17.857587814331055  73.727462768554688
3276    -89.507110595703125  19.136348724365234  72.977607727050781
3277    -89.507858276367188  19.617959976196289  72.616889953613281
3278    -89.508621215820312  20.184514999389648  72.135635375976562
3279    -88.529525756835938  16.414392471313477  74.240501403808594
3280    -88.530807495117188  17.300533294677734  73.908149719238281
3281    -88.534446716308594  17.779537200927734  73.701919555664062
3282    -88.532157897949219  18.35844612121582  73.387596130371094
3283    -88.5284423828125  19.088308334350586  72.952491760253906
3284    -88.530220031738281  19.562602996826172  72.56976318359375
3285    -88.53179931640625  20.11492919921875  72.074363708496094
3286    -95.536720275878906  24.519540786743164  25.013889312744141
3287    -95.286888122558594  24.219854354858398  26.826553344726562
3288    -95.396621704101562  24.358295440673828  27.456392288208008
3289    -95.342048645019531  24.324226379394531  28.516460418701172
3290    -95.296539306640625  24.216777801513672  29.32545280456543
3291    -95.53265380859375  25.510507583618164  25.037982940673828
3292    -95.524131774902344  26.500808715820312  25.008193969726562
3293    -95.526947021484375  27.493190765380859  25.01487922668457
3294    -95.531059265136719  28.473117828369141  25.02668571472168
3295    -95.492713928222656  28.305614471435547  28.535675048828125
3296    -95.800727844238281  28.406595230102539  29.501953125
3297    -95.298446655273438  27.749797821044922  29.47325325012207
3298    -95.253059387207031  27.841470718383789  28.936809539794922
3299    -95.685981750488281  28.133998870849609  30.605030059814453
3300    -95.350265502929688  27.692094802856445  30.24921989440918
3301    -95.659393310546875  28.499897003173828  31.402624130249023
3302    -95.554679870605469  29.188095092773438  25.033426284790039
3303    -95.658493041992188  29.553165435791016  25.489381790161133
3304    -95.626091003417969  29.344764709472656  26.475625991821289
3305    -95.869071960449219  29.017156600952148  27.402750015258789
3306    -95.369972229003906  28.633342742919922  27.418033599853516
3307    -95.242774963378906  28.773458480834961  26.840574264526367
3308    -96.030975341796875  28.900852203369141  28.440361022949219
3309    -96.141326904296875  28.815378189086914  29.170866012573242
3310    -95.585746765136719  28.969087600708008  31.918127059936523
3311    -96.061897277832031  29.819425582885742  25.752876281738281
3312    -96.082839965820312  29.790184020996094  26.085945129394531
3313    -95.031196594238281  24.557477951049805  25.109655380249023
3314    -94.777961730957031  24.557243347167969  25.530939102172852
3315    -94.971992492675781  24.563686370849609  26.49981689453125
3316    -95.097099304199219  24.80381965637207  27.460126876831055
3317    -95.1248779296875  24.791505813598633  28.500179290771484
3318    -95.126152038574219  24.529319763183594  29.588850021362305
3319    -95.079521179199219  24.560295104980469  30.571943283081055
3320    -94.708602905273438  24.583112716674805  31.78782844543457
3321    -94.798446655273438  25.533105850219727  25.03709602355957
3322    -94.298919677734375  25.5849609375  25.53392219543457
3323    -94.426910400390625  25.63435173034668  26.425518035888672
3324    -94.782325744628906  25.594182968139648  27.442663192749023
3325    -94.856300354003906  25.561346054077148  28.477321624755859
3326    -94.876304626464844  25.533594131469727  29.492876052856445
3327    -94.965400695800781  25.523452758789062  30.561393737792969
3328    -94.639518737792969  25.53228759765625  31.694683074951172
3329    -94.646903991699219  26.505332946777344  25.020334243774414
3330    -94.189605712890625  26.508020401000977  25.230960845947266
3331    -94.322227478027344  26.511636734008789  26.659015655517578
3332    -94.55206298828125  26.503671646118164  27.43226432800293
3333    -94.740440368652344  26.485988616943359  28.454275131225586
3334    -94.857475280761719  26.476409912109375  29.481477737426758
3335    -95.001991271972656  26.470136642456055  30.569831848144531
3336    -94.607658386230469  26.486024856567383  31.667655944824219
3337    -94.699783325195312  27.477062225341797  25.011684417724609
3338    -94.211410522460938  27.499435424804688  25.459402084350586
3339    -94.335800170898438  27.461448669433594  26.478475570678711
3340    -94.663673400878906  27.422859191894531  27.429584503173828
3341    -94.978828430175781  27.510965347290039  28.544637680053711
3342    -95.071510314941406  27.327259063720703  29.479921340942383
3343    -95.236297607421875  27.38618278503418  30.645092010498047
3344    -94.601234436035156  27.42039680480957  31.638021469116211
3345    -94.929855346679688  28.449514389038086  25.057039260864258
3346    -94.590614318847656  28.461324691772461  25.519414901733398
3347    -94.841911315917969  28.453348159790039  26.511980056762695
3348    -94.991104125976562  28.194305419921875  27.433429718017578
3349    -95.177291870117188  27.968093872070312  28.251472473144531
3350    -95.295372009277344  27.800998687744141  31.106287002563477
3351    -94.652664184570312  28.305166244506836  31.876434326171875
3352    -95.115043640136719  28.914087295532227  25.145092010498047
3353    -95.011207580566406  29.018856048583984  25.524980545043945
3354    -95.101844787597656  28.934843063354492  26.223781585693359
3355    -94.807388305664062  28.85565185546875  32.170852661132812
3356    -93.507301330566406  24.559547424316406  32.093471527099609
3357    -94.247688293457031  25.997861862182617  26.076068878173828
3358    -94.205230712890625  25.98725700378418  25.857845306396484
3359    -93.502250671386719  25.529092788696289  31.933155059814453
3360    -94.084632873535156  26.508390426635742  25.672824859619141
3361    -94.183441162109375  26.511219024658203  26.188518524169922
3362    -93.496444702148438  26.503679275512695  31.882331848144531
3363    -94.132789611816406  27.178304672241211  25.720478057861328
3364    -94.195281982421875  27.163778305053711  26.16998291015625
3365    -93.486404418945312  27.46124267578125  31.886421203613281
3366    -93.538726806640625  28.482410430908203  32.064136505126953
3367    -92.425125122070312  24.5389404296875  31.673755645751953
3368    -92.425872802734375  25.522787094116211  31.551298141479492
3369    -92.417121887207031  26.505670547485352  31.514301300048828
3370    -92.409339904785156  27.47892951965332  31.536458969116211
3371    -92.413352966308594  28.452163696289062  31.627307891845703
3372    -93.130218505859375  29.414960861206055  32.151542663574219
3373    -92.414398193359375  29.424684524536133  31.87017822265625
3374    -92.891403198242188  29.8856201171875  32.250507354736328
3375    -92.403480529785156  30.087661743164062  32.142139434814453
3376    -91.395706176757812  24.518098831176758  31.396501541137695
3377    -91.687080383300781  25.525861740112305  31.33643913269043
3378    -91.18182373046875  25.529201507568359  31.189985275268555
3379    -91.044387817382812  24.831544876098633  31.244291305541992
3380    -91.783164978027344  26.508384704589844  31.325643539428711
3381    -91.277664184570312  26.510646820068359  31.17515754699707
3382    -91.778266906738281  27.483251571655273  31.330635070800781
3383    -91.279579162597656  27.485141754150391  31.162227630615234
3384    -91.623001098632812  28.452856063842773  31.366140365600586
3385    -91.1240234375  28.454357147216797  31.201440811157227
3386    -91.348785400390625  29.366060256958008  31.47352409362793
3387    -90.971778869628906  29.012248992919922  31.249277114868164
3388    -91.439651489257812  30.460580825805664  31.984766006469727
3389    -90.844154357910156  24.17473030090332  31.30763053894043
3390    -90.464553833007812  24.525199890136719  31.127458572387695
3391    -90.410110473632812  25.531415939331055  30.926490783691406
3392    -90.404495239257812  26.510452270507812  30.858966827392578
3393    -90.405021667480469  27.483638763427734  30.863361358642578
3394    -90.411865234375  28.451942443847656  30.963159561157227
3395    -90.373367309570312  29.370817184448242  31.138004302978516
3396    -90.668296813964844  29.655300140380859  31.31231689453125
3397    -90.37200927734375  30.326017379760742  31.560886383056641
3398    -90.014007568359375  29.925457000732422  31.232107162475586
3399    -91.142364501953125  31.450069427490234  32.330390930175781
3400    -90.373786926269531  31.463138580322266  32.041404724121094
3401    -89.417320251464844  24.551210403442383  30.757440567016602
3402    -89.4156494140625  25.534717559814453  30.586828231811523
3403    -89.410659790039062  26.510602951049805  30.501466751098633
3404    -89.4119873046875  27.481063842773438  30.523229598999023
3405    -89.417396545410156  28.446891784667969  30.654731750488281
3406    -89.439712524414062  29.414157867431641  30.883167266845703
3407    -89.452033996582031  30.020343780517578  31.15220832824707
3408    -89.449562072753906  30.539461135864258  31.495563507080078
3409    -89.411712646484375  31.491621017456055  31.785707473754883
3410    -88.4312744140625  24.55238151550293  30.477548599243164
3411    -88.462493896484375  25.462375640869141  30.346609115600586
3412    -88.802833557128906  26.522615432739258  30.317726135253906
3413    -88.0941162109375  26.607131958007812  30.304111480712891
3414    -88.105781555175781  25.778425216674805  30.233579635620117
3415    -88.778297424316406  27.472953796386719  30.344148635864258
3416    -87.964675903320312  27.447233200073242  30.280393600463867
3417    -88.574348449707031  28.41627311706543  30.43134880065918
3418    -87.819740295410156  28.282321929931641  30.349514007568359
3419    -88.338340759277344  29.264543533325195  30.608345031738281
3420    -87.744743347167969  28.69801139831543  30.437835693359375
3421    -88.468185424804688  30.109024047851562  31.077630996704102
3422    -88.459915161132812  30.635183334350586  31.524696350097656
3423    -88.378082275390625  31.611824035644531  31.511777877807617
3424    -95.531082153320312  29.487802505493164  32.559768676757812
3425    -95.483238220214844  29.824600219726562  33.081790924072266
3426    -95.291297912597656  30.186019897460938  33.893997192382812
3427    -95.505661010742188  30.470945358276367  34.541770935058594
3428    -95.266716003417969  31.460666656494141  34.535194396972656
3429    -94.863250732421875  31.142034530639648  34.248703002929688
3430    -94.417861938476562  29.221700668334961  32.595245361328125
3431    -94.070121765136719  28.763389587402344  32.341381072998047
3432    -94.399803161621094  29.989353179931641  33.142791748046875
3433    -94.349418640136719  30.546108245849609  33.522506713867188
3434    -94.418510437011719  31.481012344360352  33.904987335205078
3435    -94.80963134765625  31.880573272705078  34.228477478027344
3436    -93.921607971191406  28.814506530761719  32.310768127441406
3437    -93.640960693359375  29.399412155151367  32.365242004394531
3438    -93.360435485839844  30.362260818481445  32.734466552734375
3439    -93.770233154296875  30.814352035522461  33.318927764892578
3440    -93.604476928710938  31.398883819580078  33.446060180664062
3441    -93.125274658203125  31.411796569824219  33.169864654541016
3442    -92.377647399902344  30.5841064453125  32.453258514404297
3443    -92.291732788085938  31.422966003417969  32.816932678222656
3444    -91.764663696289062  30.831214904785156  32.358291625976562
3445    -91.609870910644531  31.443639755249023  32.535781860351562
3446    -95.228080749511719  24.253585815429688  61.206863403320312
3447    -95.550086975097656  24.587554931640625  60.559864044189453
3448    -94.886894226074219  23.882963180541992  61.822002410888672
3449    -95.069244384765625  25.106664657592773  59.988780975341797
3450    -95.534103393554688  25.584297180175781  59.459144592285156
3451    -94.721923828125  24.700019836425781  60.585590362548828
3452    -95.52349853515625  26.418275833129883  59.510517120361328
3453    -95.041069030761719  26.433439254760742  60.000583648681641
3454    -95.2928466796875  27.505819320678711  59.476669311523438
3455    -94.943901062011719  27.238578796386719  59.904510498046875
3456    -95.302169799804688  28.301643371582031  59.081878662109375
3457    -95.61602783203125  28.562353134155273  58.621902465820312
3458    -95.3333740234375  29.368703842163086  58.336044311523438
3459    -95.67578125  29.680168151855469  57.679286956787109
3460    -94.954750061035156  29.028230667114258  58.926670074462891
3461    -95.355033874511719  30.373987197875977  57.369815826416016
3462    -95.689430236816406  30.689544677734375  56.69012451171875
3463    -95.020355224609375  30.058769226074219  58.020362854003906
3464    -95.335525512695312  31.326465606689453  56.358718872070312
3465    -95.613143920898438  31.612434387207031  55.593849182128906
3466    -95.037643432617188  31.020711898803711  57.063034057617188
3467    -94.374488830566406  24.068853378295898  62.014072418212891
3468    -94.310523986816406  24.486722946166992  61.448196411132812
3469    -94.159942626953125  25.186380386352539  60.804298400878906
3470    -94.5296630859375  25.563793182373047  60.501480102539062
3471    -94.466415405273438  26.440078735351562  60.513351440429688
3472    -93.968246459960938  26.435846328735352  60.881763458251953
3473    -94.364303588867188  27.450885772705078  60.318683624267578
3474    -94.803329467773438  27.865938186645508  59.772476196289062
3475    -93.869316101074219  27.007671356201172  60.786739349365234
3476    -94.634307861328125  28.390176773071289  59.637577056884766
3477    -94.143302917480469  28.389787673950195  60.022167205810547
3478    -94.31256103515625  29.327972412109375  59.290744781494141
3479    -94.683258056640625  29.679298400878906  58.680271148681641
3480    -93.917861938476562  28.954618453979492  59.847816467285156
3481    -94.382759094238281  30.376909255981445  58.358749389648438
3482    -94.715232849121094  30.712636947631836  57.716720581054688
3483    -94.027870178222656  30.019292831420898  58.966907501220703
3484    -94.363929748535156  31.330499649047852  57.352176666259766
3485    -94.6712646484375  31.673269271850586  56.675300598144531
3486    -94.061897277832031  30.993932723999023  58.012832641601562
3487    -93.414741516113281  24.376064300537109  62.344448089599609
3488    -93.684425354003906  24.678977966308594  61.603935241699219
3489    -93.067718505859375  23.981733322143555  62.938152313232422
3490    -93.320388793945312  25.384405136108398  61.446018218994141
3491    -92.990043640136719  25.014640808105469  61.804103851318359
3492    -93.361724853515625  26.429475784301758  61.255558013916016
3493    -93.375587463378906  27.366510391235352  60.988853454589844
3494    -93.708930969238281  27.649749755859375  60.689796447753906
3495    -93.369659423828125  28.427839279174805  60.529239654541016
3496    -93.058349609375  28.139480590820312  60.882705688476562
3497    -93.31854248046875  29.318069458007812  60.042491912841797
3498    -93.616096496582031  29.611221313476562  59.63214111328125
3499    -93.3194580078125  30.304109573364258  59.284210205078125
3500    -93.669029235839844  30.671182632446289  58.672622680664062
3501    -92.957206726074219  29.922578811645508  59.857913970947266
3502    -93.338607788085938  31.302497863769531  58.309162139892578
3503    -93.642341613769531  31.65229606628418  57.651874542236328
3504    -93.01617431640625  30.926414489746094  58.927635192871094
3505    -92.284133911132812  24.272287368774414  63.261730194091797
3506    -92.603851318359375  24.636814117431641  62.616710662841797
3507    -92.273048400878906  25.251113891601562  62.086776733398438
3508    -92.782951354980469  25.829193115234375  61.706680297851562
3509    -91.9322509765625  24.853490829467773  62.803428649902344
3510    -92.6676025390625  26.422054290771484  61.657386779785156
3511    -92.183647155761719  26.419845581054688  61.923931121826172
3512    -92.351669311523438  27.439170837402344  61.537628173828125
3513    -92.0091552734375  27.128763198852539  61.812362670898438
3514    -92.431068420410156  28.439924240112305  61.106819152832031
3515    -92.778221130371094  28.776613235473633  60.723846435546875
3516    -92.434638977050781  29.404634475708008  60.567546844482422
3517    -92.131187438964844  29.094036102294922  60.916763305664062
3518    -92.378425598144531  30.140787124633789  60.03961181640625
3519    -92.385650634765625  30.635410308837891  59.640949249267578
3520    -92.381942749023438  31.136468887329102  59.141681671142578
3521    -92.379737854003906  31.62126350402832  58.621616363525391
3522    -91.33746337890625  25.025728225708008  62.952571868896484
3523    -91.330680847167969  25.562719345092773  62.488376617431641
3524    -91.394699096679688  24.538677215576172  63.557918548583984
3525    -91.388710021972656  26.412696838378906  62.287784576416016
3526    -91.439163208007812  27.44365119934082  61.9898681640625
3527    -91.784423828125  27.773567199707031  61.704219818115234
3528    -91.437049865722656  28.45124626159668  61.610492706298828
3529    -91.139190673828125  28.168031692504883  61.868392944335938
3530    -91.404106140136719  29.392175674438477  61.093227386474609
3531    -91.738273620605469  29.732362747192383  60.703960418701172
3532    -91.485061645507812  30.401504516601562  60.3541259765625
3533    -91.858657836914062  30.798347473144531  59.782264709472656
3534    -91.09088134765625  29.968503952026367  60.876125335693359
3535    -91.540733337402344  31.396034240722656  59.397720336914062
3536    -91.854660034179688  31.776802062988281  58.794490814208984
3537    -91.20965576171875  30.983329772949219  59.963558197021484
3538    -90.401718139648438  25.249099731445312  63.160903930664062
3539    -90.798622131347656  25.802883148193359  62.685466766357422
3540    -90.754676818847656  24.731723785400391  63.727043151855469
3541    -90.448783874511719  26.499731063842773  62.634113311767578
3542    -90.154991149902344  26.19920539855957  62.822715759277344
3543    -90.403121948242188  27.41383171081543  62.403781890869141
3544    -90.460945129394531  28.455520629882812  62.022190093994141
3545    -90.809593200683594  28.803804397583008  61.725517272949219
3546    -90.46331787109375  29.358295440673828  61.551319122314453
3547    -90.166366577148438  29.025213241577148  61.851696014404297
3548    -90.413612365722656  30.152891159057617  61.0150146484375
3549    -90.41204833984375  30.635835647583008  60.634346008300781
3550    -90.422370910644531  31.19843864440918  60.167854309082031
3551    -90.412483215332031  31.662933349609375  59.666046142578125
3552    -89.518112182617188  26.488519668579102  62.958774566650391
3553    -89.907943725585938  26.915197372436523  62.726268768310547
3554    -89.406196594238281  25.465673446655273  63.404869079589844
3555    -89.517982482910156  27.502920150756836  62.670299530029297
3556    -89.259780883789062  27.240121841430664  62.821685791015625
3557    -89.43011474609375  28.395084381103516  62.389827728271484
3558    -89.433204650878906  29.223731994628906  61.970706939697266
3559    -89.427642822265625  29.696945190429688  61.669906616210938
3560    -89.469947814941406  30.40679931640625  61.149097442626953
3561    -89.820716857910156  30.771595001220703  60.746185302734375
3562    -89.528221130371094  31.353799819946289  60.337348937988281
3563    -89.875923156738281  31.775766372680664  59.786762237548828
3564    -89.173439025878906  30.912460327148438  60.871410369873047
3565    -88.440864562988281  26.383491516113281  63.256248474121094
3566    -88.424201965332031  25.57975959777832  63.470485687255859
3567    -88.537338256835938  27.511459350585938  62.942333221435547
3568    -88.911201477050781  27.887994766235352  62.723087310791016
3569    -88.540740966796875  28.389490127563477  62.633708953857422
3570    -88.271888732910156  28.058652877807617  62.811286926269531
3571    -88.521438598632812  29.458847045898438  62.068206787109375
3572    -88.884429931640625  29.821792602539062  61.745922088623047
3573    -88.520034790039062  30.281169891357422  61.501075744628906
3574    -88.240310668945312  29.922834396362305  61.816139221191406
3575    -88.454360961914062  31.004554748535156  60.949779510498047
3576    -88.455635070800781  31.493885040283203  60.495719909667969
3577    -91.829620361328125  23.663711547851562  63.720344543457031
3578    -91.349029541015625  23.918180465698242  63.881671905517578
3579    -90.351455688476562  24.247869491577148  64.232902526855469
3580    -89.859657287597656  23.406957626342773  64.522735595703125
3581    -90.114830017089844  24.907896041870117  63.885822296142578
3582    -89.361396789550781  23.436544418334961  64.442092895507812
3583    -89.434425354003906  24.412233352661133  64.451461791992188
3584    -89.443679809570312  25.027462005615234  64.008255004882812
3585    -88.471572875976562  23.830987930297852  64.65576171875
3586    -88.474174499511719  24.572881698608398  64.607429504394531
3587    -88.460830688476562  25.149303436279297  64.096893310546875
3588    -91.240074157714844  32.487190246582031  32.040298461914062
3589    -90.420799255371094  32.495960235595703  31.771953582763672
3590    -91.131698608398438  33.1956787109375  32.097633361816406
3591    -90.475349426269531  33.484180450439453  31.896841049194336
3592    -89.329498291015625  32.603439331054688  31.423727035522461
3593    -89.341537475585938  33.344337463378906  31.43525505065918
3594    -88.922103881835938  32.974170684814453  31.28138542175293
3595    -88.925186157226562  32.993061065673828  31.281665802001953
3596    -90.161224365234375  33.989299774169922  32.085552215576172
3597    -89.430450439453125  34.143169403076172  31.945234298706055
3598    -88.668403625488281  32.364093780517578  31.305484771728516
3599    -88.391304016113281  32.614597320556641  31.168399810791016
3600    -87.999092102050781  32.031936645507812  31.277557373046875
3601    -88.453758239746094  33.15948486328125  31.183338165283203
3602    -88.452049255371094  33.608516693115234  31.289947509765625
3603    -88.366378784179688  34.401699066162109  31.84776496887207
3604    -95.308349609375  32.294906616210938  34.894405364990234
3605    -95.635490417480469  32.551734924316406  35.384471893310547
3606    -95.740715026855469  32.625919342041016  38.115703582763672
3607    -95.800750732421875  32.685897827148438  37.914962768554688
3608    -95.373291015625  33.11328125  35.609542846679688
3609    -94.96319580078125  32.963768005371094  35.022731781005859
3610    -95.403961181640625  33.193653106689453  36.503921508789062
3611    -95.399215698242188  32.913360595703125  37.556293487548828
3612    -95.236106872558594  33.109481811523438  38.641334533691406
3613    -95.581336975097656  33.587364196777344  39.603115081787109
3614    -95.105972290039062  34.078014373779297  39.594005584716797
3615    -94.85357666015625  33.825298309326172  39.075557708740234
3616    -94.667320251464844  32.392974853515625  34.346836090087891
3617    -94.180458068847656  32.410491943359375  33.934680938720703
3618    -94.312171936035156  33.336101531982422  34.662738800048828
3619    -93.95477294921875  33.003265380859375  34.081123352050781
3620    -94.482704162597656  33.618911743164062  35.53021240234375
3621    -94.363006591796875  33.4915771484375  36.505283355712891
3622    -94.387596130371094  33.397724151611328  37.555145263671875
3623    -94.587265014648438  33.547420501708984  38.397853851318359
3624    -93.971351623535156  33.806385040283203  35.51397705078125
3625    -93.95050048828125  33.810787200927734  34.976116180419922
3626    -93.804061889648438  33.597187042236328  36.533287048339844
3627    -93.888526916503906  33.842700958251953  37.596546173095703
3628    -94.254920959472656  34.254215240478516  38.707889556884766
3629    -94.5286865234375  34.522151947021484  39.619350433349609
3630    -93.986488342285156  34.831111907958984  39.634418487548828
3631    -93.863739013671875  34.826519012451172  39.031089782714844
3632    -93.539169311523438  32.436214447021484  33.41748046875
3633    -93.052825927734375  32.452220916748047  33.070915222167969
3634    -93.281547546386719  33.303585052490234  33.720325469970703
3635    -92.891944885253906  32.964752197265625  33.179885864257812
3636    -93.664306640625  33.640949249267578  34.375026702880859
3637    -93.402534484863281  33.985679626464844  34.598056793212891
3638    -93.001792907714844  33.86541748046875  34.005409240722656
3639    -93.408584594726562  33.933395385742188  35.516529083251953
3640    -93.201789855957031  33.699848175048828  36.625766754150391
3641    -93.335075378417969  34.43511962890625  37.581348419189453
3642    -93.671783447265625  34.649307250976562  38.368511199951172
3643    -93.3592529296875  35.084003448486328  38.647117614746094
3644    -93.024192810058594  34.939529418945312  37.899700164794922
3645    -93.289642333984375  35.458980560302734  39.587711334228516
3646    -92.392059326171875  32.462844848632812  32.668323516845703
3647    -92.329666137695312  33.338108062744141  32.949420928955078
3648    -92.625907897949219  33.594627380371094  33.367931365966797
3649    -92.352073669433594  34.043674468994141  33.627109527587891
3650    -91.960433959960938  33.879032135009766  33.103321075439453
3651    -92.437019348144531  34.305095672607422  34.525623321533203
3652    -92.355369567871094  34.120887756347656  35.556186676025391
3653    -92.37408447265625  34.469322204589844  36.577934265136719
3654    -92.735641479492188  34.691287994384766  37.248752593994141
3655    -92.324623107910156  35.292617797851562  37.658729553222656
3656    -92.084739685058594  34.949783325195312  36.888778686523438
3657    -92.554962158203125  35.59942626953125  38.592426300048828
3658    -92.761024475097656  35.712085723876953  39.265857696533203
3659    -92.066246032714844  35.876075744628906  38.58953857421875
3660    -91.877105712890625  35.766609191894531  38.093700408935547
3661    -92.418121337890625  36.018604278564453  39.577598571777344
3662    -92.9215087890625  35.810073852539062  39.915584564208984
3663    -91.709205627441406  32.471084594726562  32.291217803955078
3664    -91.43060302734375  33.456188201904297  32.400470733642578
3665    -91.404830932617188  34.085483551025391  32.866996765136719
3666    -91.431846618652344  34.507568359375  33.555694580078125
3667    -91.411216735839844  34.52386474609375  34.524749755859375
3668    -91.359054565429688  34.407253265380859  35.575706481933594
3669    -91.75250244140625  34.652187347412109  36.223731994628906
3670    -91.348976135253906  35.272731781005859  36.651374816894531
3671    -91.082855224609375  34.866359710693359  35.911354064941406
3672    -91.583747863769531  35.612300872802734  37.441162109375
3673    -91.3104248046875  35.888923645019531  37.699775695800781
3674    -90.933151245117188  35.794338226318359  37.079257965087891
3675    -91.386878967285156  36.214942932128906  38.586807250976562
3676    -91.352821350097656  36.562068939208984  39.563625335693359
3677    -90.797248840332031  33.765541076660156  32.255199432373047
3678    -90.444229125976562  34.369152069091797  32.61529541015625
3679    -90.760696411132812  34.729820251464844  33.558425903320312
3680    -90.802772521972656  34.641494750976562  34.527580261230469
3681    -90.709197998046875  34.495410919189453  35.189105987548828
3682    -90.276565551757812  34.855548858642578  33.544731140136719
3683    -90.055068969726562  34.784393310546875  33.031440734863281
3684    -90.270782470703125  34.710411071777344  34.572162628173828
3685    -90.394424438476562  35.027664184570312  35.599575042724609
3686    -90.395973205566406  35.628719329833984  36.367698669433594
3687    -90.399482727050781  35.907951354980469  36.860660552978516
3688    -90.406707763671875  36.260898590087891  37.601585388183594
3689    -90.434196472167969  36.608783721923828  38.547496795654297
3690    -90.779220581054688  36.698028564453125  39.241672515869141
3691    -90.440452575683594  36.909591674804688  39.563339233398438
3692    -90.133087158203125  36.820297241210938  38.843360900878906
3693    -90.998420715332031  36.781826019287109  39.889842987060547
3694    -89.4495849609375  34.638614654541016  32.404521942138672
3695    -89.459976196289062  34.877742767333984  32.865291595458984
3696    -89.464454650878906  34.955509185791016  33.541458129882812
3697    -89.375953674316406  34.809417724609375  34.659061431884766
3698    -89.48828125  35.533538818359375  35.635566711425781
3699    -89.857536315917969  35.740558624267578  36.171733856201172
3700    -89.503738403320312  36.10089111328125  36.527713775634766
3701    -89.217353820800781  35.859951019287109  35.970478057861328
3702    -89.453445434570312  36.584312438964844  37.611778259277344
3703    -89.795333862304688  36.700748443603516  38.197154998779297
3704    -89.457901000976562  36.9151611328125  38.54351806640625
3705    -89.149833679199219  36.795108795166016  37.939807891845703
3706    -89.431442260742188  37.217994689941406  39.565074920654297
3707    -88.633171081542969  34.709522247314453  32.275283813476562
3708    -88.387748718261719  34.892311096191406  32.548259735107422
3709    -87.986137390136719  34.751514434814453  32.154209136962891
3710    -88.480377197265625  35.004138946533203  33.557353973388672
3711    -88.451774597167969  35.171279907226562  34.640129089355469
3712    -88.452125549316406  35.654903411865234  35.304000854492188
3713    -88.451484680175781  35.979259490966797  35.795722961425781
3714    -88.447158813476562  36.405258178710938  36.623977661132812
3715    -88.445976257324219  36.691326141357422  37.246849060058594
3716    -88.453033447265625  36.889575958251953  37.728168487548828
3717    -88.453834533691406  37.163188934326172  38.57958984375
3718    -88.451522827148438  37.412017822265625  39.567222595214844
3719    -95.759689331054688  33.755054473876953  40.202945709228516
3720    -95.347129821777344  34.336429595947266  40.543857574462891
3721    -95.542282104492188  34.551166534423828  41.569301605224609
3722    -95.710746765136719  34.687820434570312  42.556003570556641
3723    -95.790740966796875  34.747169494628906  43.146091461181641
3724    -95.050407409667969  34.945274353027344  41.566825866699219
3725    -94.908660888671875  34.837612152099609  40.898174285888672
3726    -95.222824096679688  35.072807312011719  42.551624298095703
3727    -95.423675537109375  35.117580413818359  43.494869232177734
3728    -95.344276428222656  35.312625885009766  44.520168304443359
3729    -95.345329284667969  35.362041473388672  45.504520416259766
3730    -95.34228515625  35.338752746582031  46.488807678222656
3731    -95.345672607421875  35.259761810302734  47.472476959228516
3732    -94.744041442871094  34.728675842285156  40.250720977783203
3733    -94.413276672363281  35.105300903320312  40.563457489013672
3734    -94.28948974609375  35.473255157470703  41.564846038818359
3735    -94.529182434082031  35.559024810791016  42.549880981445312
3736    -94.663093566894531  35.643943786621094  43.534198760986328
3737    -94.75091552734375  35.700057983398438  44.517642974853516
3738    -94.782806396484375  35.709735870361328  45.502372741699219
3739    -94.768882751464844  35.703544616699219  46.487228393554688
3740    -94.693717956542969  35.659923553466797  47.471225738525391
3741    -94.04290771484375  35.861236572265625  42.547725677490234
3742    -93.930213928222656  35.799942016601562  41.888908386230469
3743    -94.181938171386719  35.933231353759766  43.529178619384766
3744    -94.26470947265625  35.971073150634766  44.513870239257812
3745    -94.302322387695312  35.980571746826172  45.499507904052734
3746    -94.287246704101562  35.965152740478516  46.486103057861328
3747    -94.215156555175781  35.926052093505859  47.472602844238281
3748    -93.562774658203125  35.561717987060547  40.587486267089844
3749    -93.767532348632812  35.717624664306641  41.235755920410156
3750    -93.048362731933594  35.784065246582031  40.5855712890625
3751    -93.424980163574219  35.979782104492188  41.555744171142578
3752    -93.376991271972656  36.214756011962891  42.547721862792969
3753    -93.377799987792969  36.359752655029297  43.527988433837891
3754    -93.376075744628906  36.42926025390625  44.510940551757812
3755    -93.376388549804688  36.432701110839844  45.496170043945312
3756    -93.378608703613281  36.3853759765625  46.481781005859375
3757    -93.389244079589844  36.303215026855469  47.469181060791016
3758    -92.361862182617188  36.233139038085938  40.557888031005859
3759    -92.353256225585938  36.35906982421875  41.562694549560547
3760    -92.412948608398438  36.645515441894531  42.484443664550781
3761    -92.712593078613281  36.664699554443359  43.529312133789062
3762    -92.787338256835938  36.690906524658203  44.5087890625
3763    -92.796173095703125  36.706111907958984  45.494056701660156
3764    -92.721298217773438  36.664363861083984  46.478996276855469
3765    -92.580802917480469  36.625694274902344  47.466403961181641
3766    -92.23040771484375  36.856296539306641  43.528171539306641
3767    -92.087982177734375  36.814441680908203  42.779369354248047
3768    -92.304412841796875  36.870731353759766  44.507377624511719
3769    -92.306632995605469  36.870925903320312  45.492328643798828
3770    -92.234260559082031  36.833877563476562  46.478199005126953
3771    -92.089988708496094  36.794017791748047  47.465396881103516
3772    -91.640396118164062  36.644092559814453  40.5452880859375
3773    -91.752632141113281  36.621833801269531  41.543846130371094
3774    -91.842018127441406  36.688213348388672  42.114654541015625
3775    -91.152214050292969  36.854927062988281  40.542129516601562
3776    -91.287826538085938  36.898056030273438  41.525138854980469
3777    -91.467727661132812  36.870151519775391  42.478996276855469
3778    -91.43182373046875  37.111934661865234  43.5234375
3779    -91.431022644042969  37.187568664550781  44.508399963378906
3780    -91.426261901855469  37.163707733154297  45.490962982177734
3781    -91.427871704101562  37.094387054443359  46.475925445556641
3782    -91.43402099609375  36.990859985351562  47.463832855224609
3783    -90.4124755859375  37.139717102050781  40.542423248291016
3784    -90.413482666015625  37.265354156494141  41.52056884765625
3785    -90.406356811523438  37.233390808105469  42.513351440429688
3786    -90.421882629394531  37.24761962890625  43.515377044677734
3787    -90.457725524902344  37.428535461425781  44.505558013916016
3788    -90.457405090332031  37.413951873779297  45.491134643554688
3789    -90.459320068359375  37.338512420654297  46.474010467529297
3790    -90.465858459472656  37.21990966796875  47.46661376953125
3791    -89.42974853515625  37.417144775390625  40.547344207763672
3792    -89.336776733398438  37.587776184082031  41.602195739746094
3793    -89.437156677246094  37.598472595214844  42.499973297119141
3794    -89.330131530761719  37.522605895996094  43.390766143798828
3795    -89.440315246582031  37.394302368164062  44.497581481933594
3796    -89.444091796875  37.376056671142578  45.486354827880859
3797    -89.444938659667969  37.318698883056641  46.457977294921875
3798    -89.449409484863281  37.197319030761719  47.445384979248047
3799    -88.954452514648438  37.720970153808594  42.497215270996094
3800    -88.955192565917969  37.714790344238281  41.976703643798828
3801    -88.940147399902344  37.709648132324219  42.986217498779297
3802    -88.430992126464844  37.63800048828125  40.570949554443359
3803    -88.737968444824219  37.677883148193359  41.335304260253906
3804    -88.600906372070312  37.620319366455078  44.491355895996094
3805    -88.690071105957031  37.672000885009766  43.65008544921875
3806    -88.604423522949219  37.633209228515625  45.489864349365234
3807    -88.399826049804688  37.629161834716797  46.479644775390625
3808    -88.454925537109375  37.471847534179688  47.457160949707031
3809    -88.43572998046875  37.756221771240234  41.601486206054688
3810    -88.091323852539062  37.743949890136719  40.911945343017578
3811    -88.46881103515625  37.800224304199219  42.498256683349609
3812    -88.401252746582031  37.740299224853516  43.386211395263672
3813    -88.110565185546875  37.77325439453125  44.495128631591797
3814    -88.106521606445312  37.777053833007812  45.487735748291016
3815    -88.029548645019531  37.745014190673828  46.156238555908203
3816    -95.4365234375  32.630142211914062  54.467613220214844
3817    -95.799591064453125  32.768947601318359  53.822811126708984
3818    -95.26483154296875  32.039154052734375  55.265960693359375
3819    -95.652328491210938  33.647163391113281  52.394485473632812
3820    -95.821151733398438  33.766071319580078  51.883171081542969
3821    -95.380027770996094  33.321010589599609  53.427440643310547
3822    -95.164497375488281  33.037628173828125  54.196640014648438
3823    -95.695350646972656  34.668174743652344  49.441799163818359
3824    -95.792625427246094  34.737167358398438  48.820880889892578
3825    -95.4976806640625  34.541294097900391  50.428119659423828
3826    -95.361099243164062  34.289466857910156  51.422279357910156
3827    -95.17578125  33.99700927734375  52.403003692626953
3828    -94.946128845214844  33.835781097412109  53.019245147705078
3829    -95.425239562988281  35.057582855224609  48.4788818359375
3830    -95.212135314941406  34.988368988037109  49.441371917724609
3831    -95.010078430175781  34.860771179199219  50.427619934082031
3832    -94.870391845703125  34.768428802490234  50.943710327148438
3833    -94.58917236328125  32.592857360839844  55.345493316650391
3834    -94.812644958496094  32.7545166015625  54.829830169677734
3835    -94.434768676757812  33.339061737060547  54.435073852539062
3836    -94.686302185058594  33.675273895263672  53.671524047851562
3837    -94.119522094726562  32.956062316894531  55.362709045410156
3838    -94.344390869140625  34.488677978515625  52.396842956542969
3839    -94.654731750488281  34.645454406738281  51.59991455078125
3840    -94.3687744140625  34.028957366943359  53.365013122558594
3841    -94.036125183105469  33.867855072021484  54.023300170898438
3842    -94.562667846679688  35.590129852294922  48.455493927001953
3843    -94.323020935058594  35.529693603515625  49.440792083740234
3844    -94.373069763183594  35.220508575439453  50.427532196044922
3845    -94.348594665527344  34.924079895019531  51.328807830810547
3846    -94.008102416992188  34.831722259521484  52.071525573730469
3847    -94.078453063964844  35.849109649658203  48.455799102783203
3848    -93.953880310058594  35.783229827880859  49.104923248291016
3849    -93.336151123046875  33.428226470947266  55.325588226318359
3850    -93.655853271484375  33.655216217041016  54.682033538818359
3851    -93.388092041015625  34.528095245361328  53.385417938232422
3852    -93.717994689941406  34.682712554931641  52.723339080810547
3853    -93.367477416992188  34.045650482177734  54.376926422119141
3854    -92.975418090820312  33.772384643554688  54.95233154296875
3855    -93.566764831542969  35.609844207763672  50.423931121826172
3856    -93.777145385742188  35.693500518798828  49.758068084716797
3857    -93.291229248046875  35.430881500244141  51.315299987792969
3858    -93.392913818359375  34.974071502685547  52.398403167724609
3859    -93.06689453125  34.829948425292969  53.063869476318359
3860    -93.39013671875  36.148372650146484  48.453731536865234
3861    -93.432785034179688  35.934867858886719  49.436172485351562
3862    -93.084609985351562  35.8299560546875  50.429225921630859
3863    -92.907249450683594  35.737289428710938  50.928928375244141
3864    -92.399635314941406  34.483139038085938  54.339466094970703
3865    -92.717300415039062  34.686695098876953  53.717144012451172
3866    -92.33355712890625  33.900959014892578  55.319549560546875
3867    -92.633651733398438  33.641929626464844  55.643455505371094
3868    -92.322906494140625  35.465705871582031  52.316421508789062
3869    -92.593528747558594  35.637840270996094  51.587547302246094
3870    -92.399528503417969  34.971389770507812  53.392890930175781
3871    -92.068588256835938  34.821033477783203  53.980072021484375
3872    -92.34002685546875  36.557186126708984  48.41778564453125
3873    -92.409156799316406  36.327774047851562  49.438323974609375
3874    -92.411102294921875  36.061431884765625  50.426376342773438
3875    -92.322135925292969  35.809745788574219  51.319683074951172
3876    -91.934783935546875  35.741134643554688  51.926113128662109
3877    -91.967086791992188  36.741241455078125  48.065654754638672
3878    -91.413375854492188  34.221218109130859  55.358306884765625
3879    -91.435585021972656  34.627124786376953  54.657302856445312
3880    -91.438453674316406  35.320724487304688  53.383693695068359
3881    -91.434745788574219  35.640628814697266  52.627765655517578
3882    -91.449356079101562  34.965927124023438  54.174983978271484
3883    -91.433013916015625  36.612861633300781  49.459613800048828
3884    -91.759002685546875  36.683326721191406  48.720878601074219
3885    -91.435821533203125  36.384723663330078  50.427082061767578
3886    -91.43817138671875  36.082069396972656  51.418399810791016
3887    -91.434783935546875  35.824085235595703  52.136634826660156
3888    -91.437431335449219  36.825935363769531  48.416194915771484
3889    -91.11541748046875  36.757236480712891  49.149940490722656
3890    -90.454643249511719  34.526985168457031  55.405899047851562
3891    -90.442619323730469  34.612472534179688  54.768604278564453
3892    -90.468185424804688  35.497879028320312  53.40106201171875
3893    -90.470924377441406  35.764732360839844  52.852230072021484
3894    -90.464889526367188  35.017963409423828  54.315673828125
3895    -90.407783508300781  36.632617950439453  50.349590301513672
3896    -90.695259094238281  36.724605560302734  49.812305450439453
3897    -90.466812133789062  36.312107086181641  51.430202484130859
3898    -90.468788146972656  35.965633392333984  52.358512878417969
3899    -90.466590881347656  37.058341979980469  48.459346771240234
3900    -90.410232543945312  36.860141754150391  49.474563598632812
3901    -90.035789489746094  36.725128173828125  49.950008392333984
3902    -89.5211181640625  34.622993469238281  55.41082763671875
3903    -89.890472412109375  34.624118804931641  54.810276031494141
3904    -89.491645812988281  35.513942718505859  53.379207611083984
3905    -89.902610778808594  35.68280029296875  52.837120056152344
3906    -89.490653991699219  34.974998474121094  54.399494171142578
3907    -89.186996459960938  34.688179016113281  55.009166717529297
3908    -89.43035888671875  36.247615814208984  51.367134094238281
3909    -89.43402099609375  36.50421142578125  50.558944702148438
3910    -89.491539001464844  35.845527648925781  52.422576904296875
3911    -89.209182739257812  35.795547485351562  53.105579376220703
3912    -89.441841125488281  36.981082916259766  48.428428649902344
3913    -89.437301635742188  36.785018920898438  49.407581329345703
3914    -89.433769226074219  36.628768920898438  50.066986083984375
3915    -88.389564514160156  35.527534484863281  54.299026489257812
3916    -88.658416748046875  35.715545654296875  53.775508880615234
3917    -88.445381164550781  34.886154174804688  55.180442810058594
3918    -88.456787109375  34.573173522949219  55.682342529296875
3919    -88.472503662109375  36.633464813232422  51.402740478515625
3920    -88.796867370605469  36.683296203613281  50.795391082763672
3921    -88.45794677734375  36.285121917724609  52.412094116210938
3922    -88.388008117675781  35.902549743652344  53.432727813720703
3923    -88.018562316894531  35.741867065429688  53.891635894775391
3924    -88.459388732910156  37.314849853515625  48.454818725585938
3925    -88.459075927734375  37.113468170166016  49.442947387695312
3926    -88.469161987304688  36.875904083251953  50.458534240722656
3927    -88.148109436035156  36.778003692626953  51.045158386230469
3928    -94.975173950195312  31.921401977539062  56.021305084228516
3929    -94.289161682128906  32.261970520019531  56.294315338134766
3930    -94.008766174316406  31.915027618408203  56.983421325683594
3931    -93.888694763183594  32.801555633544922  55.895004272460938
3932    -93.267532348632812  32.241714477539062  57.258331298828125
3933    -93.547500610351562  32.604499816894531  56.567539215087891
3934    -92.985343933105469  31.876594543457031  57.91754150390625
3935    -93.280899047851562  32.938434600830078  56.287651062011719
3936    -92.876609802246094  32.780727386474609  56.846549987792969
3937    -92.380912780761719  32.050136566162109  58.127372741699219
3938    -92.390518188476562  32.554954528808594  57.529769897460938
3939    -92.354278564453125  33.428760528564453  56.315731048583984
3940    -92.390464782714844  32.914981842041016  57.035179138183594
3941    -91.989219665527344  33.798370361328125  55.939472198486328
3942    -91.475624084472656  32.331275939941406  58.366794586181641
3943    -91.739540100097656  32.713180541992188  57.74346923828125
3944    -91.206687927246094  31.939170837402344  58.980472564697266
3945    -91.415077209472656  33.104103088378906  57.391441345214844
3946    -91.415008544921875  33.634445190429688  56.624515533447266
3947    -91.087638854980469  32.839923858642578  57.920940399169922
3948    -91.420768737792969  33.912124633789062  56.138542175292969
3949    -90.419845581054688  32.101375579833984  59.184795379638672
3950    -90.421882629394531  32.589855194091797  58.582118988037109
3951    -90.46112060546875  33.504131317138672  57.307563781738281
3952    -90.806327819824219  33.723186492919922  56.794654846191406
3953    -90.427902221679688  32.972671508789062  58.095211029052734
3954    -90.472984313964844  34.043132781982422  56.449287414550781
3955    -90.156158447265625  33.81243896484375  56.950763702392578
3956    -89.46356201171875  32.290740966796875  59.328422546386719
3957    -89.699195861816406  32.700412750244141  58.731170654296875
3958    -89.22772216796875  31.882505416870117  59.901046752929688
3959    -89.406524658203125  33.062538146972656  58.388912200927734
3960    -89.446891784667969  33.597702026367188  57.582839965820312
3961    -89.04998779296875  32.803501129150391  58.865585327148438
3962    -89.460014343261719  34.29608154296875  56.388713836669922
3963    -89.452857971191406  33.898723602294922  57.095611572265625
3964    -88.457534790039062  31.974323272705078  60.007305145263672
3965    -88.460662841796875  32.470443725585938  59.438339233398438
3966    -88.465957641601562  33.284610748291016  58.346591949462891
3967    -88.467689514160156  33.677547454833984  57.723751068115234
3968    -88.461402893066406  32.856250762939453  58.941066741943359
3969    -88.47869873046875  34.422393798828125  56.395824432373047
3970    -88.473419189453125  33.965404510498047  57.239353179931641
3971    -87.544281005859375  3.8600733280181885  55.545459747314453
3972    -87.54998779296875  4.0948429107666016  54.746200561523438
3973    -87.571662902832031  4.6632375717163086  53.661304473876953
3974    -87.529083251953125  4.8211593627929688  52.756217956542969
3975    -87.562477111816406  4.3578634262084961  54.269889831542969
3976    -87.614631652832031  5.623927116394043  52.355903625488281
3977    -87.999488830566406  5.965550422668457  52.267784118652344
3978    -87.951858520507812  6.5053448677062988  52.255710601806641
3979    -87.459556579589844  6.5081133842468262  52.33551025390625
3980    -87.974906921386719  7.1332859992980957  52.266521453857422
3981    -87.614082336425781  7.472226619720459  52.378871917724609
3982    -86.554275512695312  4.1151723861694336  55.555988311767578
3983    -86.879783630371094  4.2059750556945801  54.957839965820312
3984    -86.561447143554688  4.7682795524597168  53.591392517089844
3985    -86.556831359863281  4.9851717948913574  52.963626861572266
3986    -86.562416076660156  4.4547848701477051  54.612491607666016
3987    -86.229629516601562  4.3075056076049805  55.251087188720703
3988    -86.562217712402344  5.5646505355834961  52.67449951171875
3989    -86.580581665039062  6.5108203887939453  52.582378387451172
3990    -86.585601806640625  7.4834103584289551  52.660678863525391
3991    -85.566596984863281  4.9538106918334961  53.557075500488281
3992    -85.944931030273438  5.1202096939086914  53.118785858154297
3993    -85.631828308105469  4.912966251373291  54.623161315917969
3994    -85.619155883789062  4.4358158111572266  55.563022613525391
3995    -85.968070983886719  4.2308158874511719  55.883651733398438
3996    -85.598548889160156  5.6098060607910156  53.02313232421875
3997    -85.272880554199219  5.3339142799377441  53.275341033935547
3998    -85.5906982421875  6.5103311538696289  52.921871185302734
3999    -85.595527648925781  7.4862017631530762  52.990230560302734
4000    -84.529632568359375  5.1097397804260254  54.554386138916016
4001    -84.779296875  5.0858502388000488  53.904048919677734
4002    -84.619308471679688  4.9009733200073242  55.563190460205078
4003    -84.560066223144531  5.5350208282470703  53.588310241699219
4004    -85.058433532714844  5.9561710357666016  53.202434539794922
4005    -84.158699035644531  5.2139081954956055  54.23724365234375
4006    -85.012680053710938  6.5157322883605957  53.187229156494141
4007    -84.522598266601562  6.5253720283508301  53.423084259033203
4008    -85.055221557617188  7.4876646995544434  53.239055633544922
4009    -84.569648742675781  7.4892978668212891  53.472156524658203
4010    -83.946624755859375  5.2764158248901367  55.574779510498047
4011    -84.014686584472656  5.2178382873535156  54.844982147216797
4012    -83.535354614257812  5.4476208686828613  54.470726013183594
4013    -83.826866149902344  5.7643799781799316  53.942554473876953
4014    -83.441276550292969  5.427281379699707  55.579948425292969
4015    -83.570480346679688  6.6175785064697266  53.962749481201172
4016    -83.234565734863281  6.3909845352172852  54.260337829589844
4017    -83.550308227539062  7.4387950897216797  53.998771667480469
4018    -82.452743530273438  5.6154279708862305  55.444381713867188
4019    -82.795455932617188  5.8423271179199219  54.819145202636719
4020    -82.6773681640625  6.5901045799255371  54.684299468994141
4021    -83.170639038085938  6.9831914901733398  54.233051300048828
4022    -82.218055725097656  6.2140283584594727  55.210262298583984
4023    -83.1690673828125  7.0811276435852051  54.239253997802734
4024    -82.756378173828125  7.4639692306518555  54.559898376464844
4025    -83.185722351074219  7.7351374626159668  54.2608642578125
4026    -81.690589904785156  6.5799880027770996  55.640163421630859
4027    -82.116279602050781  6.7846484184265137  55.123252868652344
4028    -81.885765075683594  5.943366527557373  55.774814605712891
4029    -82.087562561035156  7.5551419258117676  55.124881744384766
4030    -81.577217102050781  7.5620837211608887  55.589866638183594
4031    -80.352851867675781  7.6312813758850098  51.502098083496094
4032    -80.317291259765625  7.6945552825927734  50.598690032958984
4033    -79.836463928222656  7.1971263885498047  50.947216033935547
4034    -79.8663330078125  7.1660251617431641  51.502613067626953
4035    -80.860397338867188  8.133021354675293  51.501701354980469
4036    -80.832237243652344  8.1634750366210938  50.884418487548828
4037    -80.318840026855469  7.6848816871643066  52.431808471679688
4038    -79.845573425292969  7.1854619979858398  52.090778350830078
4039    -80.8408203125  8.1521739959716797  52.138473510742188
4040    -81.166702270507812  7.571042537689209  56.089962005615234
4041    -81.196983337402344  6.9817256927490234  56.132701873779297
4042    -87.573631286621094  0.86117130517959595  59.548927307128906
4043    -87.985855102539062  1.0488870143890381  59.139251708984375
4044    -87.568504333496094  1.011054515838623  60.463428497314453
4045    -87.895820617675781  1.1937508583068848  60.902828216552734
4046    -87.605522155761719  1.631479024887085  59.098350524902344
4047    -87.301513671875  1.3798215389251709  59.329303741455078
4048    -87.24346923828125  1.2719048261642456  60.765731811523438
4049    -87.568992614746094  1.5661481618881226  61.282470703125
4050    -87.593605041503906  2.2213382720947266  62.055206298828125
4051    -87.548866271972656  2.5828416347503662  59.039588928222656
4052    -87.582183837890625  2.4467029571533203  62.631362915039062
4053    -87.566123962402344  2.5413398742675781  63.453311920166016
4054    -87.542694091796875  3.7903237342834473  56.501354217529297
4055    -87.537223815917969  3.9100751876831055  57.533981323242188
4056    -87.631546020507812  4.2254409790039062  59.117992401123047
4057    -86.968994140625  1.1643112897872925  60.201210021972656
4058    -86.955329895019531  1.1096287965774536  59.910160064697266
4059    -86.587837219238281  1.6056128740310669  59.541679382324219
4060    -86.968475341796875  2.0327920913696289  59.240524291992188
4061    -86.607208251953125  1.4037686586380005  60.485813140869141
4062    -86.638107299804688  1.9630464315414429  61.372344970703125
4063    -87.029579162597656  2.3324429988861084  61.855812072753906
4064    -86.593345642089844  2.6481661796569824  59.19085693359375
4065    -86.299346923828125  2.3407225608825684  59.309864044189453
4066    -86.3572998046875  2.4014310836791992  61.684482574462891
4067    -86.674041748046875  2.6352694034576416  62.285446166992188
4068    -86.588920593261719  2.8202700614929199  63.448940277099609
4069    -86.5601806640625  3.9869735240936279  56.508014678955078
4070    -86.552528381347656  4.0550384521484375  57.546028137207031
4071    -86.708511352539062  4.3621621131896973  59.205955505371094
4072    -85.581558227539062  1.8335187435150146  60.477005004882812
4073    -85.551353454589844  1.8604719638824463  59.771797180175781
4074    -85.592254638671875  2.101804256439209  61.048736572265625
4075    -85.56463623046875  2.6453249454498291  59.371212005615234
4076    -85.907295227050781  3.03192138671875  59.248783111572266
4077    -85.602317810058594  2.4826340675354004  61.517875671386719
4078    -85.624267578125  3.0669898986816406  62.375984191894531
4079    -85.855636596679688  3.1070995330810547  63.448581695556641
4080    -85.853431701660156  4.197929859161377  56.516216278076172
4081    -85.888137817382812  4.2235655784606934  57.553367614746094
4082    -85.80877685546875  4.274874210357666  59.237777709960938
4083    -85.241706848144531  3.2230360507965088  59.301044464111328
4084    -85.255271911621094  3.3406152725219727  62.779388427734375
4085    -85.38861083984375  3.4106793403625488  63.438121795654297
4086    -85.364646911621094  4.3437480926513672  56.524921417236328
4087    -85.399711608886719  4.3475794792175293  57.535907745361328
4088    -85.419349670410156  4.471245288848877  58.265735626220703
4089    -84.941146850585938  2.1367378234863281  60.477901458740234
4090    -84.924919128417969  2.1150960922241211  59.979938507080078
4091    -85.070838928222656  2.2203202247619629  60.913436889648438
4092    -84.536773681640625  2.5385951995849609  59.679039001464844
4093    -84.447547912597656  2.375842809677124  60.485553741455078
4094    -84.648567199707031  2.7477438449859619  61.344242095947266
4095    -84.931533813476562  3.2017822265625  62.029979705810547
4096    -84.59075927734375  3.3362913131713867  59.362667083740234
4097    -84.692008972167969  4.1005330085754395  59.264476776123047
4098    -84.253761291503906  3.3305749893188477  61.746509552001953
4099    -84.659317016601562  3.5923879146575928  62.351322174072266
4100    -84.654121398925781  3.8227722644805908  63.431251525878906
4101    -84.596015930175781  4.6189446449279785  56.527591705322266
4102    -84.593162536621094  4.6024074554443359  57.536144256591797
4103    -84.708824157714844  4.7715377807617188  58.557601928710938
4104    -83.594490051269531  2.797776460647583  60.487003326416016
4105    -83.5760498046875  2.9014220237731934  59.847881317138672
4106    -83.606010437011719  3.0503823757171631  61.100658416748047
4107    -83.543891906738281  3.662123441696167  59.444366455078125
4108    -83.910049438476562  4.1467251777648926  59.289970397949219
4109    -83.6253662109375  3.4402732849121094  61.554470062255859
4110    -83.743789672851562  4.1155343055725098  62.283969879150391
4111    -83.957160949707031  4.1330537796020508  63.443870544433594
4112    -83.740585327148438  5.0667471885681152  56.530612945556641
4113    -83.643409729003906  4.9755024909973145  57.539699554443359
4114    -83.811477661132812  5.2380671501159668  59.057323455810547
4115    -83.220489501953125  4.276646614074707  59.331169128417969
4116    -83.374778747558594  4.4130487442016602  62.688755035400391
4117    -83.449981689453125  4.3985638618469238  63.451934814453125
4118    -83.274810791015625  5.4000091552734375  56.536487579345703
4119    -83.161697387695312  5.263155460357666  57.530685424804688
4120    -83.199935913085938  5.3070545196533203  58.132434844970703
4121    -83.031402587890625  3.1227881908416748  60.485618591308594
4122    -83.037490844726562  3.1350181102752686  60.014240264892578
4123    -83.126472473144531  3.218696117401123  60.915306091308594
4124    -82.616661071777344  3.6092674732208252  59.754173278808594
4125    -82.544761657714844  3.4694287776947021  60.490352630615234
4126    -82.707878112792969  3.7484200000762939  61.317863464355469
4127    -83.036178588867188  4.2036776542663574  61.943683624267578
4128    -82.639801025390625  4.4047937393188477  59.395317077636719
4129    -82.836952209472656  5.267578125  59.255344390869141
4130    -82.338272094726562  4.3453989028930664  61.680179595947266
4131    -82.74468994140625  4.6863765716552734  62.299129486083984
4132    -82.615974426269531  4.9983911514282227  63.343189239501953
4133    -82.682701110839844  5.7038612365722656  56.550193786621094
4134    -82.634658813476562  5.6375951766967773  57.537811279296875
4135    -82.722686767578125  5.6760601997375488  58.452507019042969
4136    -81.88916015625  3.9638652801513672  60.497901916503906
4137    -81.949424743652344  3.996654748916626  59.939956665039062
4138    -82.001228332519531  4.082758903503418  61.074321746826172
4139    -81.629936218261719  4.6807055473327637  59.615032196044922
4140    -82.125617980957031  5.3202996253967285  59.310550689697266
4141    -81.364372253417969  4.3602194786071777  60.504470825195312
4142    -81.592147827148438  4.6161189079284668  61.449928283691406
4143    -82.068794250488281  5.1383476257324219  62.314460754394531
4144    -82.1942138671875  5.215569019317627  62.921642303466797
4145    -81.547630310058594  5.8618497848510742  56.546352386474609
4146    -81.581413269042969  5.845759391784668  57.532276153564453
4147    -81.799476623535156  5.9192490577697754  58.847408294677734
4148    -81.417221069335938  5.431067943572998  59.395881652832031
4149    -81.281074523925781  5.2798113822937012  61.748641967773438
4150    -81.567626953125  5.7232627868652344  62.375957489013672
4151    -81.920761108398438  5.6182079315185547  63.335968017578125
4152    -82.258895874023438  5.2656741142272949  63.633888244628906
4153    -81.292587280273438  6.3803563117980957  56.303230285644531
4154    -81.303558349609375  6.2591781616210938  62.813484191894531
4155    -81.456329345703125  6.4185280799865723  63.388511657714844
4156    -80.840606689453125  4.8604350090026855  60.504158020019531
4157    -80.951141357421875  4.9689116477966309  59.896163940429688
4158    -80.963233947753906  4.9826984405517578  61.156032562255859
4159    -80.925346374511719  6.0172357559204102  57.545330047607422
4160    -81.093269348144531  6.1139202117919922  56.919162750244141
4161    -80.671188354492188  6.032038688659668  58.696876525878906
4162    -80.686172485351562  5.5819416046142578  59.605964660644531
4163    -80.346542358398438  5.3580031394958496  60.499034881591797
4164    -80.624542236328125  5.5931873321533203  61.441059112548828
4165    -81.03057861328125  5.9479475021362305  62.109111785888672
4166    -80.994758605957031  6.6468501091003418  56.619865417480469
4167    -80.480567932128906  6.6132822036743164  57.597740173339844
4168    -80.329856872558594  6.3281145095825195  58.398952484130859
4169    -80.334075927734375  6.3477625846862793  61.695804595947266
4170    -80.649429321289062  6.6030402183532715  62.425712585449219
4171    -80.877479553222656  6.7825279235839844  63.440731048583984
4172    -80.783683776855469  7.5590782165527344  56.630298614501953
4173    -80.323043823242188  7.5502257347106934  57.328788757324219
4174    -80.353401184082031  7.328364372253418  62.691680908203125
4175    -80.412757873535156  7.6344289779663086  63.491065979003906
4176    -87.568199157714844  2.6494076251983643  64.464591979980469
4177    -87.574409484863281  2.8135178089141846  65.455307006835938
4178    -87.573310852050781  2.9948694705963135  66.445571899414062
4179    -87.634819030761719  3.1837809085845947  67.358428955078125
4180    -88.005424499511719  3.2569665908813477  67.971961975097656
4181    -87.352615356445312  3.339425802230835  67.635856628417969
4182    -87.631813049316406  3.4579730033874512  68.348060607910156
4183    -87.562774658203125  3.8750541210174561  69.397315979003906
4184    -87.5594482421875  4.1669745445251465  69.995658874511719
4185    -87.555809020996094  4.4407863616943359  70.481552124023438
4186    -87.556640625  4.9376282691955566  71.195449829101562
4187    -87.558738708496094  5.3383264541625977  71.667778015136719
4188    -86.594169616699219  2.9707355499267578  64.460922241210938
4189    -86.566429138183594  3.1241719722747803  65.39898681640625
4190    -86.9056396484375  3.1956226825714111  66.446861267089844
4191    -87.060150146484375  3.2655899524688721  66.978675842285156
4192    -86.233695983886719  3.3076422214508057  65.689201354980469
4193    -86.425643920898438  3.3825216293334961  66.44476318359375
4194    -86.682144165039062  3.4995822906494141  67.3577880859375
4195    -86.596336364746094  3.841038703918457  68.411659240722656
4196    -86.675987243652344  4.1257305145263672  69.346237182617188
4197    -87.071037292480469  4.2547855377197266  69.873291015625
4198    -86.418212890625  4.3484869003295898  69.626594543457031
4199    -86.67340087890625  4.5886926651000977  70.272163391113281
4200    -86.577857971191406  5.0907254219055176  70.999488830566406
4201    -86.572654724121094  5.4908633232116699  71.490936279296875
4202    -86.012405395507812  3.1997485160827637  64.459709167480469
4203    -86.100448608398438  3.2543423175811768  65.02764892578125
4204    -85.545677185058594  3.504148006439209  64.4530029296875
4205    -85.724983215332031  3.5368192195892334  65.394241333007812
4206    -85.632423400878906  3.7709774971008301  66.445632934570312
4207    -85.521415710449219  3.9869179725646973  67.507904052734375
4208    -85.827789306640625  4.1476607322692871  68.413948059082031
4209    -86.027442932128906  4.2207565307617188  68.980979919433594
4210    -85.163627624511719  4.277106761932373  67.868011474609375
4211    -85.333877563476562  4.3385791778564453  68.421928405761719
4212    -85.654190063476562  4.5055241584777832  69.35137939453125
4213    -85.67572021484375  5.0259065628051758  70.341682434082031
4214    -86.054725646972656  5.2051844596862793  70.860099792480469
4215    -85.405815124511719  5.355900764465332  70.635749816894531
4216    -85.682701110839844  5.7245793342590332  71.290397644042969
4217    -84.535263061523438  3.989884614944458  64.549079895019531
4218    -84.7119140625  4.0408902168273926  65.45672607421875
4219    -84.920944213867188  4.1613340377807617  66.445648193359375
4220    -85.07598876953125  4.2344183921813965  67.212715148925781
4221    -84.1480712890625  4.2644147872924805  64.937767028808594
4222    -84.224960327148438  4.299710750579834  65.453056335449219
4223    -84.46063232421875  4.4810185432434082  66.429153442382812
4224    -84.750442504882812  4.560737133026123  67.481689453125
4225    -84.644134521484375  4.7394299507141113  68.423095703125
4226    -84.631614685058594  5.0038495063781738  69.348625183105469
4227    -84.985313415527344  5.1459174156188965  69.998748779296875
4228    -84.327545166015625  5.3160128593444824  69.621070861816406
4229    -84.589500427246094  5.6479520797729492  70.400703430175781
4230    -84.864791870117188  6.0009860992431641  71.047080993652344
4231    -84.231040954589844  6.2464032173156738  70.764862060546875
4232    -84.553543090820312  6.5874133110046387  71.398147583007812
4233    -85.328857421875  6.308006763458252  71.693962097167969
4234    -84.051033020019531  4.2070508003234863  64.275886535644531
4235    -83.690780639648438  4.4482264518737793  64.550102233886719
4236    -83.643577575683594  4.6238389015197754  65.455558776855469
4237    -83.634979248046875  4.8185153007507324  66.450904846191406
4238    -83.632217407226562  5.0212454795837402  67.344963073730469
4239    -84.026702880859375  5.1602754592895508  68.417274475097656
4240    -84.126777648925781  5.206446647644043  68.970230102539062
4241    -83.32867431640625  5.3330464363098145  67.597946166992188
4242    -83.543724060058594  5.5120105743408203  68.411827087402344
4243    -83.671760559082031  5.6861319541931152  69.370193481445312
4244    -83.908615112304688  5.9732089042663574  70.139274597167969
4245    -83.276939392089844  6.2822542190551758  69.732643127441406
4246    -83.571769714355469  6.5669150352478027  70.454490661621094
4247    -83.882255554199219  6.8691539764404297  71.1011962890625
4248    -83.256050109863281  7.2427554130554199  70.753097534179688
4249    -83.594329833984375  7.551729679107666  71.396438598632812
4250    -84.255912780761719  7.2543835639953613  71.729270935058594
4251    -82.824325561523438  4.9916162490844727  64.456596374511719
4252    -82.96075439453125  5.068389892578125  65.452117919921875
4253    -83.106239318847656  5.1753454208374023  66.446197509765625
4254    -83.177413940429688  5.2302117347717285  66.938430786132812
4255    -82.333152770996094  5.3432416915893555  64.456687927246094
4256    -82.457855224609375  5.4725713729858398  65.45849609375
4257    -82.492515563964844  5.6906929016113281  66.543937683105469
4258    -82.799217224121094  5.6309762001037598  67.35235595703125
4259    -82.989936828613281  6.0541214942932129  68.384910583496094
4260    -83.059471130371094  6.0863165855407715  69.100082397460938
4261    -82.326210021972656  6.2916879653930664  66.892501831054688
4262    -82.426048278808594  6.3943033218383789  67.398124694824219
4263    -82.409523010253906  6.4305620193481445  68.424461364746094
4264    -82.690910339355469  6.6672725677490234  69.371559143066406
4265    -82.997474670410156  6.9198946952819824  70.1131591796875
4266    -82.344650268554688  7.3529672622680664  69.63189697265625
4267    -82.682769775390625  7.6174535751342773  70.3682861328125
4268    -83.024551391601562  7.8833656311035156  71.014793395996094
4269    -81.989128112792969  5.8277707099914551  64.454261779785156
4270    -82.112510681152344  6.008082389831543  65.450431823730469
4271    -82.258819580078125  6.192779541015625  66.232536315917969
4272    -81.57952880859375  6.5599408149719238  64.432167053222656
4273    -81.712898254394531  6.7120404243469238  65.434974670410156
4274    -81.757606506347656  6.69805908203125  66.4515380859375
4275    -81.845245361328125  6.7020988464355469  67.451164245605469
4276    -82.038566589355469  6.9083728790283203  68.42291259765625
4277    -82.177513122558594  7.0860943794250488  68.986061096191406
4278    -81.309623718261719  7.280364990234375  66.655265808105469
4279    -81.405952453613281  7.455723762512207  67.43402099609375
4280    -81.558540344238281  7.7045865058898926  68.353660583496094
4281    -81.998931884765625  7.6486759185791016  69.347122192382812
4282    -82.154426574707031  8.000798225402832  69.974617004394531
4283    -81.039192199707031  6.9634552001953125  64.45318603515625
4284    -81.188468933105469  7.1024580001831055  65.451469421386719
4285    -81.232101440429688  7.1487984657287598  65.998710632324219
4286    -80.659408569335938  7.6299753189086914  64.443984985351562
4287    -80.8826904296875  7.62725830078125  65.447891235351562
4288    -81.076469421386719  7.6015386581420898  66.375373840332031
4289    -81.156105041503906  7.9325480461120605  67.436492919921875
4290    -81.233848571777344  8.0805826187133789  67.987190246582031
4291    -87.552085876464844  5.8015947341918945  72.159751892089844
4292    -87.554252624511719  6.3677687644958496  72.634895324707031
4293    -87.5528564453125  6.8480262756347656  72.974723815917969
4294    -87.60498046875  7.7040619850158691  73.490989685058594
4295    -87.966804504394531  8.0879182815551758  73.760238647460938
4296    -86.576431274414062  5.9859418869018555  71.987693786621094
4297    -86.500030517578125  6.663851261138916  72.5401611328125
4298    -86.780197143554688  7.0061321258544922  72.867263793945312
4299    -86.141487121582031  7.1808900833129883  72.748397827148438
4300    -86.503311157226562  7.540802001953125  73.091384887695312
4301    -85.976295471191406  6.1245222091674805  71.857559204101562
4302    -85.627090454101562  6.6316075325012207  72.124626159667969
4303    -85.60443115234375  7.3780107498168945  72.636703491210938
4304    -85.606369018554688  7.8681812286376953  72.900794982910156
4305    -84.894401550292969  6.9505224227905273  71.948898315429688
4306    -84.663429260253906  7.6600360870361328  72.276802062988281
4307    -85.090324401855469  8.0849065780639648  72.789909362792969
4308    -83.973281860351562  7.8929781913757324  71.942390441894531
4309    -83.510078430175781  14.562640190124512  31.670249938964844
4310    -82.978599548339844  14.559014320373535  30.891311645507812
4311    -82.850563049316406  13.92292308807373  31.026838302612305
4312    -83.054412841796875  13.607234001159668  31.609302520751953
4313    -83.590278625488281  15.544238090515137  31.447158813476562
4314    -83.090614318847656  15.524168968200684  30.813844680786133
4315    -83.944404602050781  15.5677490234375  31.945493698120117
4316    -83.836380004882812  14.89173412322998  32.046672821044922
4317    -82.466239929199219  12.675883293151855  31.597751617431641
4318    -81.996597290039062  12.680990219116211  30.682880401611328
4319    -81.824195861816406  12.121360778808594  31.048967361450195
4320    -81.961753845214844  11.984370231628418  31.583984375
4321    -82.480300903320312  13.594133377075195  30.665510177612305
4322    -81.960121154785156  13.587523460388184  29.891166687011719
4323    -81.82373046875  13.040786743164062  30.075220108032227
4324    -82.70037841796875  13.287702560424805  31.284481048583984
4325    -82.856697082519531  13.027050018310547  31.928272247314453
4326    -82.612960815429688  14.54917049407959  30.400192260742188
4327    -81.997947692871094  14.606200218200684  29.622207641601562
4328    -82.039268493652344  15.415863990783691  29.649574279785156
4329    -81.750358581542969  15.051383972167969  29.143230438232422
4330    -81.739418029785156  14.946165084838867  29.147247314453125
4331    -82.668251037597656  15.504702568054199  30.318574905395508
4332    -81.520751953125  11.487680435180664  31.568033218383789
4333    -81.276924133300781  11.700440406799316  30.682073593139648
4334    -80.877029418945312  11.162737846374512  30.991353988647461
4335    -81.031448364257812  11.045018196105957  31.56086540222168
4336    -81.641716003417969  12.391599655151367  30.392358779907227
4337    -81.306655883789062  12.628122329711914  29.635158538818359
4338    -80.973587036132812  11.967978477478027  29.890579223632812
4339    -80.875816345214844  13.533431053161621  25.517307281494141
4340    -80.832351684570312  13.531833648681641  25.145227432250977
4341    -80.757369995117188  13.069781303405762  25.196674346923828
4342    -80.787788391113281  12.986273765563965  25.525074005126953
4343    -80.728622436523438  13.638961791992188  26.406000137329102
4344    -80.750633239746094  12.978785514831543  26.014554977416992
4345    -81.618644714355469  13.586468696594238  29.384208679199219
4346    -81.08154296875  13.547214508056641  28.554782867431641
4347    -80.926368713378906  12.895549774169922  28.856803894042969
4348    -80.997734069824219  14.5169677734375  25.530130386352539
4349    -80.921157836914062  14.510292053222656  25.073877334594727
4350    -80.984649658203125  14.534641265869141  26.511968612670898
4351    -81.030570983886719  14.553546905517578  27.564432144165039
4352    -80.765792846679688  13.859654426574707  27.562955856323242
4353    -81.446372985839844  14.608493804931641  28.735929489135742
4354    -81.701950073242188  14.325364112854004  29.221006393432617
4355    -80.971412658691406  15.486468315124512  25.541780471801758
4356    -80.896263122558594  15.486088752746582  25.101198196411133
4357    -81.055389404296875  15.487307548522949  26.51995849609375
4358    -81.146148681640625  15.48001766204834  27.551813125610352
4359    -81.458961486816406  15.400500297546387  28.725025177001953
4360    -81.661857604980469  15.664347648620605  29.260429382324219
4361    -79.978218078613281  9.4586381912231445  25.579483032226562
4362    -79.934928894042969  9.5379791259765625  25.071893692016602
4363    -79.819282531738281  9.0828275680541992  25.138025283813477
4364    -79.821052551269531  9.0832548141479492  25.335601806640625
4365    -80.282737731933594  10.526313781738281  25.513616561889648
4366    -80.024497985839844  10.522721290588379  25.047431945800781
4367    -80.072456359863281  10.554239273071289  26.266725540161133
4368    -79.919364929199219  9.7393178939819336  26.056682586669922
4369    -80.282234191894531  10.515091896057129  31.603315353393555
4370    -80.380455017089844  10.900341033935547  30.625097274780273
4371    -80.506294250488281  11.523920059204102  25.517965316772461
4372    -80.1156005859375  11.520577430725098  25.054330825805664
4373    -80.1187744140625  11.519164085388184  26.488943099975586
4374    -80.690605163574219  11.316332817077637  30.342290878295898
4375    -80.397239685058594  11.610269546508789  29.553800582885742
4376    -80.054176330566406  11.053509712219238  29.878936767578125
4377    -80.704360961914062  12.46674633026123  25.527868270874023
4378    -80.411323547363281  12.629476547241211  25.064094543457031
4379    -80.498954772949219  12.634021759033203  26.373743057250977
4380    -79.977867126464844  12.760166168212891  27.499589920043945
4381    -79.498382568359375  12.184893608093262  27.377355575561523
4382    -80.500816345214844  12.629769325256348  28.551023483276367
4383    -79.980201721191406  12.010659217834473  28.604427337646484
4384    -80.730033874511719  12.252490997314453  29.232843399047852
4385    -80.462821960449219  13.511346817016602  24.999998092651367
4386    -80.583045959472656  13.364919662475586  26.670804977416992
4387    -80.553726196289062  13.393108367919922  27.542232513427734
4388    -80.727485656738281  13.197968482971191  28.150278091430664
4389    -80.460563659667969  14.504900932312012  24.999998092651367
4390    -80.461227416992188  15.492291450500488  25.001995086669922
4391    -87.453018188476562  11.756686210632324  39.588283538818359
4392    -87.376548767089844  12.127154350280762  38.587055206298828
4393    -87.375617980957031  12.499013900756836  37.705204010009766
4394    -87.436691284179688  13.041362762451172  36.799842834472656
4395    -87.653358459472656  12.309511184692383  38.252288818359375
4396    -86.997596740722656  12.258618354797363  38.101024627685547
4397    -87.4300537109375  13.338086128234863  36.316051483154297
4398    -87.42779541015625  13.859987258911133  35.61260986328125
4399    -87.751510620117188  14.27733325958252  35.263774871826172
4400    -87.427574157714844  14.688211441040039  34.687023162841797
4401    -87.089668273925781  14.156502723693848  35.119773864746094
4402    -87.758216857910156  15.257241249084473  34.273441314697266
4403    -87.4278564453125  15.612008094787598  33.871658325195312
4404    -87.097892761230469  15.117447853088379  34.153739929199219
4405    -86.465400695800781  11.970291137695312  38.600730895996094
4406    -86.461723327636719  12.207290649414062  38.001003265380859
4407    -86.470512390136719  11.609512329101562  39.584548950195312
4408    -86.456527709960938  12.439088821411133  37.512950897216797
4409    -86.505714416503906  12.958376884460449  36.555198669433594
4410    -86.4959716796875  13.496726036071777  35.705665588378906
4411    -86.434890747070312  14.039664268493652  34.974288940429688
4412    -86.862007141113281  13.257891654968262  36.188739776611328
4413    -86.208671569824219  13.182940483093262  36.060070037841797
4414    -86.432907104492188  14.489225387573242  34.485370635986328
4415    -86.427078247070312  14.986052513122559  34.039432525634766
4416    -86.492927551269531  15.691210746765137  33.490039825439453
4417    -85.485588073730469  11.872632026672363  38.596065521240234
4418    -85.479423522949219  12.162459373474121  37.862041473388672
4419    -85.490768432617188  11.544909477233887  39.583194732666016
4420    -85.466270446777344  12.732531547546387  36.624813079833984
4421    -85.455665588378906  13.108675956726074  35.922733306884766
4422    -85.472732543945312  12.377723693847656  37.373779296875
4423    -85.437301635742188  13.42805290222168  35.4459228515625
4424    -85.432289123535156  13.894721984863281  34.79217529296875
4425    -85.421882629394531  14.328595161437988  34.317173004150391
4426    -85.408500671386719  14.824908256530762  33.866710662841797
4427    -85.389533996582031  15.409111976623535  33.409503936767578
4428    -86.204795837402344  16.037450790405273  33.149394989013672
4429    -85.400863647460938  15.871616363525391  33.075893402099609
4430    -84.506088256835938  11.853888511657715  38.588363647460938
4431    -84.500679016113281  12.145833015441895  37.794212341308594
4432    -84.509864807128906  11.549180030822754  39.576396942138672
4433    -84.474266052246094  12.637341499328613  36.601902008056641
4434    -84.356582641601562  13.166131019592285  35.627304077148438
4435    -84.492935180664062  12.335064888000488  37.298530578613281
4436    -84.662033081054688  13.353991508483887  35.298152923583984
4437    -84.232627868652344  13.861127853393555  34.724857330322266
4438    -83.85650634765625  13.382240295410156  35.019783020019531
4439    -84.53289794921875  14.689187049865723  33.68304443359375
4440    -84.034332275390625  14.60335636138916  32.617633819580078
4441    -83.849136352539062  14.018651962280273  32.909332275390625
4442    -84.033584594726562  13.901064872741699  33.631076812744141
4443    -84.784759521484375  14.315430641174316  34.274223327636719
4444    -84.451393127441406  15.596219062805176  32.771617889404297
4445    -84.673782348632812  15.339502334594727  33.390541076660156
4446    -83.5223388671875  11.922456741333008  38.588390350341797
4447    -83.521141052246094  12.163331031799316  37.83319091796875
4448    -83.52044677734375  11.663847923278809  39.591930389404297
4449    -83.312942504882812  12.98309326171875  35.566070556640625
4450    -83.371162414550781  12.896805763244629  34.561683654785156
4451    -83.444648742675781  12.733421325683594  36.592369079589844
4452    -83.504142761230469  12.362133026123047  37.326099395751953
4453    -83.532913208007812  13.65153980255127  32.569896697998047
4454    -83.007339477539062  12.865728378295898  32.571018218994141
4455    -83.64581298828125  13.375404357910156  33.574813842773438
4456    -83.1619873046875  12.756241798400879  33.5399169921875
4457    -83.7139892578125  13.300649642944336  34.288368225097656
4458    -83.714981079101562  14.25731372833252  32.255153656005859
4459    -82.471946716308594  12.120953559875488  38.521995544433594
4460    -82.759483337402344  12.252494812011719  37.966793060302734
4461    -82.526298522949219  11.699478149414062  39.591094970703125
4462    -82.651687622070312  12.370999336242676  32.554786682128906
4463    -82.158790588378906  11.824395179748535  32.54339599609375
4464    -82.727752685546875  12.276901245117188  33.521068572998047
4465    -82.260505676269531  11.800622940063477  33.502872467041016
4466    -82.738655090332031  12.289926528930664  34.485843658447266
4467    -82.258102416992188  11.874883651733398  34.463855743408203
4468    -82.620185852050781  12.393585205078125  35.473495483398438
4469    -82.11566162109375  12.058428764343262  35.429058074951172
4470    -82.357757568359375  12.600564002990723  36.441162109375
4471    -81.975288391113281  12.20601749420166  36.013057708740234
4472    -82.4454345703125  12.475048065185547  37.590229034423828
4473    -82.084327697753906  12.316412925720215  38.105567932128906
4474    -81.658676147460938  11.34735107421875  32.531352996826172
4475    -81.170585632324219  10.981626510620117  32.518833160400391
4476    -81.68072509765625  11.321261405944824  33.487838745117188
4477    -81.2127685546875  10.992385864257812  33.475502014160156
4478    -81.544532775878906  11.391034126281738  34.448066711425781
4479    -81.068733215332031  11.120855331420898  34.439189910888672
4480    -81.313758850097656  11.578103065490723  35.325695037841797
4481    -80.927909851074219  11.234758377075195  34.936626434326172
4482    -81.335235595703125  12.119370460510254  36.349498748779297
4483    -81.545455932617188  11.790763854980469  39.58514404296875
4484    -81.546440124511719  12.108006477355957  38.728267669677734
4485    -81.639785766601562  12.43620777130127  36.709716796875
4486    -81.403480529785156  12.687102317810059  37.401847839355469
4487    -80.980278015136719  12.344283103942871  36.927188873291016
4488    -81.534408569335938  12.338449478149414  38.197021484375
4489    -80.38970947265625  10.474859237670898  32.505367279052734
4490    -79.9029541015625  10.250072479248047  31.946638107299805
4491    -79.914604187011719  10.24736213684082  32.494514465332031
4492    -80.298820495605469  10.499051094055176  33.368167877197266
4493    -79.903526306152344  10.273140907287598  32.980411529541016
4494    -80.418891906738281  10.818732261657715  34.425567626953125
4495    -80.430793762207031  11.110540390014648  35.1031494140625
4496    -80.4412841796875  11.360845565795898  35.592487335205078
4497    -80.449653625488281  11.844161033630371  36.358688354492188
4498    -80.478034973144531  12.259979248046875  36.940036773681641
4499    -80.544120788574219  12.066596984863281  39.548988342285156
4500    -80.844398498535156  12.193472862243652  38.919052124023438
4501    -80.545799255371094  12.712614059448242  37.476814270019531
4502    -80.536033630371094  12.454358100891113  38.547042846679688
4503    -80.198570251464844  12.291997909545898  39.190402984619141
4504    -87.4613037109375  10.904613494873047  42.563083648681641
4505    -87.418014526367188  11.166971206665039  41.5460205078125
4506    -87.460578918457031  10.700565338134766  43.554264068603516
4507    -87.460014343261719  10.531773567199707  44.544231414794922
4508    -87.394020080566406  10.370018005371094  45.596851348876953
4509    -87.708572387695312  10.324502944946289  46.531234741210938
4510    -87.020248413085938  10.282559394836426  45.972785949707031
4511    -87.217819213867188  10.246372222900391  46.532302856445312
4512    -87.898452758789062  10.295899391174316  47.134902954101562
4513    -87.524223327636719  10.200161933898926  47.486991882324219
4514    -87.412445068359375  11.428506851196289  40.657157897949219
4515    -87.713134765625  11.310568809509277  41.200050354003906
4516    -87.06195068359375  11.274712562561035  41.035770416259766
4517    -86.469429016113281  10.174045562744141  46.536537170410156
4518    -86.473464965820312  10.250997543334961  45.799102783203125
4519    -86.469345092773438  10.039464950561523  47.523456573486328
4520    -86.478034973144531  11.050492286682129  41.571441650390625
4521    -86.475433349609375  11.23133373260498  40.924392700195312
4522    -86.480377197265625  10.803441047668457  42.561042785644531
4523    -86.479698181152344  10.611161231994629  43.555587768554688
4524    -86.478385925292969  10.434475898742676  44.546772003173828
4525    -86.476089477539062  10.319655418395996  45.299560546875
4526    -86.472602844238281  11.370789527893066  40.427291870117188
4527    -85.485916137695312  10.088223457336426  46.537052154541016
4528    -85.486320495605469  10.222414970397949  45.605621337890625
4529    -85.483688354492188  9.9823999404907227  47.527729034423828
4530    -85.495491027832031  11.018442153930664  41.575389862060547
4531    -85.4954833984375  11.218624114990234  40.816436767578125
4532    -85.494239807128906  10.771048545837402  42.563838958740234
4533    -85.492179870605469  10.567475318908691  43.556617736816406
4534    -85.490165710449219  10.389559745788574  44.549545288085938
4535    -85.487693786621094  10.301277160644531  45.107273101806641
4536    -85.494049072265625  11.347671508789062  40.3155517578125
4537    -84.497840881347656  10.073405265808105  46.539371490478516
4538    -84.5804443359375  10.223980903625488  45.449546813964844
4539    -84.498321533203125  9.9371519088745117  47.527484893798828
4540    -84.509544372558594  11.025583267211914  41.572334289550781
4541    -84.51116943359375  11.222356796264648  40.868148803710938
4542    -84.506278991699219  10.760053634643555  42.563701629638672
4543    -84.502494812011719  10.555052757263184  43.559478759765625
4544    -84.582008361816406  10.353850364685059  44.628761291503906
4545    -84.9658203125  10.296120643615723  45.0556640625
4546    -84.306190490722656  10.286170959472656  45.012123107910156
4547    -84.511711120605469  11.355096817016602  40.367683410644531
4548    -83.519279479980469  10.217864990234375  45.481632232666016
4549    -83.85321044921875  10.277385711669922  45.010814666748047
4550    -83.509437561035156  10.072781562805176  46.53759765625
4551    -83.510551452636719  9.9576797485351562  47.526100158691406
4552    -83.512214660644531  11.147550582885742  41.590423583984375
4553    -83.511238098144531  11.295598030090332  40.971546173095703
4554    -83.512054443359375  10.828655242919922  42.570026397705078
4555    -83.512481689453125  10.571674346923828  43.559364318847656
4556    -83.521492004394531  10.359387397766113  44.629444122314453
4557    -83.200180053710938  10.299069404602051  45.112258911132812
4558    -83.513839721679688  11.416889190673828  40.467826843261719
4559    -82.522499084472656  10.126534461975098  46.53973388671875
4560    -82.527023315429688  10.239046096801758  45.752094268798828
4561    -82.50628662109375  10.009026527404785  47.537681579589844
4562    -82.513084411621094  11.073809623718262  41.563682556152344
4563    -82.514472961425781  11.240779876708984  40.982471466064453
4564    -82.518745422363281  10.878206253051758  42.569549560546875
4565    -82.5252685546875  10.673576354980469  43.563198089599609
4566    -82.527198791503906  10.448511123657227  44.552341461181641
4567    -82.529151916503906  10.323969841003418  45.256172180175781
4568    -82.51910400390625  11.400083541870117  40.491302490234375
4569    -81.562370300292969  10.22446346282959  46.618007659912109
4570    -81.92425537109375  10.259991645812988  45.925090789794922
4571    -81.478172302246094  10.129703521728516  47.605987548828125
4572    -81.596298217773438  11.177156448364258  41.581157684326172
4573    -81.952568054199219  11.262815475463867  41.032958984375
4574    -81.538230895996094  10.920093536376953  42.561294555664062
4575    -81.536209106445312  10.71727180480957  43.54876708984375
4576    -81.546821594238281  10.607635498046875  44.554241180419922
4577    -81.573524475097656  10.37321949005127  45.574577331542969
4578    -81.265380859375  10.325298309326172  46.32049560546875
4579    -81.598930358886719  11.433037757873535  40.652435302734375
4580    -81.316452026367188  11.320761680603027  41.260158538818359
4581    -80.25836181640625  10.110596656799316  47.856372833251953
4582    -80.774711608886719  10.322340965270996  47.059871673583984
4583    -80.578468322753906  11.137642860412598  42.578422546386719
4584    -80.912467956542969  11.229828834533691  41.922451019287109
4585    -80.561012268066406  10.9000244140625  43.552169799804688
4586    -80.561874389648438  10.751898765563965  44.548309326171875
4587    -80.558326721191406  10.612405776977539  45.558876037597656
4588    -80.499046325683594  10.449487686157227  46.666275024414062
4589    -80.0836181640625  10.452580451965332  47.264015197753906
4590    -80.578025817871094  11.724613189697266  40.582405090332031
4591    -80.582504272460938  11.407260894775391  41.583904266357422
4592    -80.263587951660156  11.315576553344727  42.258781433105469
4593    -87.565391540527344  8.5150985717773438  52.517993927001953
4594    -87.449287414550781  10.132383346557617  48.512432098388672
4595    -87.448043823242188  10.10285472869873  49.50177001953125
4596    -87.462638854980469  10.122076034545898  50.536251068115234
4597    -87.509010314941406  10.343721389770508  51.893989562988281
4598    -87.57891845703125  9.4032602310180664  52.585536956787109
4599    -86.586578369140625  8.5363235473632812  52.754482269287109
4600    -86.468536376953125  9.9623889923095703  48.513309478759766
4601    -86.466438293457031  9.9484472274780273  49.500404357910156
4602    -86.482376098632812  9.9695158004760742  50.508693695068359
4603    -86.533851623535156  10.148490905761719  51.655418395996094
4604    -86.665512084960938  9.7770442962646484  52.852176666259766
4605    -85.594894409179688  8.555628776550293  53.095130920410156
4606    -85.483726501464844  9.8701333999633789  48.514621734619141
4607    -85.481796264648438  9.8562002182006836  49.499462127685547
4608    -85.488914489746094  9.8948545455932617  50.487781524658203
4609    -85.510894775390625  10.024050712585449  51.549110412597656
4610    -85.707313537597656  10.234323501586914  53.198402404785156
4611    -85.115264892578125  8.5710916519165039  53.290779113769531
4612    -84.630104064941406  8.5482425689697266  53.519485473632812
4613    -84.498588562011719  9.8456401824951172  48.516166687011719
4614    -84.497016906738281  9.8233613967895508  49.500801086425781
4615    -84.495140075683594  9.8432159423828125  50.481868743896484
4616    -84.511116027832031  9.9644784927368164  51.513092041015625
4617    -84.891761779785156  10.356127738952637  53.160427093505859
4618    -84.600181579589844  9.5475101470947266  53.6187744140625
4619    -83.700187683105469  8.5263166427612305  53.995182037353516
4620    -83.227073669433594  8.523930549621582  54.298133850097656
4621    -83.507049560546875  9.8626298904418945  48.519161224365234
4622    -83.491798400878906  9.8186025619506836  49.513645172119141
4623    -83.473274230957031  9.8081626892089844  50.494327545166016
4624    -83.46673583984375  9.9544200897216797  51.489208221435547
4625    -83.500289916992188  10.090024948120117  52.555858612060547
4626    -83.729316711425781  10.066045761108398  54.113330841064453
4627    -83.242568969726562  9.2215337753295898  54.342414855957031
4628    -82.636848449707031  8.5647544860839844  54.710670471191406
4629    -82.478416442871094  9.9204978942871094  48.540534973144531
4630    -82.401580810546875  9.9442453384399414  49.570533752441406
4631    -82.213127136230469  9.7230224609375  50.589313507080078
4632    -82.284675598144531  9.8168087005615234  51.470279693603516
4633    -81.796821594238281  9.2483615875244141  50.942710876464844
4634    -81.804939270019531  9.2252264022827148  51.491630554199219
4635    -82.182228088378906  9.8583498001098633  52.384559631347656
4636    -81.800521850585938  9.2176513671875  51.983711242675781
4637    -82.359687805175781  10.629404067993164  53.725688934326172
4638    -82.655082702636719  9.7571325302124023  54.787254333496094
4639    -81.34906005859375  8.6810312271118164  51.499118804931641
4640    -81.271469116210938  8.7319498062133789  50.6082763671875
4641    -81.285797119140625  8.7111873626708984  52.37689208984375
4642    -81.593032836914062  10.075424194335938  55.666103363037109
4643    -81.608238220214844  8.6576547622680664  55.596092224121094
4644    -81.242256164550781  9.8898639678955078  48.76708984375
4645    -81.537284851074219  9.5390052795410156  49.6131591796875
4646    -80.878700256347656  9.1571464538574219  49.091773986816406
4647    -81.045616149902344  8.9535493850708008  49.611995697021484
4648    -81.722389221191406  9.3548583984375  50.335617065429688
4649    -81.737762451171875  9.3197803497314453  52.624046325683594
4650    -81.549728393554688  9.5209207534790039  53.495933532714844
4651    -81.078872680664062  8.9058923721313477  53.466289520263672
4652    -81.743537902832031  9.2054853439331055  54.225593566894531
4653    -80.586784362792969  8.4256677627563477  49.610992431640625
4654    -80.242706298828125  8.7885646820068359  48.748268127441406
4655    -79.906692504882812  8.1101894378662109  49.090724945068359
4656    -80.096321105957031  7.9312992095947266  49.609287261962891
4657    -80.759635925292969  8.242218017578125  50.259693145751953
4658    -80.745597839355469  8.2414360046386719  52.760711669921875
4659    -80.643661499023438  8.3946647644042969  53.435375213623047
4660    -80.131736755371094  7.900604248046875  53.407131195068359
4661    -80.33270263671875  8.8276958465576172  54.365867614746094
4662    -79.94171142578125  8.1060590744018555  53.975421905517578
4663    -81.790290832519531  10.237567901611328  55.495147705078125
4664    -80.527511596679688  9.4761486053466797  48.471721649169922
4665    -79.882644653320312  9.1860456466674805  48.196575164794922
4666    -80.696876525878906  8.5626993179321289  56.605297088623047
4667    -80.305282592773438  8.5329809188842773  57.234409332275391
4668    -81.58551025390625  10.802102088928223  54.670528411865234
4669    -80.757240295410156  9.7238626480102539  56.585826873779297
4670    -80.304779052734375  9.2528238296508789  57.171974182128906
4671    -82.361907958984375  8.4329662322998047  70.627044677734375
4672    -82.743331909179688  8.717921257019043  71.266563415527344
4673    -83.3206787109375  8.361053466796875  71.678543090820312
4674    -81.337310791015625  8.3379659652709961  68.634140014648438
4675    -81.505287170410156  8.6322202682495117  69.351776123046875
4676    -82.04315185546875  8.6961030960083008  70.32501220703125
4677    -82.221183776855469  9.0859498977661133  70.834274291992188
4678    -81.317428588867188  9.5810794830322266  69.702133178710938
4679    -81.701637268066406  9.5722675323486328  70.366539001464844
4680    -82.113815307617188  9.5708045959472656  70.965133666992188
4681    -82.513748168945312  9.5674095153808594  71.459999084472656
4682    -81.255546569824219  10.07526969909668  69.858352661132812
4683    -81.431495666503906  10.456393241882324  70.332603454589844
4684    -81.977462768554688  10.553806304931641  71.1402587890625
4685    -82.372711181640625  10.552631378173828  71.623977661132812
4686    -81.384124755859375  11.531246185302734  70.59814453125
4687    -81.87408447265625  11.53029727935791  71.2598876953125
4688    -82.284477233886719  11.531256675720215  71.72723388671875
4689    -81.344337463378906  12.505233764648438  70.662635803222656
4690    -81.818008422851562  12.504095077514648  71.318603515625
4691    -82.235984802246094  12.50406551361084  71.778175354003906
4692    -81.355148315429688  13.480173110961914  70.640098571777344
4693    -81.850082397460938  13.479120254516602  71.280288696289062
4694    -82.247909545898438  13.478418350219727  71.762351989746094
4695    -81.443931579589844  14.455043792724609  70.514846801757812
4696    -81.909843444824219  14.459405899047852  71.197624206542969
4697    -82.337089538574219  14.455671310424805  71.667137145996094
4698    -81.517684936523438  15.425643920898438  70.297187805175781
4699    -82.043670654296875  15.439231872558594  71.036506652832031
4700    -82.479637145996094  15.435911178588867  71.511436462402344
4701    -80.286262512207031  8.1587724685668945  63.868961334228516
4702    -80.347663879394531  8.3271274566650391  64.4388427734375
4703    -80.440521240234375  8.6539793014526367  65.4462890625
4704    -80.647056579589844  8.6027202606201172  66.445152282714844
4705    -80.869682312011719  8.600128173828125  67.43670654296875
4706    -81.113395690917969  8.6337728500366211  68.356254577636719
4707    -81.207160949707031  8.9852676391601562  68.997512817382812
4708    -80.306747436523438  9.1925764083862305  65.782394409179688
4709    -80.372032165527344  9.4065265655517578  66.441276550292969
4710    -80.468421936035156  9.6737728118896484  67.345069885253906
4711    -80.798194885253906  9.5801410675048828  68.414497375488281
4712    -81.08856201171875  9.5753631591796875  69.225746154785156
4713    -80.336769104003906  10.398627281188965  67.613655090332031
4714    -80.459403991699219  10.654199600219727  68.317543029785156
4715    -80.967117309570312  10.456171989440918  69.490257263183594
4716    -81.154319763183594  10.713911056518555  70.001258850097656
4717    -80.374946594238281  11.533194541931152  68.515327453613281
4718    -80.731697082519531  11.532644271850586  69.38751220703125
4719    -81.094429016113281  11.530875205993652  70.115684509277344
4720    -80.345474243164062  12.509227752685547  68.645599365234375
4721    -80.632118225097656  12.506940841674805  69.394737243652344
4722    -81.04461669921875  12.505857467651367  70.187057495117188
4723    -80.353736877441406  13.482185363769531  68.624214172363281
4724    -80.676719665527344  13.481322288513184  69.381767272949219
4725    -81.061332702636719  13.481115341186523  70.155601501464844
4726    -80.3865966796875  14.50624942779541  68.375091552734375
4727    -80.787330627441406  14.459367752075195  69.388565063476562
4728    -81.143959045410156  14.455611228942871  70.029403686523438
4729    -80.334335327148438  15.519998550415039  67.494537353515625
4730    -80.581169128417969  15.43864917755127  68.409049987792969
4731    -80.28900146484375  14.860321998596191  67.865592956542969
4732    -81.014411926269531  15.427543640136719  69.429481506347656
4733    -81.205490112304688  15.086026191711426  69.922248840332031
4734    -81.292228698730469  15.737080574035645  69.763671875
4735    -87.320518493652344  8.2572813034057617  73.687553405761719
4736    -87.6082763671875  8.5863265991210938  73.891098022460938
4737    -87.558662414550781  9.579777717590332  74.235397338867188
4738    -87.560997009277344  10.556601524353027  74.497978210449219
4739    -87.587799072265625  11.477596282958984  74.655044555664062
4740    -87.92974853515625  11.764566421508789  74.74688720703125
4741    -87.360733032226562  12.504941940307617  74.678840637207031
4742    -87.849891662597656  12.503330230712891  74.774299621582031
4743    -87.445228576660156  13.479893684387207  74.659812927246094
4744    -87.936820983886719  13.47868537902832  74.735260009765625
4745    -87.650779724121094  14.363297462463379  74.593353271484375
4746    -88.040504455566406  13.974717140197754  74.709846496582031
4747    -87.551803588867188  15.439548492431641  74.37548828125
4748    -86.537612915039062  8.590428352355957  73.5987548828125
4749    -86.832855224609375  8.9033603668212891  73.820175170898438
4750    -86.189552307128906  9.1889581680297852  73.704666137695312
4751    -86.533798217773438  9.5319242477416992  73.950836181640625
4752    -86.583778381347656  10.555502891540527  74.216751098632812
4753    -86.580154418945312  11.530052185058594  74.388938903808594
4754    -86.584274291992188  12.50672435760498  74.449783325195312
4755    -86.582649230957031  13.47947883605957  74.428504943847656
4756    -86.575836181640625  14.460344314575195  74.327323913574219
4757    -86.582130432128906  15.435728073120117  74.099411010742188
4758    -85.598922729492188  8.597376823425293  73.260955810546875
4759    -85.589309692382812  9.5335187911987305  73.606689453125
4760    -85.903541564941406  9.8288698196411133  73.821517944335938
4761    -85.263145446777344  10.358485221862793  73.680473327636719
4762    -85.5841064453125  10.625690460205078  73.887962341308594
4763    -85.596954345703125  11.528494834899902  74.03753662109375
4764    -85.599342346191406  12.506220817565918  74.117263793945312
4765    -85.607810974121094  13.479517936706543  74.068092346191406
4766    -85.541343688964844  14.462277412414551  73.927009582519531
4767    -85.351661682128906  15.43441104888916  73.645980834960938
4768    -85.833480834960938  15.437891006469727  73.853317260742188
4769    -85.184829711914062  14.787470817565918  73.716896057128906
4770    -84.400619506835938  8.6019554138183594  72.620162963867188
4771    -84.88751220703125  8.602351188659668  72.9066162109375
4772    -84.205360412597656  9.1785364151000977  72.737617492675781
4773    -84.561317443847656  9.5281734466552734  73.079856872558594
4774    -84.720199584960938  10.627763748168945  73.477104187011719
4775    -85.109527587890625  11.002952575683594  73.741828918457031
4776    -84.557090759277344  11.528318405151367  73.536827087402344
4777    -85.042327880859375  11.529366493225098  73.78338623046875
4778    -84.482368469238281  12.503720283508301  73.578475952148438
4779    -84.975250244140625  12.505433082580566  73.826248168945312
4780    -84.520027160644531  13.480326652526855  73.550651550292969
4781    -85.001480102539062  13.481037139892578  73.820884704589844
4782    -84.699195861816406  14.463586807250977  73.532562255859375
4783    -85.075119018554688  14.137079238891602  73.766860961914062
4784    -84.627944946289062  15.440824508666992  73.283615112304688
4785    -83.645851135253906  8.6495943069458008  72.0997314453125
4786    -83.679580688476562  9.5243415832519531  72.509788513183594
4787    -84.032524108886719  9.8217630386352539  72.8494873046875
4788    -83.409027099609375  10.553427696228027  72.602737426757812
4789    -83.877388000488281  10.549210548400879  72.975044250488281
4790    -83.285469055175781  11.527713775634766  72.698646545410156
4791    -83.7694091796875  11.528299331665039  73.045425415039062
4792    -83.246551513671875  12.503310203552246  72.725883483886719
4793    -83.708152770996094  12.502911567687988  73.091659545898438
4794    -83.272056579589844  13.477823257446289  72.70751953125
4795    -83.741737365722656  13.480349540710449  73.070365905761719
4796    -83.369773864746094  14.456487655639648  72.628990173339844
4797    -83.845779418945312  14.459622383117676  73.002418518066406
4798    -83.526252746582031  15.436923980712891  72.495712280273438
4799    -84.0057373046875  15.439127922058105  72.883796691894531
4800    -83.149215698242188  9.0180168151855469  71.836341857910156
4801    -83.017654418945312  9.5755109786987305  71.96429443359375
4802    -82.849876403808594  10.550189971923828  72.128189086914062
4803    -82.752098083496094  11.527717590332031  72.215751647949219
4804    -82.702163696289062  12.503324508666992  72.260078430175781
4805    -82.733291625976562  13.478268623352051  72.229225158691406
4806    -82.80975341796875  14.459319114685059  72.158966064453125
4807    -82.972061157226562  15.435212135314941  72.006317138671875
4808    -87.43499755859375  19.599494934082031  31.64893913269043
4809    -87.420364379882812  18.579832077026367  32.061866760253906
4810    -87.43646240234375  20.399337768554688  31.366292953491211
4811    -87.437980651855469  20.894176483154297  31.216373443603516
4812    -87.440971374511719  21.578723907470703  31.011899948120117
4813    -87.443710327148438  22.573715209960938  30.73084831237793
4814    -87.37298583984375  23.64411735534668  30.435195922851562
4815    -86.436874389648438  18.611970901489258  31.808446884155273
4816    -86.437255859375  17.869518280029297  32.122169494628906
4817    -87.076248168945312  18.050872802734375  32.215511322021484
4818    -86.460212707519531  19.623308181762695  31.412235260009766
4819    -86.803543090820312  20.179475784301758  31.305202484130859
4820    -86.463882446289062  20.536312103271484  31.123407363891602
4821    -86.141563415527344  19.972253799438477  31.237190246582031
4822    -86.451171875  21.5755615234375  30.81800651550293
4823    -86.455909729003906  22.572004318237305  30.56123161315918
4824    -86.460823059082031  23.384843826293945  30.35731315612793
4825    -86.998680114746094  24.023483276367188  30.277759552001953
4826    -86.466384887695312  23.874868392944336  30.245330810546875
4827    -85.437530517578125  18.607845306396484  31.575784683227539
4828    -85.405441284179688  17.552059173583984  32.015968322753906
4829    -85.445671081542969  19.259611129760742  31.323822021484375
4830    -85.450736999511719  19.752954483032227  31.170963287353516
4831    -85.457603454589844  20.577045440673828  30.918478012084961
4832    -85.462745666503906  21.56920051574707  30.662153244018555
4833    -85.389389038085938  22.656286239624023  30.399991989135742
4834    -85.668815612792969  23.188831329345703  30.311399459838867
4835    -85.398017883300781  23.529285430908203  30.223091125488281
4836    -85.011360168457031  23.047111511230469  30.289566040039062
4837    -84.291389465332031  17.648015975952148  31.902715682983398
4838    -84.220237731933594  16.707344055175781  32.053813934326172
4839    -85.004135131835938  17.104305267333984  32.240463256835938
4840    -84.515800476074219  18.616771697998047  31.412441253662109
4841    -84.933502197265625  19.102350234985352  31.280860900878906
4842    -84.553367614746094  19.473899841308594  31.088207244873047
4843    -84.255264282226562  18.9466552734375  31.260068893432617
4844    -84.472396850585938  20.570899963378906  30.78529167175293
4845    -84.477073669433594  21.563957214355469  30.548582077026367
4846    -84.481674194335938  22.470493316650391  30.364395141601562
4847    -84.486846923828125  22.967750549316406  30.268543243408203
4848    -84.491378784179688  23.546585083007812  30.164634704589844
4849    -83.637687683105469  16.530494689941406  31.381484985351562
4850    -83.154434204101562  16.495550155639648  30.851211547851562
4851    -83.661460876464844  17.536771774291992  31.399051666259766
4852    -83.180755615234375  17.489730834960938  30.967761993408203
4853    -83.719650268554688  18.282732009887695  31.473941802978516
4854    -83.387588500976562  18.551023483276367  31.195379257202148
4855    -83.446937561035156  19.542276382446289  30.971179962158203
4856    -83.482704162597656  20.556188583374023  30.712705612182617
4857    -83.493202209472656  21.558774948120117  30.493696212768555
4858    -83.497413635253906  22.397048950195312  30.344324111938477
4859    -83.501304626464844  22.894708633422852  30.262155532836914
4860    -83.5062255859375  23.54206657409668  30.164106369018555
4861    -82.615699768066406  16.468019485473633  30.375717163085938
4862    -82.100547790527344  16.440595626831055  29.920810699462891
4863    -82.508049011230469  17.459403991699219  30.46314811706543
4864    -81.988029479980469  17.425973892211914  30.097074508666992
4865    -82.303512573242188  18.419723510742188  30.542287826538086
4866    -81.890785217285156  18.026851654052734  30.204008102416992
4867    -82.397064208984375  19.482730865478516  30.905050277709961
4868    -82.481765747070312  20.531017303466797  30.71721076965332
4869    -82.510581970214844  21.549709320068359  30.499767303466797
4870    -82.434135437011719  22.584259033203125  30.338617324829102
4871    -82.70159912109375  22.941963195800781  30.278953552246094
4872    -82.439750671386719  23.441160202026367  30.224159240722656
4873    -82.059585571289062  23.050800323486328  30.294084548950195
4874    -80.858009338378906  16.502923965454102  25.529216766357422
4875    -80.8580322265625  16.230939865112305  25.131429672241211
4876    -80.913101196289062  16.437976837158203  26.516031265258789
4877    -80.950424194335938  16.42082405090332  27.537477493286133
4878    -81.118438720703125  16.392795562744141  28.627964019775391
4879    -81.571395874023438  16.417732238769531  29.384977340698242
4880    -80.776657104492188  16.957311630249023  26.506435394287109
4881    -80.747047424316406  16.940395355224609  25.802492141723633
4882    -80.749305725097656  16.919191360473633  27.5269775390625
4883    -80.785453796386719  17.027084350585938  28.641330718994141
4884    -81.259078979492188  17.420896530151367  29.551557540893555
4885    -81.354713439941406  18.345602035522461  30.013847351074219
4886    -81.731170654296875  18.692975997924805  30.321496963500977
4887    -81.430694580078125  19.428916931152344  30.462123870849609
4888    -81.076759338378906  19.063083648681641  30.154478073120117
4889    -81.484375  20.465847015380859  30.836797714233398
4890    -81.530075073242188  21.526172637939453  30.576257705688477
4891    -81.551094055175781  22.539743423461914  30.434627532958984
4892    -81.572624206542969  23.429605484008789  30.329593658447266
4893    -81.906852722167969  23.701719284057617  30.258281707763672
4894    -80.504074096679688  16.53095817565918  25.037271499633789
4895    -80.728202819824219  16.831165313720703  25.271629333496094
4896    -80.586631774902344  17.33112907409668  25.532632827758789
4897    -80.203239440917969  17.441143035888672  25.064552307128906
4898    -80.543434143066406  17.426576614379883  26.499259948730469
4899    -80.462539672851562  17.390483856201172  27.51323127746582
4900    -80.467826843261719  17.466741561889648  28.634380340576172
4901    -80.68695068359375  17.712461471557617  29.282131195068359
4902    -80.107231140136719  18.194355010986328  25.5423583984375
4903    -80.008827209472656  18.064098358154297  25.067598342895508
4904    -80.079917907714844  18.161417007446289  26.487520217895508
4905    -80.027931213378906  18.033735275268555  27.492912292480469
4906    -80.013343811035156  17.926259994506836  28.621566772460938
4907    -80.386032104492188  18.318674087524414  29.4854736328125
4908    -80.425956726074219  19.223588943481445  29.970806121826172
4909    -80.461601257324219  19.731208801269531  30.310829162597656
4910    -80.51824951171875  20.366048812866211  30.81614875793457
4911    -80.551177978515625  21.495622634887695  30.78660774230957
4912    -80.582794189453125  22.527740478515625  30.659372329711914
4913    -80.584144592285156  23.508548736572266  30.54833984375
4914    -87.419723510742188  16.332582473754883  33.353439331054688
4915    -87.427803039550781  16.809974670410156  33.018905639648438
4916    -87.414413452148438  17.691738128662109  32.510406494140625
4917    -87.73809814453125  18.240653991699219  32.311279296875
4918    -86.862434387207031  16.193548202514648  33.255657196044922
4919    -86.496833801269531  16.563282012939453  32.889251708984375
4920    -86.429969787597656  17.392793655395508  32.392692565917969
4921    -85.398460388183594  16.695158004760742  32.483280181884766
4922    -85.726852416992188  17.206058502197266  32.271137237548828
4923    -84.54095458984375  16.491662979125977  32.555130004882812
4924    -81.659584045410156  23.441438674926758  63.139572143554688
4925    -82.50347900390625  23.361984252929688  63.447948455810547
4926    -82.248931884765625  22.799470901489258  63.687713623046875
4927    -81.806442260742188  22.43072509765625  63.312786102294922
4928    -80.287162780761719  19.466512680053711  62.749286651611328
4929    -80.772636413574219  19.416357040405273  63.298023223876953
4930    -80.73223876953125  18.452796936035156  63.175529479980469
4931    -80.248291015625  18.935260772705078  62.83660888671875
4932    -80.42724609375  20.46546745300293  62.562267303466797
4933    -80.893043518066406  20.416227340698242  63.413623809814453
4934    -80.456367492675781  21.487316131591797  62.521621704101562
4935    -81.006179809570312  21.438301086425781  63.014614105224609
4936    -81.425804138183594  21.417568206787109  63.566429138183594
4937    -81.247657775878906  20.711669921875  63.766674041748047
4938    -80.403602600097656  22.501176834106445  62.595432281494141
4939    -80.961135864257812  22.461650848388672  62.833080291748047
4940    -80.384422302246094  23.492450714111328  62.627201080322266
4941    -80.887237548828125  23.478736877441406  62.837467193603516
4942    -87.551307678222656  20.926769256591797  71.011436462402344
4943    -87.595970153808594  21.448995590209961  70.272506713867188
4944    -87.550727844238281  20.507015228271484  71.494766235351562
4945    -87.556396484375  22.360923767089844  68.405067443847656
4946    -87.475578308105469  22.631521224975586  67.446830749511719
4947    -87.597862243652344  21.934701919555664  69.4127197265625
4948    -87.948188781738281  21.771427154541016  69.8919677734375
4949    -87.307708740234375  21.6893310546875  69.745986938476562
4950    -87.460350036621094  22.888345718383789  66.494422912597656
4951    -87.564559936523438  23.095983505249023  65.174835205078125
4952    -87.735984802246094  22.781610488891602  67.150863647460938
4953    -87.088394165039062  22.715738296508789  66.902244567871094
4954    -86.58294677734375  21.063695907592773  70.392631530761719
4955    -86.486358642578125  21.627553939819336  69.409843444824219
4956    -86.904655456542969  20.834932327270508  70.900581359863281
4957    -86.528030395507812  20.327733993530273  71.350730895996094
4958    -86.261734008789062  20.711551666259766  70.739334106445312
4959    -86.577926635742188  22.434492111206055  67.422264099121094
4960    -86.513999938964844  22.627317428588867  66.482635498046875
4961    -86.484138488769531  22.025199890136719  68.500244140625
4962    -86.746162414550781  21.862724304199219  69.111701965332031
4963    -86.107223510742188  21.73944091796875  68.876258850097656
4964    -86.559745788574219  22.857458114624023  65.111557006835938
4965    -86.776840209960938  22.752353668212891  66.174888610839844
4966    -86.159736633300781  22.641021728515625  65.747665405273438
4967    -85.599838256835938  20.094863891601562  71.146461486816406
4968    -85.598106384277344  20.581743240356445  70.544670104980469
4969    -86.166313171386719  19.777622222900391  71.765907287597656
4970    -85.60723876953125  19.613147735595703  71.618698120117188
4971    -85.595733642578125  21.304248809814453  69.388710021972656
4972    -85.513778686523438  21.683563232421875  68.502098083496094
4973    -85.599716186523438  20.909393310546875  70.054466247558594
4974    -85.606025695800781  22.336606979370117  66.408638000488281
4975    -85.656890869140625  22.496917724609375  65.554214477539062
4976    -85.514739990234375  22.017721176147461  67.507331848144531
4977    -85.776885986328125  21.892805099487305  68.242141723632812
4978    -85.146415710449219  21.7373046875  67.877952575683594
4979    -85.64666748046875  23.141490936279297  64.881011962890625
4980    -84.713180541992188  20.261247634887695  70.281784057617188
4981    -84.983055114746094  19.911863327026367  70.938644409179688
4982    -84.670928955078125  19.310012817382812  71.301513671875
4983    -84.339080810546875  19.664117813110352  70.66461181640625
4984    -84.5352783203125  21.175872802734375  68.494491577148438
4985    -84.628623962402344  21.593780517578125  67.5098876953125
4986    -84.877937316894531  20.924232482910156  69.380393981933594
4987    -84.392570495605469  20.630290985107422  69.3802490234375
4988    -84.175186157226562  20.762914657592773  68.860710144042969
4989    -85.113258361816406  20.780685424804688  69.868637084960938
4990    -84.677024841308594  22.078712463378906  65.314422607421875
4991    -84.769729614257812  21.951253890991211  66.415786743164062
4992    -84.298164367675781  21.678707122802734  66.41558837890625
4993    -84.193450927734375  21.738468170166016  65.829627990722656
4994    -84.952629089355469  21.851095199584961  67.239021301269531
4995    -84.625595092773438  23.353973388671875  64.931182861328125
4996    -83.657089233398438  19.345197677612305  70.352912902832031
4997    -83.982192993164062  19.025472640991211  70.99432373046875
4998    -83.704277038574219  18.31263542175293  71.28717041015625
4999    -83.3328857421875  18.646238327026367  70.664100646972656
5000    -84.36981201171875  18.622724533081055  71.652420043945312
5001    -83.672744750976562  20.10552978515625  69.325614929199219
5002    -83.633804321289062  20.571075439453125  68.502395629882812
5003    -84.007003784179688  19.933143615722656  70.019401550292969
5004    -83.354179382324219  19.643306732177734  69.614959716796875
5005    -83.646125793457031  21.256418228149414  66.425033569335938
5006    -83.726570129394531  21.494890213012695  65.553001403808594
5007    -83.647415161132812  21.006240844726562  67.32916259765625
5008    -83.974006652832031  20.911891937255859  68.222358703613281
5009    -83.334831237792969  20.660993576049805  67.58154296875
5010    -83.90655517578125  22.061000823974609  64.655166625976562
5011    -83.631057739257812  23.369115829467773  64.493125915527344
5012    -83.986236572265625  23.005056381225586  64.828231811523438
5013    -83.35272216796875  22.645397186279297  64.664901733398438
5014    -84.315277099609375  23.689685821533203  64.712127685546875
5015    -82.436393737792969  17.403646469116211  70.532936096191406
5016    -82.953948974609375  17.386833190917969  71.093093872070312
5017    -82.677810668945312  16.441642761230469  71.341239929199219
5018    -82.291885375976562  16.720790863037109  70.732307434082031
5019    -83.402114868164062  17.398630142211914  71.599884033203125
5020    -83.240211486816406  16.794893264770508  71.751579284667969
5021    -82.752212524414062  18.270269393920898  70.270118713378906
5022    -83.123176574707031  17.988956451416016  70.903800964355469
5023    -82.438453674316406  19.359516143798828  68.498100280761719
5024    -82.885444641113281  19.332637786865234  69.328582763671875
5025    -82.362937927246094  18.607809066772461  69.379684448242188
5026    -82.234283447265625  18.83057975769043  68.864158630371094
5027    -83.070045471191406  18.99249267578125  70.011085510253906
5028    -82.534904479980469  20.288320541381836  66.530387878417969
5029    -82.856857299804688  20.336971282958984  67.329437255859375
5030    -82.296577453613281  19.715215682983398  67.426719665527344
5031    -82.229400634765625  19.803325653076172  66.912147521972656
5032    -82.9808349609375  20.011804580688477  68.40997314453125
5033    -83.143424987792969  19.855426788330078  68.961402893066406
5034    -82.674224853515625  21.287117004394531  64.393150329589844
5035    -83.16009521484375  21.120820999145508  65.14898681640625
5036    -82.504158020019531  20.517265319824219  65.393165588378906
5037    -82.484878540039062  20.604085922241211  64.615806579589844
5038    -83.120185852050781  20.846576690673828  66.425460815429688
5039    -83.188117980957031  20.777410507202148  66.934700012207031
5040    -82.652740478515625  22.408727645874023  64.317657470703125
5041    -83.315887451171875  21.823213577270508  64.607025146484375
5042    -82.967079162597656  23.349800109863281  63.883323669433594
5043    -81.401191711425781  16.415733337402344  69.554267883300781
5044    -81.925521850585938  16.405193328857422  70.3890380859375
5045    -82.165931701660156  16.072042465209961  70.895515441894531
5046    -81.620361328125  17.304811477661133  69.286094665527344
5047    -82.096275329589844  17.396282196044922  70.034751892089844
5048    -81.40960693359375  18.365936279296875  67.512939453125
5049    -81.832427978515625  18.460779190063477  68.492362976074219
5050    -81.355087280273438  17.632713317871094  68.399894714355469
5051    -81.263031005859375  17.855737686157227  67.885398864746094
5052    -82.071907043457031  18.122257232666016  69.381309509277344
5053    -82.224884033203125  17.874530792236328  69.852455139160156
5054    -81.515823364257812  19.279426574707031  65.46142578125
5055    -81.831260681152344  19.444503784179688  66.53509521484375
5056    -81.323631286621094  18.703996658325195  66.445236206054688
5057    -81.271499633789062  18.81060791015625  65.82318115234375
5058    -81.925582885742188  19.245748519897461  67.433319091796875
5059    -82.0791015625  19.041835784912109  68.230476379394531
5060    -81.907806396484375  20.252235412597656  64.129188537597656
5061    -82.079055786132812  20.033792495727539  65.417350769042969
5062    -81.576316833496094  19.502038955688477  64.521820068359375
5063    -82.142410278320312  19.913555145263672  66.257652282714844
5064    -81.829933166503906  21.438808441162109  64.119216918945312
5065    -82.045974731445312  22.155519485473633  63.922821044921875
5066    -80.362472534179688  16.42076301574707  66.529655456542969
5067    -80.572257995605469  16.411527633666992  67.424797058105469
5068    -80.28411865234375  15.901535987854004  66.909683227539062
5069    -80.879974365234375  16.420314788818359  68.409675598144531
5070    -81.152244567871094  16.418750762939453  69.072273254394531
5071    -80.48004150390625  17.295530319213867  65.368896484375
5072    -80.700698852539062  17.391633987426758  66.446464538574219
5073    -80.318260192871094  16.754261016845703  65.63726806640625
5074    -80.965011596679688  17.49433708190918  67.519546508789062
5075    -81.130218505859375  17.156045913696289  68.412216186523438
5076    -81.245628356933594  16.91606330871582  68.898513793945312
5077    -80.862556457519531  18.385639190673828  64.421371459960938
5078    -80.435455322265625  17.46809196472168  64.451438903808594
5079    -80.434951782226562  17.648826599121094  63.606304168701172
5080    -81.019416809082031  18.454643249511719  65.478675842285156
5081    -81.059417724609375  18.228618621826172  66.44989013671875
5082    -81.161598205566406  18.041370391845703  67.244056701660156
5083    -81.302658081054688  19.253139495849609  64.238143920898438
5084    -81.224266052246094  18.902866363525391  65.143661499023438
5085    -81.316360473632812  19.987932205200195  63.791225433349609
5086    -87.552520751953125  16.415359497070312  74.079246520996094
5087    -87.551506042480469  17.107410430908203  73.834449768066406
5088    -87.554946899414062  17.587175369262695  73.613822937011719
5089    -87.546768188476562  18.377607345581055  73.234619140625
5090    -87.550239562988281  18.956871032714844  72.851791381835938
5091    -87.54864501953125  19.446048736572266  72.48822021484375
5092    -87.548957824707031  20.02556037902832  71.999191284179688
5093    -86.627250671386719  16.374942779541016  73.846916198730469
5094    -86.620216369628906  17.334386825561523  73.512893676757812
5095    -86.975364685058594  16.967334747314453  73.772575378417969
5096    -86.334304809570312  16.675968170166016  73.667938232421875
5097    -86.641914367675781  18.383760452270508  72.981819152832031
5098    -86.5853271484375  19.334222793579102  72.296379089355469
5099    -87.017768859863281  18.857124328613281  72.777259826660156
5100    -86.370185852050781  18.703645706176758  72.685035705566406
5101    -86.807365417480469  19.909650802612305  71.889274597167969
5102    -85.656005859375  16.380458831787109  73.509925842285156
5103    -86.013320922851562  16.029651641845703  73.781814575195312
5104    -85.555648803710938  17.440803527832031  73.059333801269531
5105    -85.555290222167969  18.386373519897461  72.557357788085938
5106    -85.854393005371094  18.06117057800293  72.876274108886719
5107    -85.221450805664062  17.776033401489258  72.722938537597656
5108    -85.601638793945312  19.138486862182617  72.033950805664062
5109    -84.631660461425781  16.366546630859375  72.981002807617188
5110    -84.633270263671875  17.434717178344727  72.53619384765625
5111    -84.959938049316406  17.134063720703125  72.861900329589844
5112    -84.317474365234375  16.653358459472656  72.672683715820312
5113    -84.668052673339844  18.328319549560547  72.055084228515625
5114    -85.025444030761719  18.926773071289062  71.861198425292969
5115    -83.657920837402344  16.411504745483398  72.303993225097656
5116    -84.115768432617188  16.008487701416016  72.8056640625
5117    -83.884620666503906  17.400136947631836  72.029098510742188
5118    -84.097732543945312  17.962198257446289  71.848159790039062
5119    -83.094268798828125  16.150796890258789  71.891273498535156
5120    -87.706436157226562  24.562091827392578  30.312507629394531
5121    -87.213584899902344  24.573581695556641  30.204389572143555
5122    -87.902389526367188  25.081655502319336  30.286298751831055
5123    -87.427993774414062  25.581304550170898  30.120405197143555
5124    -87.3560791015625  26.518405914306641  29.436882019042969
5125    -87.541191101074219  27.506669998168945  29.431774139404297
5126    -87.187942504882812  27.442050933837891  28.496328353881836
5127    -87.059440612792969  26.780595779418945  28.804800033569336
5128    -87.15997314453125  28.454404830932617  28.578544616699219
5129    -86.947158813476562  28.490423202514648  27.806438446044922
5130    -86.931716918945312  27.716909408569336  27.918378829956055
5131    -87.2857666015625  28.320331573486328  29.644231796264648
5132    -86.8892822265625  29.085561752319336  28.540634155273438
5133    -86.828567504882812  29.06658935546875  27.889572143554688
5134    -86.944908142089844  28.641641616821289  29.923120498657227
5135    -87.381744384765625  29.334518432617188  30.59284782409668
5136    -87.440238952636719  30.165153503417969  31.083211898803711
5137    -87.42926025390625  30.69141960144043  31.5728759765625
5138    -87.450180053710938  31.337390899658203  31.406244277954102
5139    -87.438018798828125  31.862861633300781  31.214870452880859
5140    -86.460929870605469  24.599708557128906  30.166421890258789
5141    -86.498199462890625  25.827062606811523  29.712078094482422
5142    -86.859481811523438  26.1876220703125  29.220878601074219
5143    -86.568794250488281  26.55772590637207  28.573432922363281
5144    -86.280036926269531  26.117752075195312  29.042898178100586
5145    -86.805564880371094  27.155521392822266  28.179718017578125
5146    -86.498207092285156  27.478719711303711  27.569574356079102
5147    -86.255851745605469  26.97032356262207  27.912492752075195
5148    -86.700508117675781  28.515920639038086  27.328910827636719
5149    -86.233688354492188  28.542882919311523  26.76677131652832
5150    -86.084236145019531  27.892536163330078  27.014135360717773
5151    -86.645927429199219  29.427726745605469  27.555967330932617
5152    -86.12506103515625  29.519844055175781  26.525201797485352
5153    -86.61199951171875  29.556156158447266  28.499591827392578
5154    -86.440299987792969  29.421989440917969  29.54417610168457
5155    -86.296661376953125  29.253040313720703  30.622411727905273
5156    -85.986198425292969  30.364114761352539  26.585678100585938
5157    -85.787223815917969  30.003683090209961  26.183378219604492
5158    -85.802734375  29.8756103515625  26.192028045654297
5159    -86.197532653808594  30.402433395385742  27.529783248901367
5160    -86.078010559082031  30.428850173950195  28.475858688354492
5161    -85.951515197753906  30.072641372680664  29.503459930419922
5162    -85.898635864257812  30.004695892333984  31.259708404541016
5163    -86.723419189453125  30.793798446655273  31.512256622314453
5164    -85.854049682617188  30.995248794555664  27.505073547363281
5165    -85.806556701660156  30.969589233398438  26.906841278076172
5166    -85.81005859375  30.919721603393555  28.146312713623047
5167    -86.797554016113281  31.112602233886719  31.368318557739258
5168    -86.394157409667969  31.470537185668945  31.126167297363281
5169    -85.490119934082031  24.586400985717773  30.069679260253906
5170    -85.521415710449219  25.803550720214844  29.940668106079102
5171    -85.522659301757812  26.149358749389648  29.071218490600586
5172    -85.512672424316406  26.416818618774414  28.518087387084961
5173    -85.491752624511719  26.914363861083984  27.759910583496094
5174    -85.469345092773438  27.30015754699707  27.286464691162109
5175    -85.453170776367188  27.755756378173828  26.847049713134766
5176    -85.508255004882812  28.547451019287109  26.312557220458984
5177    -85.814338684082031  29.269802093505859  26.220182418823242
5178    -85.486167907714844  29.567846298217773  25.945032119750977
5179    -85.238090515136719  28.853731155395508  26.048992156982422
5180    -85.419776916503906  30.404836654663086  25.865388870239258
5181    -85.729164123535156  30.628513336181641  26.304887771606445
5182    -85.5455322265625  30.581733703613281  29.489967346191406
5183    -85.725944519042969  30.795143127441406  28.788679122924805
5184    -83.866744995117188  29.494413375854492  31.38041877746582
5185    -85.520973205566406  31.347101211547852  26.584329605102539
5186    -85.102043151855469  31.434551239013672  25.854482650756836
5187    -85.543777465820312  31.480262756347656  27.493303298950195
5188    -85.480476379394531  31.301162719726562  28.469295501708984
5189    -84.942955017089844  31.255590438842773  29.542577743530273
5190    -85.031715393066406  31.320819854736328  30.876909255981445
5191    -84.507965087890625  24.560783386230469  30.027120590209961
5192    -84.75323486328125  25.978609085083008  30.163433074951172
5193    -85.076103210449219  26.24171257019043  29.208526611328125
5194    -84.689529418945312  26.626605987548828  28.733367919921875
5195    -84.568550109863281  27.035951614379883  27.851709365844727
5196    -84.503242492675781  26.51707649230957  29.540981292724609
5197    -84.550621032714844  27.328159332275391  27.375900268554688
5198    -84.527786254882812  27.817985534667969  26.788923263549805
5199    -84.503318786621094  28.315973281860352  26.320316314697266
5200    -84.480987548828125  28.766693115234375  25.959070205688477
5201    -84.353408813476562  29.680349349975586  25.485525131225586
5202    -84.536209106445312  30.515922546386719  25.320306777954102
5203    -84.070899963378906  30.531450271606445  25.171924591064453
5204    -83.962493896484375  30.089462280273438  25.273506164550781
5205    -84.591239929199219  31.465841293334961  25.379295349121094
5206    -84.118560791015625  31.485710144042969  25.13432502746582
5207    -83.520401000976562  24.536510467529297  30.034597396850586
5208    -83.559951782226562  25.561431884765625  29.966310501098633
5209    -83.96826171875  27.080295562744141  28.598915100097656
5210    -84.072158813476562  27.197908401489258  28.029762268066406
5211    -83.953521728515625  27.002798080444336  30.128013610839844
5212    -83.684722900390625  27.588842391967773  27.65692138671875
5213    -83.585235595703125  28.033412933349609  26.928377151489258
5214    -83.514434814453125  27.465719223022461  28.586872100830078
5215    -83.479743957519531  27.441579818725586  29.40376091003418
5216    -83.562721252441406  28.414718627929688  26.451011657714844
5217    -83.539108276367188  28.888402938842773  25.978212356567383
5218    -83.516006469726562  29.610750198364258  25.486604690551758
5219    -83.499137878417969  30.09400749206543  25.253271102905273
5220    -83.484016418457031  30.539237976074219  25.102226257324219
5221    -83.469375610351562  31.507009506225586  25.014724731445312
5222    -82.534683227539062  24.518886566162109  30.099958419799805
5223    -82.560859680175781  25.514991760253906  30.074703216552734
5224    -82.632156372070312  26.488164901733398  30.147384643554688
5225    -82.943901062011719  28.062114715576172  27.569175720214844
5226    -83.0797119140625  28.195140838623047  27.081209182739258
5227    -82.883743286132812  27.957983016967773  28.547290802001953
5228    -83.300872802734375  27.831110000610352  29.871175765991211
5229    -82.535308837890625  27.511489868164062  30.584499359130859
5230    -82.274589538574219  26.72618293762207  30.339088439941406
5231    -82.624488830566406  28.725318908691406  26.635459899902344
5232    -82.829551696777344  29.076539993286133  26.092458724975586
5233    -82.450370788574219  28.404582977294922  27.557313919067383
5234    -82.365989685058594  28.355583190917969  28.513851165771484
5235    -82.534690856933594  28.531669616699219  29.557235717773438
5236    -83.341354370117188  29.101383209228516  31.288484573364258
5237    -82.565818786621094  29.655292510986328  25.650228500366211
5238    -82.961044311523438  30.11445426940918  25.249032974243164
5239    -82.194358825683594  29.243560791015625  26.226545333862305
5240    -82.578849792480469  30.532697677612305  25.102634429931641
5241    -82.321304321289062  30.238309860229492  25.268360137939453
5242    -82.496986389160156  31.521404266357422  25.013744354248047
5243    -81.820686340332031  24.508804321289062  30.218282699584961
5244    -81.338035583496094  24.498970031738281  30.3192138671875
5245    -81.875244140625  25.483572006225586  30.202829360961914
5246    -81.3885498046875  25.4705810546875  30.347837448120117
5247    -82.00927734375  26.079919815063477  30.242849349975586
5248    -81.641868591308594  26.418340682983398  30.470996856689453
5249    -81.624473571777344  27.499902725219727  31.010662078857422
5250    -81.729400634765625  28.907489776611328  27.548208236694336
5251    -81.903877258300781  29.053726196289062  26.82330322265625
5252    -81.730133056640625  28.893987655639648  28.501514434814453
5253    -81.739646911621094  29.376178741455078  29.761453628540039
5254    -81.742668151855469  28.913167953491211  30.979610443115234
5255    -81.584800720214844  29.410097122192383  26.552324295043945
5256    -81.59124755859375  29.879373550415039  25.864803314208984
5257    -81.222000122070312  29.262584686279297  27.540275573730469
5258    -81.207046508789062  29.28245735168457  28.508880615234375
5259    -81.295074462890625  29.496927261352539  29.413663864135742
5260    -81.569610595703125  30.408554077148438  25.399837493896484
5261    -81.537864685058594  30.846979141235352  25.110845565795898
5262    -81.514289855957031  31.531997680664062  25.004377365112305
5263    -80.593063354492188  24.492221832275391  30.565547943115234
5264    -80.589744567871094  25.478906631469727  30.671903610229492
5265    -80.586006164550781  26.472274780273438  30.987699508666992
5266    -80.519874572753906  27.5594482421875  31.072360992431641
5267    -80.511329650878906  28.672842025756836  30.658809661865234
5268    -80.62890625  29.506183624267578  30.460958480834961
5269    -80.611381530761719  29.961999893188477  26.60809326171875
5270    -80.924751281738281  30.100864410400391  26.036182403564453
5271    -80.641105651855469  29.668600082397461  27.540266036987305
5272    -80.635696411132812  29.649250030517578  28.52534294128418
5273    -80.838859558105469  30.041906356811523  29.808700561523438
5274    -80.555923461914062  30.685222625732422  25.648054122924805
5275    -80.843147277832031  31.039741516113281  25.201860427856445
5276    -80.260246276855469  30.303979873657227  26.307741165161133
5277    -80.491561889648438  31.496244430541992  25.028617858886719
5278    -80.181358337402344  31.225894927978516  25.263044357299805
5279    -87.468879699707031  26.389310836791992  63.420322418212891
5280    -87.469490051269531  25.720951080322266  63.594306945800781
5281    -87.471633911132812  27.409019470214844  63.130584716796875
5282    -87.475830078125  28.189641952514648  62.876972198486328
5283    -87.474502563476562  28.66468620300293  62.654521942138672
5284    -87.477912902832031  29.373102188110352  62.293052673339844
5285    -87.479385375976562  30.005172729492188  61.888870239257812
5286    -87.479499816894531  30.486789703369141  61.522418975830078
5287    -87.480934143066406  31.102174758911133  61.034664154052734
5288    -87.481559753417969  31.583843231201172  60.584304809570312
5289    -86.502059936523438  26.401784896850586  63.482372283935547
5290    -86.511138916015625  25.779138565063477  63.648040771484375
5291    -86.500167846679688  27.415390014648438  63.212486267089844
5292    -86.501869201660156  28.230844497680664  62.898525238037109
5293    -86.50390625  28.715219497680664  62.686370849609375
5294    -86.505027770996094  29.358781814575195  62.313148498535156
5295    -86.505569458007812  30.018857955932617  61.888214111328125
5296    -86.50592041015625  30.503761291503906  61.523242950439453
5297    -86.506439208984375  31.11631965637207  61.051273345947266
5298    -86.507835388183594  31.596958160400391  60.59442138671875
5299    -85.530868530273438  26.416988372802734  63.456462860107422
5300    -85.544342041015625  25.730903625488281  63.653690338134766
5301    -85.528160095214844  27.410758972167969  63.149917602539062
5302    -85.527931213378906  28.153528213500977  62.869266510009766
5303    -85.533653259277344  28.629562377929688  62.631275177001953
5304    -85.53411865234375  29.360239028930664  62.231189727783203
5305    -85.534133911132812  29.964920043945312  61.854576110839844
5306    -85.532669067382812  30.458675384521484  61.504505157470703
5307    -85.534637451171875  31.049503326416016  61.00054931640625
5308    -85.532218933105469  31.550041198730469  60.549690246582031
5309    -84.55322265625  26.423904418945312  63.293678283691406
5310    -84.5447998046875  25.367973327636719  63.504032135009766
5311    -84.495903015136719  27.485481262207031  62.950710296630859
5312    -84.504966735839844  28.351602554321289  62.573493957519531
5313    -84.778617858886719  28.017185211181641  62.798313140869141
5314    -84.147933959960938  27.843709945678711  62.726177215576172
5315    -84.60662841796875  29.397006988525391  61.998542785644531
5316    -84.597496032714844  30.267065048217773  61.435672760009766
5317    -84.955825805664062  29.870569229125977  61.779701232910156
5318    -84.309669494628906  29.749444961547852  61.700973510742188
5319    -84.556266784667969  30.932252883911133  60.893707275390625
5320    -84.551551818847656  31.429014205932617  60.429740905761719
5321    -83.569625854492188  25.402450561523438  63.310073852539062
5322    -84.213943481445312  24.755632400512695  63.613086700439453
5323    -83.61492919921875  24.57682991027832  63.547084808349609
5324    -83.509132385253906  26.456184387207031  62.837326049804688
5325    -83.510665893554688  27.447263717651367  62.58251953125
5326    -83.781265258789062  27.189809799194336  62.797885894775391
5327    -83.099830627441406  26.856945037841797  62.683200836181641
5328    -83.583465576171875  28.378063201904297  62.237648010253906
5329    -83.581527709960938  29.06243896484375  61.901119232177734
5330    -83.584831237792969  29.550182342529297  61.598636627197266
5331    -83.639907836914062  30.372636795043945  61.060073852539062
5332    -83.671272277832031  31.293296813964844  60.289905548095703
5333    -84.005271911621094  30.840267181396484  60.805274963378906
5334    -83.3636474609375  30.698196411132812  60.693149566650391
5335    -82.5618896484375  25.429754257202148  63.156562805175781
5336    -82.705703735351562  24.319524765014648  63.399482727050781
5337    -82.551651000976562  26.287910461425781  62.898727416992188
5338    -82.556838989257812  26.770574569702148  62.713699340820312
5339    -82.571220397949219  27.377420425415039  62.381828308105469
5340    -82.724510192871094  28.266025543212891  61.766578674316406
5341    -82.67596435546875  29.261348724365234  61.210975646972656
5342    -83.093482971191406  28.857240676879883  61.754741668701172
5343    -82.446891784667969  28.585777282714844  61.524604797363281
5344    -82.563331604003906  30.372737884521484  60.516048431396484
5345    -82.879356384277344  30.062160491943359  60.938335418701172
5346    -82.256462097167969  29.674764633178711  60.611400604248047
5347    -82.5982666015625  31.023027420043945  60.017425537109375
5348    -82.555427551269531  31.555309295654297  59.384941101074219
5349    -83.351493835449219  31.709760665893555  59.705867767333984
5350    -81.594749450683594  24.456480026245117  63.057426452636719
5351    -81.564994812011719  25.412582397460938  62.891822814941406
5352    -81.565071105957031  26.413312911987305  62.584796905517578
5353    -81.878929138183594  26.094997406005859  62.801780700683594
5354    -81.237220764160156  25.712091445922852  62.697471618652344
5355    -81.495140075683594  27.470285415649414  62.079639434814453
5356    -81.49664306640625  28.341480255126953  61.552982330322266
5357    -81.766761779785156  28.00474739074707  61.861431121826172
5358    -81.126434326171875  27.835886001586914  61.745933532714844
5359    -81.574295043945312  29.137317657470703  61.021625518798828
5360    -81.582916259765625  29.622440338134766  60.618038177490234
5361    -81.724647521972656  30.250532150268555  59.979663848876953
5362    -81.786582946777344  30.857135772705078  59.165103912353516
5363    -81.666854858398438  31.463798522949219  58.484809875488281
5364    -82.253143310546875  31.676290512084961  58.699066162109375
5365    -82.130241394042969  30.743932723999023  59.750308990478516
5366    -81.458229064941406  30.551338195800781  59.548492431640625
5367    -80.438140869140625  24.472251892089844  62.632678985595703
5368    -80.934211730957031  24.469942092895508  62.824104309082031
5369    -80.66064453125  25.415624618530273  62.560859680175781
5370    -81.037651062011719  25.07103157043457  62.759029388427734
5371    -80.604057312011719  26.41142463684082  62.198631286621094
5372    -80.605636596679688  27.132890701293945  61.882606506347656
5373    -80.6043701171875  27.621749877929688  61.643898010253906
5374    -80.573127746582031  28.40397834777832  61.132488250732422
5375    -80.494956970214844  29.405750274658203  60.363834381103516
5376    -80.870903015136719  28.971641540527344  60.882274627685547
5377    -80.234390258789062  28.76048469543457  60.729778289794922
5378    -80.478523254394531  30.420354843139648  59.446075439453125
5379    -80.755401611328125  30.027381896972656  60.009410858154297
5380    -80.13720703125  29.802709579467773  59.802730560302734
5381    -80.641860961914062  31.206668853759766  58.237995147705078
5382    -80.912338256835938  30.85517692565918  58.934928894042969
5383    -80.255592346191406  30.727798461914062  58.743980407714844
5384    -87.505905151367188  24.046417236328125  64.817787170410156
5385    -87.496414184570312  24.628107070922852  64.667869567871094
5386    -87.484382629394531  25.21034049987793  64.080520629882812
5387    -86.515632629394531  24.10957145690918  64.916580200195312
5388    -86.515724182128906  24.603731155395508  64.635543823242188
5389    -86.526618957519531  25.184009552001953  63.983558654785156
5390    -85.541175842285156  24.028663635253906  64.893157958984375
5391    -85.548751831054688  24.504566192626953  64.532211303710938
5392    -85.595680236816406  25.078460693359375  63.832565307617188
5393    -84.607345581054688  24.308174133300781  64.225006103515625
5394    -84.973381042480469  23.90791130065918  64.804214477539062
5395    -84.891822814941406  24.938650131225586  63.722137451171875
5396    -83.684516906738281  24.009231567382812  63.811649322509766
5397    -83.1707763671875  23.846628189086914  63.633167266845703
5398    -87.453826904296875  32.517341613769531  31.0054931640625
5399    -87.458946228027344  33.495742797851562  31.060415267944336
5400    -87.7713623046875  33.789596557617188  31.267179489135742
5401    -87.467567443847656  34.278591156005859  31.552238464355469
5402    -87.122642517089844  33.875072479248047  31.223739624023438
5403    -87.485755920410156  34.800666809082031  32.094215393066406
5404    -86.434127807617188  32.494155883789062  30.814167022705078
5405    -86.463798522949219  33.429275512695312  30.925771713256836
5406    -86.480171203613281  33.916332244873047  31.173154830932617
5407    -86.495185852050781  34.448028564453125  31.569679260253906
5408    -86.505935668945312  34.784706115722656  32.069511413574219
5409    -85.035263061523438  32.215171813964844  26.551479339599609
5410    -84.894607543945312  32.039268493652344  26.001199722290039
5411    -85.045486450195312  32.240936279296875  27.487636566162109
5412    -84.941734313964844  32.085296630859375  28.470861434936523
5413    -84.414207458496094  31.805099487304688  29.669109344482422
5414    -85.192886352539062  32.378883361816406  30.637386322021484
5415    -85.454383850097656  33.377910614013672  30.814662933349609
5416    -85.495079040527344  33.924953460693359  31.131160736083984
5417    -85.545700073242188  34.544246673583984  31.656862258911133
5418    -85.932235717773438  34.756435394287109  32.075008392333984
5419    -84.365463256835938  32.441829681396484  25.586109161376953
5420    -83.9935302734375  32.163150787353516  25.173616409301758
5421    -84.696769714355469  32.697277069091797  26.553594589233398
5422    -84.707656860351562  32.736862182617188  27.484909057617188
5423    -84.602455139160156  32.579566955566406  28.470407485961914
5424    -84.123138427734375  32.184097290039062  29.657798767089844
5425    -84.450172424316406  32.443447113037109  30.52192497253418
5426    -84.150482177734375  33.453128814697266  26.502676010131836
5427    -84.060951232910156  33.203182220458984  25.82464599609375
5428    -84.265304565429688  33.352027893066406  27.486740112304688
5429    -84.058113098144531  33.381359100341797  28.415184020996094
5430    -83.834793090820312  32.782184600830078  29.537561416625977
5431    -84.333854675292969  33.098579406738281  30.689334869384766
5432    -83.838813781738281  33.915317535400391  27.491130828857422
5433    -83.834579467773438  33.900749206542969  26.77497673034668
5434    -83.795478820800781  33.873397827148438  28.055727005004883
5435    -84.48095703125  33.865413665771484  31.094345092773438
5436    -84.5235595703125  34.302421569824219  31.562631607055664
5437    -83.495529174804688  32.501766204833984  25.014989852905273
5438    -83.761329650878906  32.787124633789062  25.25726318359375
5439    -83.625411987304688  33.486606597900391  25.556488037109375
5440    -83.133399963378906  33.4434814453125  25.093349456787109
5441    -83.7669677734375  33.808277130126953  26.187088012695312
5442    -83.486778259277344  33.464569091796875  29.469165802001953
5443    -83.712936401367188  33.726154327392578  28.696388244628906
5444    -83.160552978515625  32.992019653320312  30.639928817749023
5445    -83.076675415039062  34.305419921875  25.691478729248047
5446    -82.904869079589844  33.950183868408203  25.194923400878906
5447    -83.479331970214844  34.277004241943359  26.509462356567383
5448    -83.465812683105469  34.407947540283203  27.496377944946289
5449    -83.438621520996094  34.269542694091797  28.4072265625
5450    -83.038337707519531  34.343807220458984  29.395769119262695
5451    -82.95013427734375  33.191432952880859  30.701816558837891
5452    -83.503700256347656  34.068855285644531  31.516292572021484
5453    -82.910934448242188  34.965507507324219  26.557971954345703
5454    -82.82366943359375  34.856697082519531  26.067619323730469
5455    -82.961166381835938  35.049358367919922  27.501832962036133
5456    -82.898033142089844  34.989761352539062  28.453947067260742
5457    -82.804794311523438  34.891155242919922  29.016090393066406
5458    -82.481452941894531  32.489707946777344  25.01280403137207
5459    -82.467514038085938  33.477741241455078  25.015121459960938
5460    -82.376350402832031  34.364124298095703  25.087015151977539
5461    -82.618423461914062  34.595256805419922  25.429122924804688
5462    -82.245170593261719  34.340381622314453  30.399629592895508
5463    -82.696426391601562  34.666767120361328  29.671031951904297
5464    -82.328437805175781  33.577610015869141  31.259222030639648
5465    -82.250770568847656  35.259994506835938  25.721954345703125
5466    -81.974296569824219  35.001964569091797  25.166254043579102
5467    -82.483413696289062  35.465457916259766  26.56062126159668
5468    -82.557838439941406  35.547847747802734  27.508708953857422
5469    -82.528045654296875  35.489212036132812  28.46282958984375
5470    -82.412315368652344  35.279239654541016  29.372209548950195
5471    -82.00634765625  35.383075714111328  30.143217086791992
5472    -81.97503662109375  36.014232635498047  26.569068908691406
5473    -81.864707946777344  35.885025024414062  26.025079727172852
5474    -82.056205749511719  36.136810302734375  27.516717910766602
5475    -82.0225830078125  36.140125274658203  28.469779968261719
5476    -81.8922119140625  36.002056121826172  29.427129745483398
5477    -81.792091369628906  35.88592529296875  29.927278518676758
5478    -81.503036499023438  32.505210876464844  25.011913299560547
5479    -81.489204406738281  33.491180419921875  25.0123291015625
5480    -81.472892761230469  34.478713989257812  25.009981155395508
5481    -81.319534301757812  34.425460815429688  31.260923385620117
5482    -81.754875183105469  34.77734375  30.782297134399414
5483    -81.417953491210938  35.407985687255859  25.026584625244141
5484    -81.651374816894531  35.635799407958984  25.395963668823242
5485    -81.666252136230469  35.395904541015625  30.617996215820312
5486    -81.1611328125  35.411579132080078  31.220781326293945
5487    -81.269416809082031  36.270034790039062  25.708087921142578
5488    -81.018669128417969  36.023185729980469  25.150955200195312
5489    -81.512870788574219  36.510547637939453  26.573190689086914
5490    -81.621109008789062  36.627311706542969  27.525087356567383
5491    -81.628669738769531  36.630367279052734  28.478553771972656
5492    -81.542251586914062  36.499221801757812  29.438398361206055
5493    -81.259475708007812  36.36724853515625  30.386125564575195
5494    -80.9534912109375  36.202880859375  31.055044174194336
5495    -81.018325805664062  37.024097442626953  26.576824188232422
5496    -80.890541076660156  36.886978149414062  26.015832901000977
5497    -81.130218505859375  37.164325714111328  27.531665802001953
5498    -81.137916564941406  37.215641021728516  28.488414764404297
5499    -81.05010986328125  37.161712646484375  29.448787689208984
5500    -80.911903381347656  37.017707824707031  30.213602066040039
5501    -80.506729125976562  32.517681121826172  25.007881164550781
5502    -80.499153137207031  33.499534606933594  25.009965896606445
5503    -80.4920654296875  34.493999481201172  25.010721206665039
5504    -80.476539611816406  35.478984832763672  25.003997802734375
5505    -80.703353881835938  35.432437896728516  31.691831588745117
5506    -80.766654968261719  34.787155151367188  31.717485427856445
5507    -80.424514770507812  36.425327301025391  25.003572463989258
5508    -80.643745422363281  36.643993377685547  25.397100448608398
5509    -80.594024658203125  36.49127197265625  31.383047103881836
5510    -80.75091552734375  36.829463958740234  30.834213256835938
5511    -80.283378601074219  37.273662567138672  25.706123352050781
5512    -80.015350341796875  36.989139556884766  25.168121337890625
5513    -80.511444091796875  37.518482208251953  26.580556869506836
5514    -80.658576965332031  37.65911865234375  27.537038803100586
5515    -80.695503234863281  37.7008056640625  28.496782302856445
5516    -80.649307250976562  37.647010803222656  29.457876205444336
5517    -80.572059631347656  37.359039306640625  30.495853424072266
5518    -80.106361389160156  37.413959503173828  31.417081832885742
5519    -80.025009155273438  37.986042022705078  26.581356048583984
5520    -79.883750915527344  37.851924896240234  26.052608489990234
5521    -80.168289184570312  38.125465393066406  27.541160583496094
5522    -80.220558166503906  38.196998596191406  28.50334358215332
5523    -80.164192199707031  38.185989379882812  29.469743728637695
5524    -80.021484375  38.085811614990234  30.435142517089844
5525    -79.884536743164062  37.957614898681641  31.129222869873047
5526    -87.497390747070312  34.9488525390625  32.5411376953125
5527    -87.491752624511719  34.94256591796875  33.588375091552734
5528    -87.418785095214844  35.423240661621094  34.735313415527344
5529    -87.698204040527344  35.714366912841797  35.208694458007812
5530    -87.414054870605469  35.998210906982422  35.568466186523438
5531    -87.049148559570312  35.758945465087891  35.144668579101562
5532    -87.551033020019531  36.572914123535156  36.687953948974609
5533    -87.926002502441406  36.725940704345703  37.124824523925781
5534    -87.553451538085938  36.93218994140625  37.498268127441406
5535    -87.279151916503906  36.767238616943359  37.051357269287109
5536    -87.475067138671875  37.301349639892578  38.576732635498047
5537    -87.475288391113281  37.554603576660156  39.56292724609375
5538    -86.515678405761719  34.881340026855469  32.537590026855469
5539    -86.527076721191406  34.7947998046875  33.639797210693359
5540    -86.50274658203125  35.401336669921875  34.632984161376953
5541    -86.494834899902344  35.771327972412109  35.132225036621094
5542    -86.492942810058594  36.094745635986328  35.637664794921875
5543    -86.491989135742188  36.564426422119141  36.516094207763672
5544    -86.492279052734375  36.784900665283203  37.005352020263672
5545    -86.492950439453125  37.044158935546875  37.590137481689453
5546    -86.493385314941406  37.341053009033203  38.58154296875
5547    -86.497856140136719  37.608757019042969  39.558326721191406
5548    -85.894912719726562  34.775279998779297  32.545124053955078
5549    -85.409271240234375  34.66790771484375  32.552658081054688
5550    -85.632217407226562  34.639270782470703  33.677936553955078
5551    -85.323371887207031  34.594383239746094  33.223896026611328
5552    -85.525497436523438  35.397838592529297  34.648323059082031
5553    -85.511268615722656  35.774089813232422  35.13653564453125
5554    -85.511054992675781  36.094650268554688  35.6318359375
5555    -85.51202392578125  36.582485198974609  36.514190673828125
5556    -85.513221740722656  36.788398742675781  37.010887145996094
5557    -85.514564514160156  37.018661499023438  37.594131469726562
5558    -85.516845703125  37.343349456787109  38.574604034423828
5559    -85.522804260253906  37.562061309814453  39.554157257080078
5560    -84.566612243652344  34.428668975830078  32.555202484130859
5561    -84.610916137695312  34.382148742675781  33.47332763671875
5562    -84.580978393554688  34.744640350341797  34.028789520263672
5563    -84.627937316894531  35.411048889160156  34.760585784912109
5564    -85.000595092773438  35.755020141601562  35.159187316894531
5565    -84.616836547851562  35.978816986083984  35.580089569091797
5566    -84.351325988769531  35.719009399414062  35.229583740234375
5567    -84.536338806152344  36.541873931884766  36.695072174072266
5568    -84.863922119140625  36.750980377197266  37.066791534423828
5569    -84.537895202636719  36.895816802978516  37.531955718994141
5570    -84.215011596679688  36.705577850341797  37.173545837402344
5571    -84.539985656738281  37.235507965087891  38.571399688720703
5572    -84.547805786132812  37.443187713623047  39.546504974365234
5573    -83.568252563476562  34.109516143798828  32.538616180419922
5574    -83.671363830566406  34.264537811279297  33.770137786865234
5575    -83.97967529296875  34.735111236572266  34.149738311767578
5576    -83.60260009765625  35.088546752929688  34.620552062988281
5577    -83.318962097167969  34.673652648925781  34.280364990234375
5578    -83.555282592773438  35.642852783203125  35.351863861083984
5579    -83.551643371582031  35.943016052246094  35.831012725830078
5580    -83.550926208496094  36.361488342285156  36.609798431396484
5581    -83.553466796875  36.675491333007812  37.337165832519531
5582    -83.554649353027344  36.840644836425781  37.827438354492188
5583    -83.558036804199219  37.054389953613281  38.563156127929688
5584    -83.567840576171875  37.237987518310547  39.538578033447266
5585    -82.604118347167969  33.763313293457031  32.374855041503906
5586    -82.706474304199219  33.868831634521484  33.686534881591797
5587    -82.400360107421875  33.529247283935547  33.239917755126953
5588    -82.340110778808594  33.612335205078125  32.660518646240234
5589    -82.592514038085938  34.561557769775391  34.428455352783203
5590    -82.569465637207031  35.032981872558594  34.889629364013672
5591    -82.506507873535156  35.567676544189453  35.647243499755859
5592    -82.790695190429688  35.84619140625  35.991279602050781
5593    -82.510887145996094  36.043788909912109  36.529323577880859
5594    -82.158843994140625  35.736637115478516  36.172420501708984
5595    -82.637451171875  36.521404266357422  37.649044036865234
5596    -82.996604919433594  36.752983093261719  38.014049530029297
5597    -82.769134521484375  36.841976165771484  38.561698913574219
5598    -82.288772583007812  36.680427551269531  38.567302703857422
5599    -82.488945007324219  36.910980224609375  39.442070007324219
5600    -82.111183166503906  36.724151611328125  39.063022613525391
5601    -81.544685363769531  33.351375579833984  33.613780975341797
5602    -81.520927429199219  33.220226287841797  32.348220825195312
5603    -81.279884338378906  33.459621429443359  31.379219055175781
5604    -81.883598327636719  33.805644989013672  34.056098937988281
5605    -81.551353454589844  34.277030944824219  34.679492950439453
5606    -81.15875244140625  33.711009979248047  34.208766937255859
5607    -81.896591186523438  34.873493194580078  35.069046020507812
5608    -81.582305908203125  35.103652954101562  35.606163024902344
5609    -81.247596740722656  34.700355529785156  35.280281066894531
5610    -81.537681579589844  35.630481719970703  36.531902313232422
5611    -81.823410034179688  35.908672332763672  36.799221038818359
5612    -81.533302307128906  36.067642211914062  37.529273986816406
5613    -81.196334838867188  35.678855895996094  37.199802398681641
5614    -81.607772827148438  36.417144775390625  38.560253143310547
5615    -81.642616271972656  36.614505767822266  39.440540313720703
5616    -81.996383666992188  36.789314270019531  39.700965881347656
5617    -80.441322326660156  32.746273040771484  33.566249847412109
5618    -79.965751647949219  32.402256011962891  31.849235534667969
5619    -80.533462524414062  33.566726684570312  34.317478179931641
5620    -80.348747253417969  34.401721954345703  32.017768859863281
5621    -80.563339233398438  34.095417022705078  34.81219482421875
5622    -80.576675415039062  34.612442016601562  35.427715301513672
5623    -80.2127685546875  35.461933135986328  32.192131042480469
5624    -80.590782165527344  34.909942626953125  35.925006866455078
5625    -80.621658325195312  35.194149017333984  36.622264862060547
5626    -80.678184509277344  35.450519561767578  37.583385467529297
5627    -80.043960571289062  36.434234619140625  32.126674652099609
5628    -80.987258911132812  35.757244110107422  37.857410430908203
5629    -80.788322448730469  35.873153686523438  38.581989288330078
5630    -80.265579223632812  35.641216278076172  38.572120666503906
5631    -80.582901000976562  35.901790618896484  39.461898803710938
5632    -80.137031555175781  35.717761993408203  39.057083129882812
5633    -79.8924560546875  37.132797241210938  32.000217437744141
5634    -87.476638793945312  37.70013427734375  40.224620819091797
5635    -87.396415710449219  37.640289306640625  47.358932495117188
5636    -87.661293029785156  37.701549530029297  46.808666229248047
5637    -87.479621887207031  37.768474578857422  40.713645935058594
5638    -87.485252380371094  37.859329223632812  41.516868591308594
5639    -87.485160827636719  37.869071960449219  42.49981689453125
5640    -87.475807189941406  37.793842315673828  43.498085021972656
5641    -87.474540710449219  37.853622436523438  44.498306274414062
5642    -87.478172302246094  37.841472625732422  45.483638763427734
5643    -87.400421142578125  37.769222259521484  46.478973388671875
5644    -87.024894714355469  37.706512451171875  46.965938568115234
5645    -86.502853393554688  37.708549499511719  40.114768981933594
5646    -86.507095336914062  37.792385101318359  40.601215362548828
5647    -86.511032104492188  37.863983154296875  41.513759613037109
5648    -86.51129150390625  37.833705902099609  42.504501342773438
5649    -86.50439453125  37.869541168212891  43.505962371826172
5650    -86.502761840820312  37.910629272460938  44.496673583984375
5651    -86.506370544433594  37.855602264404297  45.478721618652344
5652    -86.582893371582031  37.759113311767578  46.508785247802734
5653    -86.957977294921875  37.707416534423828  46.965862274169922
5654    -86.583206176757812  37.648868560791016  47.359508514404297
5655    -86.308479309082031  37.704509735107422  46.863498687744141
5656    -85.473747253417969  37.710891723632812  40.466739654541016
5657    -85.529838562011719  37.552135467529297  47.454185485839844
5658    -85.454612731933594  37.677001953125  46.504425048828125
5659    -85.76690673828125  37.763046264648438  40.757656097412109
5660    -85.630500793457031  37.792671203613281  41.511867523193359
5661    -85.142669677734375  37.723224639892578  41.511249542236328
5662    -85.478813171386719  37.70037841796875  42.492717742919922
5663    -85.116706848144531  37.669864654541016  42.14404296875
5664    -85.526710510253906  37.842178344726562  43.509586334228516
5665    -85.527717590332031  37.84716796875  44.493980407714844
5666    -85.451194763183594  37.784252166748047  45.548274993896484
5667    -85.727149963378906  37.735794067382812  46.203544616699219
5668    -85.078994750976562  37.705528259277344  45.920738220214844
5669    -84.551124572753906  37.577892303466797  40.518043518066406
5670    -84.558975219726562  37.573009490966797  41.511615753173828
5671    -84.610809326171875  37.573585510253906  42.5037841796875
5672    -84.552444458007812  37.548873901367188  46.463603973388672
5673    -84.579376220703125  37.657444000244141  45.547115325927734
5674    -84.549423217773438  37.416290283203125  47.455718994140625
5675    -84.956916809082031  37.691940307617188  42.820041656494141
5676    -84.818016052246094  37.759819030761719  43.511936187744141
5677    -84.327606201171875  37.682537078857422  43.513427734375
5678    -84.8013916015625  37.749053955078125  44.492134094238281
5679    -84.311553955078125  37.664993286132812  44.490398406982422
5680    -84.923881530761719  37.733268737792969  45.266326904296875
5681    -83.563766479492188  37.349952697753906  40.513721466064453
5682    -83.585533142089844  37.259471893310547  41.519329071044922
5683    -83.551567077636719  37.469253540039062  42.520687103271484
5684    -83.564010620117188  37.525653839111328  43.51165771484375
5685    -83.565635681152344  37.521190643310547  44.489463806152344
5686    -83.567481994628906  37.453643798828125  45.477016448974609
5687    -83.570549011230469  37.341651916503906  46.465274810791016
5688    -83.568038940429688  37.213581085205078  47.457202911376953
5689    -82.579277038574219  37.032009124755859  40.516368865966797
5690    -82.587989807128906  37.036201477050781  41.526611328125
5691    -82.568687438964844  37.217689514160156  42.523361206054688
5692    -82.578880310058594  37.264793395996094  43.505722045898438
5693    -82.582763671875  37.246925354003906  44.48687744140625
5694    -82.58636474609375  37.171909332275391  45.476879119873047
5695    -82.587432861328125  37.070365905761719  46.466392517089844
5696    -82.522735595703125  36.893863677978516  47.488475799560547
5697    -81.937889099121094  36.766586303710938  40.525497436523438
5698    -81.466911315917969  36.547931671142578  40.541606903076172
5699    -81.751792907714844  36.834079742431641  41.531806945800781
5700    -81.258865356445312  36.703666687011719  41.537742614746094
5701    -81.496971130371094  36.870510101318359  42.452579498291016
5702    -81.113388061523438  36.718765258789062  42.085014343261719
5703    -81.58905029296875  36.952991485595703  43.498859405517578
5704    -81.529762268066406  36.872165679931641  44.424083709716797
5705    -81.7357177734375  36.864593505859375  45.474807739257812
5706    -81.243667602539062  36.683300018310547  45.473289489746094
5707    -81.161628723144531  36.705806732177734  44.712635040283203
5708    -81.878273010253906  36.819377899169922  46.466236114501953
5709    -81.389434814453125  36.620841979980469  46.464279174804688
5710    -82.009376525878906  36.761180877685547  47.178478240966797
5711    -81.653419494628906  36.568290710449219  47.487590789794922
5712    -82.156379699707031  36.704612731933594  47.839290618896484
5713    -80.651473999023438  36.171379089355469  40.553546905517578
5714    -80.609771728515625  36.451885223388672  41.540981292724609
5715    -80.68231201171875  36.591556549072266  42.448455810546875
5716    -80.622695922851562  36.402416229248047  45.472587585449219
5717    -80.710487365722656  36.546463012695312  44.421234130859375
5718    -80.621261596679688  36.284870147705078  46.465053558349609
5719    -80.618797302246094  36.139331817626953  47.457973480224609
5720    -81.058555603027344  36.745532989501953  42.724052429199219
5721    -81.062667846679688  36.750759124755859  43.493907928466797
5722    -80.574180603027344  36.547332763671875  43.492450714111328
5723    -81.10162353515625  36.72760009765625  44.051963806152344
5724    -87.39453125  35.016571044921875  55.433845520019531
5725    -87.479026794433594  35.543079376220703  54.436260223388672
5726    -87.65728759765625  34.591320037841797  55.730281829833984
5727    -87.484535217285156  36.383171081542969  52.407135009765625
5728    -87.484260559082031  36.639430999755859  51.622238159179688
5729    -87.484245300292969  35.999561309814453  53.39385986328125
5730    -87.482315063476562  35.764118194580078  53.939510345458984
5731    -87.478202819824219  37.439384460449219  48.447437286376953
5732    -87.479904174804688  37.221504211425781  49.43670654296875
5733    -87.482879638671875  36.989112854003906  50.427558898925781
5734    -87.484474182128906  36.797138214111328  51.126434326171875
5735    -86.492294311523438  35.112400054931641  55.375015258789062
5736    -86.499443054199219  35.554191589355469  54.460742950439453
5737    -86.509681701660156  36.373611450195312  52.404315948486328
5738    -86.50994873046875  36.639945983886719  51.622238159179688
5739    -86.508224487304688  36.0062255859375  53.394611358642578
5740    -86.505058288574219  35.766948699951172  53.966037750244141
5741    -86.507820129394531  37.458385467529297  48.447776794433594
5742    -86.508514404296875  37.244182586669922  49.438396453857422
5743    -86.510185241699219  36.996147155761719  50.426246643066406
5744    -86.510772705078125  36.793636322021484  51.125473022460938
5745    -85.514801025390625  35.082416534423828  55.375617980957031
5746    -85.501861572265625  35.567867279052734  54.3172607421875
5747    -85.52923583984375  36.298675537109375  52.403163909912109
5748    -85.528976440429688  36.605697631835938  51.504619598388672
5749    -85.507553100585938  35.903247833251953  53.473766326904297
5750    -85.818405151367188  35.766563415527344  53.941108703613281
5751    -85.167137145996094  35.711643218994141  53.851409912109375
5752    -85.527580261230469  37.391632080078125  48.447689056396484
5753    -85.52899169921875  37.172203063964844  49.435745239257812
5754    -85.529083251953125  36.924354553222656  50.427158355712891
5755    -85.529380798339844  36.753761291503906  51.010227203369141
5756    -84.543182373046875  35.408077239990234  54.386951446533203
5757    -84.5458984375  35.672916412353516  53.731616973876953
5758    -84.559127807617188  34.954132080078125  55.442741394042969
5759    -84.547515869140625  36.165798187255859  52.407222747802734
5760    -84.647964477539062  36.540538787841797  51.314479827880859
5761    -84.544952392578125  35.871868133544922  53.23828125
5762    -84.54949951171875  37.239627838134766  48.444961547851562
5763    -84.546562194824219  37.039627075195312  49.437454223632812
5764    -84.646697998046875  36.799697875976562  50.402565002441406
5765    -85.040428161621094  36.714900970458984  50.916873931884766
5766    -84.388046264648438  36.670188903808594  50.714492797851562
5767    -83.56427001953125  35.204963684082031  54.391265869140625
5768    -83.534294128417969  35.576663970947266  53.387989044189453
5769    -83.559600830078125  34.893535614013672  55.165817260742188
5770    -84.251731872558594  34.714584350585938  55.796031951904297
5771    -83.562393188476562  34.641582489013672  55.645374298095703
5772    -83.56781005859375  36.27947998046875  51.416122436523438
5773    -83.584564208984375  36.593391418457031  50.403396606445312
5774    -83.530036926269531  35.932861328125  52.46405029296875
5775    -83.837326049804688  35.783866882324219  53.050083160400391
5776    -83.185699462890625  35.70416259765625  52.8231201171875
5777    -83.565589904785156  37.046375274658203  48.449127197265625
5778    -83.583938598632812  36.836460113525391  49.413402557373047
5779    -83.924453735351562  36.753570556640625  50.05517578125
5780    -83.272315979003906  36.681560516357422  49.725418090820312
5781    -82.582954406738281  35.311019897460938  53.404468536376953
5782    -82.527877807617188  35.627910614013672  52.461257934570312
5783    -82.583015441894531  34.939285278320312  54.4178466796875
5784    -82.919044494628906  34.795661926269531  54.9827880859375
5785    -82.579803466796875  34.534637451171875  55.344257354736328
5786    -82.265785217285156  34.690502166748047  54.747879028320312
5787    -82.584182739257812  36.294601440429688  50.427658081054688
5788    -82.632431030273438  36.562404632568359  49.412914276123047
5789    -82.523368835449219  35.962333679199219  51.477470397949219
5790    -82.81658935546875  35.819564819335938  52.164684295654297
5791    -82.164024353027344  35.709877014160156  51.83935546875
5792    -82.806060791015625  36.818424224853516  48.447624206542969
5793    -82.316246032714844  36.658855438232422  48.447605133056641
5794    -82.989089965820312  36.751110076904297  49.067111968994141
5795    -81.536148071289062  34.084293365478516  55.447540283203125
5796    -81.57830810546875  34.572856903076172  54.408721923828125
5797    -81.606483459472656  35.295379638671875  52.408130645751953
5798    -81.570419311523438  35.603477478027344  51.471683502197266
5799    -81.5721435546875  34.959072113037109  53.428009033203125
5800    -81.88812255859375  34.815521240234375  54.093955993652344
5801    -81.236839294433594  34.695621490478516  53.763721466064453
5802    -81.608444213867188  36.3861083984375  48.448135375976562
5803    -81.605918884277344  36.180606842041016  49.438419342041016
5804    -81.566635131835938  35.919715881347656  50.429367065429688
5805    -81.870895385742188  35.817394256591797  51.180812835693359
5806    -81.219245910644531  35.696609497070312  50.756847381591797
5807    -80.531410217285156  34.116901397705078  54.479278564453125
5808    -80.630973815917969  34.547336578369141  53.426429748535156
5809    -80.808921813964844  33.924400329589844  55.171958923339844
5810    -80.543266296386719  33.620967864990234  55.445362091064453
5811    -80.176277160644531  33.744415283203125  54.837070465087891
5812    -81.181320190429688  33.732524871826172  55.808086395263672
5813    -80.618186950683594  35.2130126953125  51.420112609863281
5814    -80.664077758789062  35.533969879150391  50.430427551269531
5815    -80.62420654296875  34.91851806640625  52.356575012207031
5816    -80.964698791503906  34.811714172363281  53.106491088867188
5817    -80.312957763671875  34.664009094238281  52.642948150634766
5818    -80.564842224121094  35.936737060546875  48.440811157226562
5819    -80.852638244628906  35.86053466796875  49.440372467041016
5820    -80.360260009765625  35.63690185546875  49.440181732177734
5821    -80.203315734863281  35.702785491943359  48.764270782470703
5822    -81.025039672851562  35.774707794189453  50.100383758544922
5823    -87.482276916503906  32.033027648925781  60.087135314941406
5824    -87.4852294921875  32.534690856933594  59.519557952880859
5825    -87.491065979003906  33.383209228515625  58.3486328125
5826    -87.49462890625  33.733066558837891  57.804458618164062
5827    -87.487739562988281  32.922649383544922  59.030197143554688
5828    -87.39263916015625  34.352344512939453  56.191246032714844
5829    -87.495040893554688  33.989891052246094  57.312408447265625
5830    -87.000846862792969  34.715648651123047  55.839859008789062
5831    -86.509109497070312  32.047393798828125  60.106513977050781
5832    -86.511085510253906  32.548549652099609  59.526432037353516
5833    -86.519790649414062  33.361717224121094  58.355224609375
5834    -86.521163940429688  33.711719512939453  57.770217895507812
5835    -86.515594482421875  32.911907196044922  59.032566070556641
5836    -86.515052795410156  33.951408386230469  57.260711669921875
5837    -86.499855041503906  34.352367401123047  56.325126647949219
5838    -86.4893798828125  34.78936767578125  55.898609161376953
5839    -85.534065246582031  32.002956390380859  60.055614471435547
5840    -85.535964965820312  32.488815307617188  59.438072204589844
5841    -85.537551879882812  33.223625183105469  58.371616363525391
5842    -85.5484619140625  33.566024780273438  57.601516723632812
5843    -85.540855407714844  32.831207275390625  58.945320129394531
5844    -85.544639587402344  33.792354583740234  57.024559020996094
5845    -85.513885498046875  34.459556579589844  56.407627105712891
5846    -85.509750366210938  34.805980682373047  55.917221069335938
5847    -84.558082580566406  31.882356643676758  59.927379608154297
5848    -84.597824096679688  32.446826934814453  59.27899169921875
5849    -84.603713989257812  32.96075439453125  58.380096435546875
5850    -84.570281982421875  33.373661041259766  57.4102783203125
5851    -84.963851928710938  32.781654357910156  58.877117156982422
5852    -84.310066223144531  32.710289001464844  58.741359710693359
5853    -84.535675048828125  33.91351318359375  56.996166229248047
5854    -84.551345825195312  34.496482849121094  56.280391693115234
5855    -84.896308898925781  34.769832611083984  55.880691528320312
5856    -83.628883361816406  32.058521270751953  59.378761291503906
5857    -83.593742370605469  32.523345947265625  58.525440216064453
5858    -83.999855041503906  31.803863525390625  59.841785430908203
5859    -83.620185852050781  32.704357147216797  57.904186248779297
5860    -83.55364990234375  33.397232055664062  57.385623931884766
5861    -83.549613952636719  34.246875762939453  56.364902496337891
5862    -83.547088623046875  33.845314025878906  56.905658721923828
5863    -82.596748352050781  32.18914794921875  58.188312530517578
5864    -82.869544982910156  31.930885314941406  59.055686950683594
5865    -82.608665466308594  33.273880004882812  57.326885223388672
5866    -82.858070373535156  32.799755096435547  57.853687286376953
5867    -82.200096130371094  32.737751007080078  57.758022308349609
5868    -82.658973693847656  33.969573974609375  56.360599517822266
5869    -83.039703369140625  33.775600433349609  56.839031219482422
5870    -82.3919677734375  33.664447784423828  56.6781005859375
5871    -81.604171752929688  32.127952575683594  58.079326629638672
5872    -81.587272644042969  32.649246215820312  57.642524719238281
5873    -81.589179992675781  33.032947540283203  57.152736663818359
5874    -81.533500671386719  33.557430267333984  56.361713409423828
5875    -81.823066711425781  33.870269775390625  56.031154632568359
5876    -80.594795227050781  32.338066101074219  57.353683471679688
5877    -80.889480590820312  31.967815399169922  57.939617156982422
5878    -80.26031494140625  31.724664688110352  57.727321624755859
5879    -80.620826721191406  33.103855133056641  56.370464324951172
5880    -80.953765869140625  32.879703521728516  56.954288482666016
5881    -80.307655334472656  32.688133239746094  56.692955017089844
5882    -78.866249084472656  8.2244234085083008  25.06397819519043
5883    -78.929916381835938  8.2388439178466797  25.042047500610352
5884    -78.963569641113281  8.1531991958618164  25.120920181274414
5885    -78.86724853515625  8.1540927886962891  25.126974105834961
5886    -76.490615844726562  8.065826416015625  25.404626846313477
5887    -76.9329833984375  8.3085088729858398  25.077659606933594
5888    -76.480461120605469  8.1717424392700195  25.127452850341797
5889    -76.924415588378906  8.2922182083129883  25.241182327270508
5890    -75.8460693359375  8.0458688735961914  25.495752334594727
5891    -75.870735168457031  8.0524406433105469  25.029666900634766
5892    -75.967681884765625  8.1991214752197266  25.929996490478516
5893    -76.160850524902344  8.1655044555664062  25.950368881225586
5894    -76.540863037109375  7.4965310096740723  48.026454925537109
5895    -75.497673034667969  7.5509271621704102  47.944461822509766
5896    -75.470901489257812  6.764366626739502  48.131107330322266
5897    -76.23358154296875  6.9737977981567383  48.193206787109375
5898    -74.518333435058594  7.5293960571289062  48.001075744628906
5899    -74.511550903320312  6.4913549423217773  48.153110504150391
5900    -73.507972717285156  6.5279884338378906  48.162258148193359
5901    -73.48248291015625  5.9861011505126953  48.259902954101562
5902    -74.183143615722656  6.0372681617736816  48.251617431640625
5903    -73.530975341796875  7.5065693855285645  48.099857330322266
5904    -72.507637023925781  6.5002498626708984  48.25579833984375
5905    -72.443466186523438  5.5961408615112305  48.2188720703125
5906    -72.544471740722656  7.426386833190918  48.255580902099609
5907    -79.342704772949219  6.7365102767944336  51.503883361816406
5908    -79.393455505371094  6.9057712554931641  50.603790283203125
5909    -79.398002624511719  6.8872127532958984  52.422073364257812
5910    -79.408340454101562  7.3868308067321777  49.521656036376953
5911    -79.371490478515625  7.8715677261352539  48.883571624755859
5912    -79.743133544921875  7.2718181610107422  50.325794219970703
5913    -79.105461120605469  7.0075259208679199  49.777984619140625
5914    -79.756584167480469  7.2602634429931641  52.712825775146484
5915    -79.580284118652344  7.4057493209838867  53.401065826416016
5916    -79.084686279296875  7.0046420097351074  53.400390625
5917    -79.259605407714844  7.7595973014831543  54.268394470214844
5918    -78.890731811523438  7.1604037284851074  53.898845672607422
5919    -78.644149780273438  6.3489036560058594  50.560359954833984
5920    -78.423828125  6.6632652282714844  49.560878753662109
5921    -77.97698974609375  6.1346750259399414  49.971607208251953
5922    -78.145233154296875  6.009058952331543  50.564010620117188
5923    -78.754661560058594  6.2758126258850098  51.504806518554688
5924    -78.257835388183594  5.9307785034179688  51.505340576171875
5925    -78.667999267578125  6.3393244743347168  52.447563171386719
5926    -78.180534362792969  5.9897646903991699  52.450077056884766
5927    -78.34271240234375  6.4961462020874023  53.428691864013672
5928    -78.005722045898438  6.1208319664001465  53.144805908203125
5929    -78.372734069824219  6.9366965293884277  54.1131591796875
5930    -78.842140197753906  7.2117910385131836  49.182224273681641
5931    -78.515838623046875  7.5980944633483887  48.605476379394531
5932    -78.211967468261719  6.9726877212524414  48.981655120849609
5933    -78.384971618652344  7.3980288505554199  54.590354919433594
5934    -78.394111633300781  7.8852148056030273  54.987617492675781
5935    -78.936973571777344  8.1141242980957031  54.832962036132812
5936    -77.325691223144531  5.4758639335632324  50.524169921875
5937    -77.346755981445312  5.9211444854736328  49.646305084228516
5938    -77.526390075683594  5.4425654411315918  51.504734039306641
5939    -76.977134704589844  5.155827522277832  50.798679351806641
5940    -77.037513732910156  5.1152029037475586  51.503551483154297
5941    -77.446823120117188  5.4851217269897461  52.452041625976562
5942    -76.951820373535156  5.1653165817260742  52.4515380859375
5943    -77.331871032714844  5.7427797317504883  53.344749450683594
5944    -76.854171752929688  5.2427520751953125  52.903522491455078
5945    -77.663780212402344  6.3267974853515625  49.347652435302734
5946    -77.379341125488281  6.6364541053771973  48.823348999023438
5947    -77.008934020996094  6.1143126487731934  49.109992980957031
5948    -77.783370971679688  6.2545924186706543  53.767086029052734
5949    -77.489456176757812  6.6120762825012207  54.406337738037109
5950    -77.1409912109375  6.0519161224365234  54.015922546386719
5951    -77.419631958007812  7.3195099830627441  48.336479187011719
5952    -78.173301696777344  8.0141153335571289  48.174068450927734
5953    -77.447456359863281  7.7869167327880859  48.087078094482422
5954    -77.8199462890625  7.2172112464904785  54.758506774902344
5955    -77.487396240234375  7.5489706993103027  55.201335906982422
5956    -77.180946350097656  6.9947094917297363  54.909198760986328
5957    -76.381683349609375  4.7013211250305176  51.502925872802734
5958    -76.445137023925781  4.9269180297851562  50.52154541015625
5959    -76.378807067871094  4.8332653045654297  52.443645477294922
5960    -76.386978149414062  5.0851016044616699  53.132987976074219
5961    -76.463241577148438  5.3981928825378418  49.582645416259766
5962    -76.407554626464844  5.9117794036865234  48.963222503662109
5963    -76.808708190917969  5.2586135864257812  50.193866729736328
5964    -76.167922973632812  5.0526576042175293  49.874294281005859
5965    -76.394050598144531  5.3501520156860352  53.603336334228516
5966    -76.314018249511719  5.8915128707885742  54.344440460205078
5967    -76.498100280761719  6.6560516357421875  48.444389343261719
5968    -76.576026916503906  6.3376970291137695  54.656440734863281
5969    -76.333808898925781  6.6430010795593262  54.994987487792969
5970    -75.925064086914062  6.1816558837890625  54.776138305664062
5971    -76.876548767089844  7.169191837310791  48.263885498046875
5972    -76.472846984863281  7.6851911544799805  55.56231689453125
5973    -75.525917053222656  4.4063425064086914  50.566261291503906
5974    -75.326797485351562  4.7353248596191406  49.675361633300781
5975    -74.876266479492188  4.2439289093017578  50.110916137695312
5976    -75.031845092773438  4.1553378105163574  50.560157775878906
5977    -75.677680969238281  4.337432861328125  51.5015869140625
5978    -75.190017700195312  4.0874438285827637  51.498428344726562
5979    -75.427925109863281  4.3421740531921387  52.507156372070312
5980    -75.102088928222656  4.1376667022705078  52.234413146972656
5981    -75.49298095703125  4.8417630195617676  53.46368408203125
5982    -75.756546020507812  5.2708649635314941  49.263935089111328
5983    -75.448944091796875  5.5815348625183105  48.794681549072266
5984    -75.103309631347656  5.086237907409668  49.104633331298828
5985    -75.867813110351562  5.2342171669006348  53.815391540527344
5986    -75.51715087890625  5.5096282958984375  54.316261291503906
5987    -75.235687255859375  5.0763950347900391  53.972373962402344
5988    -75.447479248046875  6.0764980316162109  54.842746734619141
5989    -75.437919616699219  6.3177227973937988  48.342716217041016
5990    -75.466300964355469  6.6208930015563965  55.185981750488281
5991    -75.478713989257812  7.4894490242004395  55.603446960449219
5992    -74.397972106933594  3.8540053367614746  50.554218292236328
5993    -74.384529113769531  4.1199040412902832  49.91033935546875
5994    -74.401054382324219  3.7361960411071777  51.491100311279297
5995    -74.488990783691406  3.9633834362030029  52.496982574462891
5996    -74.3948974609375  4.4064664840698242  49.448810577392578
5997    -74.415153503417969  4.8778777122497559  48.990756988525391
5998    -74.851226806640625  4.2703070640563965  52.83636474609375
5999    -74.503044128417969  4.4078903198242188  53.3770751953125
6000    -74.219047546386719  4.1048135757446289  53.064868927001953
6001    -74.449462890625  4.9203095436096191  54.102596282958984
6002    -74.475738525390625  5.6841416358947754  48.439865112304688
6003    -74.463600158691406  5.4367895126342773  54.584178924560547
6004    -74.474662780761719  5.9265141487121582  54.917251586914062
6005    -74.822608947753906  6.166755199432373  48.271762847900391
6006    -74.493148803710938  6.6075038909912109  55.279163360595703
6007    -74.50836181640625  7.5107145309448242  55.619472503662109
6008    -73.362144470214844  3.3929667472839355  50.468090057373047
6009    -73.435577392578125  3.8445150852203369  49.569526672363281
6010    -73.511985778808594  3.3721194267272949  51.484390258789062
6011    -73.0113525390625  3.2175889015197754  50.711055755615234
6012    -73.014060974121094  3.2082459926605225  51.477687835693359
6013    -73.333763122558594  3.5249574184417725  52.319511413574219
6014    -72.936164855957031  3.2636783123016357  51.946949005126953
6015    -73.441802978515625  3.9897904396057129  53.212085723876953
6016    -73.819175720214844  4.2398667335510254  49.235435485839844
6017    -73.465362548828125  4.5744743347167969  48.878196716308594
6018    -73.149169921875  4.0384783744812012  49.080257415771484
6019    -73.4534912109375  4.3208909034729004  53.677238464355469
6020    -73.471908569335938  4.7877540588378906  54.163143157958984
6021    -73.455291748046875  5.5098247528076172  48.363250732421875
6022    -73.488044738769531  5.3865056037902832  54.625957489013672
6023    -73.502532958984375  5.8582115173339844  54.904148101806641
6024    -73.519607543945312  6.5877633094787598  55.255210876464844
6025    -73.641334533691406  7.6500563621520996  55.5738525390625
6026    -72.432952880859375  3.0153555870056152  51.468227386474609
6027    -72.509719848632812  3.0387778282165527  50.441867828369141
6028    -72.439384460449219  3.175490140914917  52.093341827392578
6029    -72.685188293457031  3.3452773094177246  49.600139617919922
6030    -72.329368591308594  3.6627340316772461  48.859943389892578
6031    -71.943161010742188  3.1826531887054443  49.074287414550781
6032    -72.19061279296875  3.1014273166656494  49.580074310302734
6033    -72.863822937011719  3.2597153186798096  50.105354309082031
6034    -72.449180603027344  3.3712131977081299  52.557907104492188
6035    -72.466506958007812  3.8413119316101074  53.31512451171875
6036    -72.385971069335938  4.5220413208007812  48.397487640380859
6037    -72.4794921875  4.2353649139404297  53.761234283447266
6038    -72.49853515625  4.6863436698913574  54.155261993408203
6039    -72.719253540039062  5.3687124252319336  48.360431671142578
6040    -72.05902099609375  4.7657437324523926  48.230297088623047
6041    -72.515960693359375  5.4120907783508301  54.622547149658203
6042    -72.528785705566406  5.8816752433776855  54.862323760986328
6043    -72.54296875  6.5643272399902344  55.137859344482422
6044    -72.564857482910156  7.5252084732055664  55.336051940917969
6045    -80.137428283691406  6.0541605949401855  59.574703216552734
6046    -80.210830688476562  6.1831502914428711  59.091129302978516
6047    -79.975898742675781  5.8469409942626953  60.492671966552734
6048    -80.107147216796875  5.9672517776489258  61.081703186035156
6049    -80.018646240234375  6.6211919784545898  58.670063018798828
6050    -80.164131164550781  6.9636063575744629  57.970996856689453
6051    -79.707633972167969  6.5893683433532715  59.542766571044922
6052    -79.552223205566406  6.5655879974365234  60.486053466796875
6053    -79.979812622070312  6.6375746726989746  61.394802093505859
6054    -80.262825012207031  7.0362138748168945  61.964431762695312
6055    -80.087326049804688  7.5576200485229492  57.823993682861328
6056    -79.715309143066406  7.5645380020141602  58.598892211914062
6057    -79.335807800292969  7.5472707748413086  59.539985656738281
6058    -79.285858154296875  7.4125080108642578  60.476024627685547
6059    -79.542961120605469  7.6658940315246582  61.312210083007812
6060    -80.110054016113281  7.6281390190124512  62.364604949951172
6061    -80.215354919433594  7.9644889831542969  63.187786102294922
6062    -79.179206848144531  7.8875346183776855  60.479282379150391
6063    -79.218757629394531  7.8581767082214355  59.844860076904297
6064    -79.275962829589844  8.0408306121826172  60.926155090332031
6065    -75.493927001953125  7.9711494445800781  55.765071868896484
6066    -76.17816162109375  8.0401239395141602  55.762405395507812
6067    -74.521896362304688  7.9885001182556152  55.75030517578125
6068    -74.044090270996094  8.0441961288452148  55.712268829345703
6069    -79.445274353027344  8.6400299072265625  25.514665603637695
6070    -79.340003967285156  8.6707849502563477  25.066429138183594
6071    -79.464202880859375  9.5248584747314453  25.065166473388672
6072    -79.781982421875  9.1651620864868164  25.862508773803711
6073    -79.462814331054688  9.5227022171020508  26.416126251220703
6074    -79.266014099121094  8.8899192810058594  26.104509353637695
6075    -79.466911315917969  10.506071090698242  25.041316986083984
6076    -79.614921569824219  10.603015899658203  26.66594123840332
6077    -79.105422973632812  10.68806266784668  26.960031509399414
6078    -78.982566833496094  10.026955604553223  26.821231842041016
6079    -79.437362670898438  10.371687889099121  30.542556762695312
6080    -79.433731079101562  10.849884986877441  29.560371398925781
6081    -79.76910400390625  10.279851913452148  31.32220458984375
6082    -79.149040222167969  10.17082691192627  30.830844879150391
6083    -79.458534240722656  10.102805137634277  31.585886001586914
6084    -79.470382690429688  11.503395080566406  25.047266006469727
6085    -79.708732604980469  11.20051383972168  26.758977890014648
6086    -79.1015625  11.781800270080566  27.27263069152832
6087    -79.363838195800781  11.523046493530273  28.538476943969727
6088    -79.740898132324219  11.275143623352051  29.232624053955078
6089    -79.109893798828125  11.099216461181641  28.866996765136719
6090    -79.475242614746094  12.507822036743164  25.024980545043945
6091    -79.483917236328125  13.506915092468262  24.999998092651367
6092    -79.490478515625  14.501740455627441  24.999998092651367
6093    -79.488922119140625  15.495859146118164  25
6094    -78.489028930664062  8.5021400451660156  24.999998092651367
6095    -78.476722717285156  8.2393960952758789  25.449680328369141
6096    -78.463966369628906  8.7946653366088867  26.233060836791992
6097    -78.492057800292969  9.5235319137573242  25.051179885864258
6098    -78.445404052734375  9.3988733291625977  26.65827751159668
6099    -78.436599731445312  9.900294303894043  26.897464752197266
6100    -78.471473693847656  9.8846349716186523  31.526660919189453
6101    -78.453681945800781  10.099342346191406  30.525835037231445
6102    -78.495460510253906  10.502080917358398  25.03080940246582
6103    -78.309661865234375  10.96590518951416  27.316518783569336
6104    -78.433387756347656  10.425815582275391  29.655035018920898
6105    -78.430671691894531  10.986693382263184  28.500757217407227
6106    -78.740928649902344  10.277748107910156  30.201601028442383
6107    -78.123435974121094  10.241332054138184  30.029279708862305
6108    -78.496803283691406  11.50272274017334  25.036754608154297
6109    -78.616966247558594  11.465189933776855  27.787691116333008
6110    -78.703254699707031  11.366653442382812  28.113967895507812
6111    -78.497848510742188  12.503227233886719  24.999998092651367
6112    -78.499359130859375  13.501494407653809  24.999998092651367
6113    -78.499961853027344  14.499961853027344  25
6114    -78.499595642089844  15.499588966369629  25
6115    -77.335868835449219  8.5334453582763672  25.400373458862305
6116    -77.410812377929688  8.5012302398681641  25.003482818603516
6117    -77.351066589355469  8.9429559707641602  26.336263656616211
6118    -77.494415283203125  9.5205793380737305  25.036832809448242
6119    -77.611351013183594  9.3288469314575195  26.636552810668945
6120    -77.360321044921875  9.6217575073242188  26.934852600097656
6121    -76.960281372070312  9.1824626922607422  26.756875991821289
6122    -77.519386291503906  10.076562881469727  30.558385848999023
6123    -77.510818481445312  10.238948822021484  30.022068023681641
6124    -77.526237487792969  9.8701210021972656  31.520574569702148
6125    -77.496803283691406  10.500241279602051  25.023130416870117
6126    -77.422409057617188  10.712271690368652  27.42326545715332
6127    -77.4710693359375  10.736123085021973  28.515529632568359
6128    -77.496070861816406  10.395877838134766  29.523719787597656
6129    -77.49737548828125  11.502423286437988  25.025966644287109
6130    -77.498603820800781  12.501717567443848  24.999998092651367
6131    -77.4996337890625  13.500485420227051  24.999998092651367
6132    -77.5  14.5  25
6133    -77.499961853027344  15.499959945678711  25
6134    -76.494941711425781  8.5386543273925781  25
6135    -76.804672241210938  8.2023496627807617  25.640310287475586
6136    -76.490394592285156  8.5336236953735352  26.327053070068359
6137    -76.48858642578125  9.134587287902832  26.804046630859375
6138    -76.498031616210938  9.5163402557373047  25
6139    -76.489242553710938  9.6443967819213867  27.058216094970703
6140    -76.863349914550781  10.195069313049316  30.554141998291016
6141    -77.032310485839844  10.274979591369629  30.064027786254883
6142    -76.654823303222656  10.082551956176758  31.515348434448242
6143    -76.498641967773438  10.500156402587891  25.019004821777344
6144    -76.506248474121094  10.674587249755859  27.448360443115234
6145    -76.553733825683594  10.827936172485352  28.467075347900391
6146    -76.656143188476562  10.47984504699707  29.648551940917969
6147    -76.392173767089844  10.321303367614746  30.546195983886719
6148    -76.198585510253906  10.267196655273438  31.511831283569336
6149    -76.499107360839844  11.501303672790527  25.004392623901367
6150    -76.50006103515625  12.500685691833496  24.999998092651367
6151    -76.50054931640625  13.500007629394531  24.999998092651367
6152    -76.500701904296875  14.499954223632812  25
6153    -76.500862121582031  15.499885559082031  25
6154    -75.55413818359375  8.576136589050293  25.008415222167969
6155    -75.349159240722656  8.2771234512329102  25.500871658325195
6156    -75.61407470703125  8.695103645324707  26.370223999023438
6157    -75.902145385742188  9.1267795562744141  26.813205718994141
6158    -75.514839172363281  9.5219793319702148  25.002561569213867
6159    -75.291519165039062  9.2483720779418945  26.743429183959961
6160    -75.570014953613281  9.5920505523681641  27.016496658325195
6161    -75.504676818847656  10.504704475402832  24.999998092651367
6162    -75.599868774414062  10.635410308837891  27.428184509277344
6163    -75.678497314453125  11.20068359375  28.372358322143555
6164    -75.589431762695312  10.971115112304688  29.586795806884766
6165    -75.625129699707031  10.723214149475098  30.535943984985352
6166    -75.639457702636719  10.62032413482666  31.505802154541016
6167    -75.500381469726562  11.500607490539551  24.999998092651367
6168    -75.338142395019531  11.373265266418457  28.799526214599609
6169    -75.281356811523438  11.296085357666016  29.266605377197266
6170    -75.501075744628906  12.499725341796875  24.999998092651367
6171    -75.50201416015625  13.499541282653809  25.000461578369141
6172    -75.502532958984375  14.499761581420898  25.002265930175781
6173    -75.502983093261719  15.499477386474609  25.004072189331055
6174    -74.692573547363281  8.9238700866699219  25.521125793457031
6175    -74.745574951171875  8.8988189697265625  25.036252975463867
6176    -74.825767517089844  8.9975452423095703  26.149507522583008
6177    -74.445068359375  9.4803152084350586  25.030534744262695
6178    -74.151847839355469  9.3149709701538086  25.541536331176758
6179    -74.508583068847656  9.4054250717163086  26.415683746337891
6180    -74.57965087890625  9.9211158752441406  26.924850463867188
6181    -74.508956909179688  10.515469551086426  25.035070419311523
6182    -74.679679870605469  10.774436950683594  27.316234588623047
6183    -75.246063232421875  11.427828788757324  27.791851043701172
6184    -75.113418579101562  11.134801864624023  30.531393051147461
6185    -75.167289733886719  11.192726135253906  29.968242645263672
6186    -75.068214416503906  11.084311485290527  31.501071929931641
6187    -74.501541137695312  11.50163459777832  25.002321243286133
6188    -74.476249694824219  11.478248596191406  27.510580062866211
6189    -74.943809509277344  11.889558792114258  28.244565963745117
6190    -74.853927612304688  11.613076210021973  29.570388793945312
6191    -74.539100646972656  11.73349666595459  30.564689636230469
6192    -74.563407897949219  11.628298759460449  31.499483108520508
6193    -74.500816345214844  12.498711585998535  25.018529891967773
6194    -74.483772277832031  12.438284873962402  28.70213508605957
6195    -74.3343505859375  12.34745979309082  29.513631820678711
6196    -74.263824462890625  12.208909034729004  30.273962020874023
6197    -74.502639770507812  13.497711181640625  25.022302627563477
6198    -74.509208679199219  14.494446754455566  25.023969650268555
6199    -74.520256042480469  15.493044853210449  25.025543212890625
6200    -73.604934692382812  9.2163467407226562  25.536397933959961
6201    -73.578872680664062  9.4855680465698242  25.039997100830078
6202    -73.239814758300781  9.1144304275512695  25.09239387512207
6203    -73.280525207519531  9.0707931518554688  25.248895645141602
6204    -73.534431457519531  9.6776027679443359  26.490476608276367
6205    -73.895561218261719  10.09036922454834  26.835174560546875
6206    -73.527923583984375  10.520639419555664  25.086761474609375
6207    -73.265396118164062  10.243917465209961  26.761924743652344
6208    -73.586746215820312  10.571125030517578  27.003467559814453
6209    -73.529067993164062  11.50334644317627  25.029359817504883
6210    -73.789833068847656  11.647440910339355  27.332559585571289
6211    -74.477096557617188  12.190703392028809  27.708044052124023
6212    -74.214385986328125  12.12101936340332  31.499155044555664
6213    -74.234352111816406  12.136904716491699  30.918891906738281
6214    -73.526786804199219  12.497746467590332  24.999998092651367
6215    -73.67095947265625  12.532607078552246  27.387521743774414
6216    -74.46234130859375  12.725164413452148  28.260961532592773
6217    -74.146903991699219  12.810096740722656  29.518716812133789
6218    -74.045623779296875  12.535133361816406  30.566278457641602
6219    -73.94677734375  12.586803436279297  31.499427795410156
6220    -73.531776428222656  13.494261741638184  25.026599884033203
6221    -73.652458190917969  13.500136375427246  27.37870979309082
6222    -74.134620666503906  13.555739402770996  28.425098419189453
6223    -73.912391662597656  13.556056022644043  29.527311325073242
6224    -73.736518859863281  13.560651779174805  30.53016471862793
6225    -73.650604248046875  13.55543041229248  31.497455596923828
6226    -73.538299560546875  14.484565734863281  25.044246673583984
6227    -73.659553527832031  14.398879051208496  27.253480911254883
6228    -73.885910034179688  14.516908645629883  28.473762512207031
6229    -73.7418212890625  14.520013809204102  29.52874755859375
6230    -73.60821533203125  14.508618354797363  30.521476745605469
6231    -73.534645080566406  14.49656867980957  31.491752624511719
6232    -73.561813354492188  15.457275390625  25.046442031860352
6233    -73.351600646972656  15.481671333312988  26.466869354248047
6234    -73.677520751953125  15.458517074584961  27.43140983581543
6235    -73.319252014160156  14.656394958496094  26.762601852416992
6236    -73.811386108398438  15.473699569702148  28.484035491943359
6237    -73.722457885742188  15.466789245605469  29.513872146606445
6238    -73.658012390136719  15.449517250061035  30.503849029541016
6239    -73.673843383789062  15.44121265411377  31.484674453735352
6240    -72.95672607421875  9.0496416091918945  25.244728088378906
6241    -72.983207702636719  9.0736465454101562  25.061094284057617
6242    -72.915245056152344  9.5626316070556641  25.120193481445312
6243    -72.575958251953125  9.3833627700805664  25.579246520996094
6244    -72.808723449707031  9.7878828048706055  26.201133728027344
6245    -72.762046813964844  10.526001930236816  25.082313537597656
6246    -72.234580993652344  10.593600273132324  25.579143524169922
6247    -72.608978271484375  10.590080261230469  26.380327224731445
6248    -73.073997497558594  10.855953216552734  26.866302490234375
6249    -72.751930236816406  11.49581241607666  25.044370651245117
6250    -72.236968994140625  11.416366577148438  25.588382720947266
6251    -72.456863403320312  11.419815063476562  26.321170806884766
6252    -73.011749267578125  11.521974563598633  26.955459594726562
6253    -72.815406799316406  12.489147186279297  25.000995635986328
6254    -72.405227661132812  12.485043525695801  25.521385192871094
6255    -72.645904541015625  12.473233222961426  26.422199249267578
6256    -73.071609497070312  12.487892150878906  26.956941604614258
6257    -72.902885437011719  13.484713554382324  24.999998092651367
6258    -72.658027648925781  13.470101356506348  25.525568008422852
6259    -72.870269775390625  13.456015586853027  26.41973876953125
6260    -73.176795959472656  13.468622207641602  26.906106948852539
6261    -73.014846801757812  14.470987319946289  25.044782638549805
6262    -72.894287109375  14.461198806762695  25.515436172485352
6263    -73.103042602539062  14.370849609375  26.444032669067383
6264    -73.251113891601562  13.996350288391113  26.862022399902344
6265    -73.145545959472656  15.088382720947266  25.136144638061523
6266    -73.128715515136719  15.227846145629883  25.530902862548828
6267    -73.307975769042969  15.727578163146973  25.551551818847656
6268    -73.185104370117188  15.173286437988281  26.153312683105469
6269    -79.449630737304688  10.037102699279785  32.487075805664062
6270    -79.361953735351562  10.16810131072998  33.360607147216797
6271    -79.613716125488281  10.308806419372559  33.614803314208984
6272    -79.366744995117188  10.481391906738281  34.307895660400391
6273    -78.985015869140625  10.274088859558105  33.912494659423828
6274    -79.467178344726562  10.983022689819336  35.296871185302734
6275    -79.476104736328125  11.274861335754395  35.77203369140625
6276    -79.488739013671875  11.692708015441895  36.340927124023438
6277    -79.507904052734375  12.161918640136719  36.933135986328125
6278    -79.551734924316406  12.611692428588867  37.462390899658203
6279    -79.630775451660156  12.881380081176758  38.508884429931641
6280    -79.591560363769531  12.42326831817627  39.541053771972656
6281    -79.908851623535156  12.180069923400879  39.854137420654297
6282    -78.479789733886719  9.8589925765991211  32.47760009765625
6283    -78.487480163574219  10.082524299621582  33.442256927490234
6284    -78.496543884277344  10.220565795898438  33.9302978515625
6285    -78.504035949707031  10.443909645080566  34.401222229003906
6286    -78.51251220703125  10.959966659545898  35.296581268310547
6287    -78.521232604980469  11.266798973083496  35.776847839355469
6288    -78.449813842773438  11.810764312744141  36.426322937011719
6289    -78.722785949707031  12.166193008422852  36.885349273681641
6290    -78.093048095703125  12.222312927246094  36.799068450927734
6291    -78.492019653320312  12.568333625793457  37.264457702636719
6292    -78.768409729003906  13.462575912475586  38.347019195556641
6293    -78.583717346191406  12.924993515014648  39.543254852294922
6294    -78.375205993652344  13.469681739807129  38.745780944824219
6295    -78.262313842773438  13.305184364318848  39.169776916503906
6296    -77.527656555175781  9.8741588592529297  32.473590850830078
6297    -77.607322692871094  10.11375617980957  33.455402374267578
6298    -77.980941772460938  10.266820907592773  33.900588989257812
6299    -77.357109069824219  10.29120922088623  33.767967224121094
6300    -77.621879577636719  10.487103462219238  34.291233062744141
6301    -77.555564880371094  11.006660461425781  35.161235809326172
6302    -77.565330505371094  11.356940269470215  35.640956878662109
6303    -77.569358825683594  11.833865165710449  36.229175567626953
6304    -77.590476989746094  12.312819480895996  36.701156616210938
6305    -77.702239990234375  12.887472152709961  37.301502227783203
6306    -78.240470886230469  13.420537948608398  37.859859466552734
6307    -77.485664367675781  13.472564697265625  37.607742309570312
6308    -77.985649108886719  14.091920852661133  38.354171752929688
6309    -77.613548278808594  13.655034065246582  39.474651336669922
6310    -78.017242431640625  13.130810737609863  39.883022308349609
6311    -77.272544860839844  14.29405403137207  38.962490081787109
6312    -77.219284057617188  14.240826606750488  39.077705383300781
6313    -76.705451965332031  10.086240768432617  32.469192504882812
6314    -76.88702392578125  10.175443649291992  33.141944885253906
6315    -76.248466491699219  10.284066200256348  32.463485717773438
6316    -76.582763671875  10.397007942199707  33.443855285644531
6317    -76.574844360351562  10.886114120483398  34.4237060546875
6318    -76.895217895507812  11.129880905151367  34.976314544677734
6319    -76.266288757324219  11.272439002990723  34.748863220214844
6320    -76.545127868652344  11.621915817260742  35.390220642089844
6321    -76.850852966308594  12.014638900756836  36.009475708007812
6322    -76.22650146484375  12.238372802734375  35.762386322021484
6323    -76.568313598632812  12.594057083129883  36.365943908691406
6324    -76.931854248046875  12.978214263916016  36.960418701171875
6325    -76.304214477539062  13.319684982299805  36.701976776123047
6326    -76.720718383789062  13.712690353393555  37.252559661865234
6327    -77.398078918457031  14.376179695129395  38.036472320556641
6328    -76.579536437988281  14.629566192626953  37.533126831054688
6329    -77.023422241210938  15.053382873535156  38.524524688720703
6330    -76.665542602539062  14.614048957824707  39.529769897460938
6331    -76.995697021484375  14.025773048400879  39.791481018066406
6332    -75.629112243652344  10.66849422454834  32.469028472900391
6333    -75.630607604980469  10.944650650024414  33.360076904296875
6334    -75.93426513671875  11.052681922912598  34.122913360595703
6335    -75.317977905273438  11.318623542785645  33.630996704101562
6336    -75.576507568359375  11.602012634277344  34.463726043701172
6337    -75.842239379882812  11.89393424987793  35.137794494628906
6338    -75.236305236816406  12.211348533630371  34.793582916259766
6339    -75.569900512695312  12.524319648742676  35.427715301513672
6340    -75.939590454101562  12.86231517791748  36.042579650878906
6341    -75.294334411621094  13.34249210357666  35.719631195068359
6342    -75.683647155761719  13.634637832641602  36.30804443359375
6343    -76.118461608886719  13.960721015930176  36.900707244873047
6344    -75.52069091796875  14.572476387023926  36.464763641357422
6345    -76.22979736328125  14.874081611633301  37.255481719970703
6346    -75.945358276367188  15.773136138916016  38.819431304931641
6347    -75.448860168457031  14.735420227050781  39.723457336425781
6348    -75.591644287109375  15.443216323852539  36.554233551025391
6349    -76.363800048828125  16.370040893554688  37.438236236572266
6350    -75.702217102050781  15.911192893981934  38.54217529296875
6351    -75.113426208496094  11.125102996826172  32.466323852539062
6352    -75.171653747558594  11.181490898132324  33.003822326660156
6353    -74.546279907226562  11.730698585510254  32.410152435302734
6354    -74.896934509277344  11.628402709960938  33.366771697998047
6355    -75.020179748535156  11.940682411193848  34.173759460449219
6356    -74.282905578613281  12.230262756347656  32.678203582763672
6357    -74.360504150390625  12.419515609741211  33.427665710449219
6358    -74.693611145019531  12.624689102172852  34.371593475341797
6359    -75.037178039550781  12.826189041137695  35.077075958251953
6360    -74.405540466308594  13.555334091186523  34.522994995117188
6361    -74.946662902832031  13.613889694213867  35.384204864501953
6362    -75.191246032714844  13.96727180480957  35.864948272705078
6363    -74.359039306640625  14.502635955810547  34.627964019775391
6364    -74.776565551757812  14.517899513244629  35.376018524169922
6365    -75.16156005859375  14.548432350158691  35.948825836181641
6366    -74.506843566894531  14.464290618896484  39.483516693115234
6367    -74.524063110351562  14.981468200683594  38.941825866699219
6368    -74.498222351074219  14.062687873840332  39.991645812988281
6369    -75.016395568847656  14.173700332641602  40.092365264892578
6370    -74.385940551757812  15.512104988098145  34.395153045654297
6371    -74.87078857421875  15.501034736633301  35.411678314208984
6372    -75.461395263671875  15.766988754272461  36.3515625
6373    -74.928558349609375  16.286777496337891  37.78466796875
6374    -74.569671630859375  15.485287666320801  38.456626892089844
6375    -74.237258911132812  12.139817237854004  32.045799255371094
6376    -74.074226379394531  12.559910774230957  32.402381896972656
6377    -74.147529602050781  12.896198272705078  33.427604675292969
6378    -74.246612548828125  13.080015182495117  33.904193878173828
6379    -73.72247314453125  13.549430847167969  32.461574554443359
6380    -73.947616577148438  13.54234790802002  33.435497283935547
6381    -74.173164367675781  13.547743797302246  34.042427062988281
6382    -73.620361328125  14.491654396057129  32.462528228759766
6383    -73.877227783203125  14.491213798522949  33.431995391845703
6384    -74.140785217285156  14.495476722717285  34.154022216796875
6385    -73.631851196289062  14.682258605957031  39.675457000732422
6386    -73.919631958007812  15.027237892150879  39.015483856201172
6387    -73.956062316894531  14.10881233215332  40.036586761474609
6388    -73.845756530761719  15.42758846282959  32.452724456787109
6389    -74.078422546386719  15.4981689453125  33.494407653808594
6390    -74.202751159667969  15.222735404968262  34.062191009521484
6391    -74.285552978515625  15.849727630615234  33.854782104492188
6392    -73.638259887695312  15.673038482666016  38.675880432128906
6393    -73.996040344238281  16.035316467285156  38.019905090332031
6394    -73.340774536132812  15.349396705627441  39.342578887939453
6395    -73.013786315917969  15.611639976501465  39.615638732910156
6396    -73.153472900390625  15.981736183166504  39.012062072753906
6397    -73.142158508300781  15.012247085571289  39.989311218261719
6398    -79.500747680664062  9.8579425811767578  47.655185699462891
6399    -79.409194946289062  8.9307975769042969  48.099163055419922
6400    -79.613067626953125  11.156426429748535  43.642757415771484
6401    -79.967742919921875  11.225476264953613  42.917125701904297
6402    -79.573272705078125  10.969725608825684  44.544937133789062
6403    -79.563652038574219  10.806922912597656  45.567047119140625
6404    -79.630905151367188  10.663117408752441  46.805885314941406
6405    -79.933006286621094  10.511662483215332  47.345588684082031
6406    -79.275367736816406  10.454952239990234  47.439121246337891
6407    -79.590499877929688  12.076992988586426  40.594120025634766
6408    -79.603904724121094  11.77069091796875  41.582267761230469
6409    -79.630485534667969  11.453763008117676  42.58636474609375
6410    -79.3160400390625  11.334288597106934  43.377231597900391
6411    -79.265106201171875  12.318497657775879  40.275424957275391
6412    -78.408683776855469  9.7408447265625  47.492263793945312
6413    -78.730300903320312  10.339458465576172  47.381118774414062
6414    -78.487083435058594  8.5561914443969727  47.982532501220703
6415    -78.941940307617188  11.210714340209961  44.556755065917969
6416    -79.088851928710938  11.264547348022461  44.036464691162109
6417    -78.57373046875  11.111649513244629  45.665870666503906
6418    -78.607330322265625  10.959518432617188  47.079601287841797
6419    -78.095596313476562  10.230890274047852  47.3544921875
6420    -78.79327392578125  12.092225074768066  41.576839447021484
6421    -79.01287841796875  12.206754684448242  40.934104919433594
6422    -78.52850341796875  11.953344345092773  42.487575531005859
6423    -78.697036743164062  11.506423950195312  43.647243499755859
6424    -78.456207275390625  11.397369384765625  44.560005187988281
6425    -78.254798889160156  11.309835433959961  45.363147735595703
6426    -78.663238525390625  12.488688468933105  40.596019744873047
6427    -78.315162658691406  12.337282180786133  41.583587646484375
6428    -78.151351928710938  12.259011268615723  42.102512359619141
6429    -77.47955322265625  8.5828437805175781  47.755054473876953
6430    -77.509941101074219  9.5829486846923828  47.498401641845703
6431    -77.924545288085938  11.259829521179199  47.109325408935547
6432    -78.124771118164062  11.247782707214355  46.111400604248047
6433    -77.571372985839844  10.257579803466797  47.369663238525391
6434    -77.6226806640625  12.052985191345215  43.66302490234375
6435    -77.959548950195312  12.153322219848633  42.760005950927734
6436    -77.629852294921875  11.812009811401367  44.557033538818359
6437    -77.723014831542969  11.526026725769043  45.662918090820312
6438    -77.541091918945312  11.53395938873291  46.451873779296875
6439    -77.805595397949219  12.994281768798828  40.590606689453125
6440    -77.544548034667969  12.810707092285156  41.487834930419922
6441    -77.630867004394531  12.40830135345459  42.483970642089844
6442    -77.305549621582031  12.327733039855957  43.402065277099609
6443    -77.324310302734375  13.34107780456543  40.597408294677734
6444    -77.181251525878906  13.234228134155273  41.110240936279297
6445    -76.503410339355469  8.5621747970581055  47.758537292480469
6446    -76.538864135742188  9.5466718673706055  47.612720489501953
6447    -76.619049072265625  10.578792572021484  47.508022308349609
6448    -77.130279541015625  11.140552520751953  47.377727508544922
6449    -77.059951782226562  12.177079200744629  44.560337066650391
6450    -77.158287048339844  12.246354103088379  44.067779541015625
6451    -76.892868041992188  12.045910835266113  45.566616058349609
6452    -76.827262878417969  11.945388793945312  46.8829345703125
6453    -76.424942016601562  11.418498039245605  47.529426574707031
6454    -76.820022583007812  12.979457855224609  42.587421417236328
6455    -77.003211975097656  13.095520973205566  41.765357971191406
6456    -76.665962219238281  12.806717872619629  43.617851257324219
6457    -76.559425354003906  12.600635528564453  44.572635650634766
6458    -76.406890869140625  12.461524963378906  45.564132690429688
6459    -76.338783264160156  12.412012100219727  46.336898803710938
6460    -76.639373779296875  13.935853004455566  40.696304321289062
6461    -76.628028869628906  13.540419578552246  41.512493133544922
6462    -76.2613525390625  13.481327056884766  42.592823028564453
6463    -76.131401062011719  13.396409034729004  43.204517364501953
6464    -76.277503967285156  14.510449409484863  40.461868286132812
6465    -75.522674560546875  8.5301523208618164  47.811847686767578
6466    -75.553176879882812  9.5117521286010742  47.749225616455078
6467    -75.582176208496094  10.513359069824219  47.731540679931641
6468    -75.792259216308594  11.706073760986328  47.756496429443359
6469    -76.41192626953125  12.361001014709473  47.305438995361328
6470    -75.538978576660156  13.266827583312988  44.609691619873047
6471    -75.545341491699219  13.29875373840332  43.574485778808594
6472    -75.611785888671875  13.189394950866699  45.570415496826172
6473    -75.813308715820312  12.932002067565918  46.717807769775391
6474    -75.6654052734375  13.082891464233398  47.925437927246094
6475    -75.397315979003906  13.627411842346191  41.651161193847656
6476    -75.403419494628906  14.070274353027344  40.713909149169922
6477    -75.7144775390625  13.536826133728027  42.601493835449219
6478    -74.993247985839844  13.221480369567871  41.983154296875
6479    -75.185539245605469  13.189373970031738  42.586391448974609
6480    -75.944198608398438  13.46973991394043  43.227024078369141
6481    -75.726051330566406  14.47040843963623  40.444229125976562
6482    -74.542930603027344  8.5053443908691406  47.958717346191406
6483    -74.565826416015625  9.4853763580322266  47.966106414794922
6484    -74.531700134277344  10.510115623474121  48.065441131591797
6485    -74.634101867675781  11.618007659912109  48.263843536376953
6486    -74.488433837890625  12.89473819732666  42.549850463867188
6487    -74.490676879882812  13.088204383850098  41.827510833740234
6488    -74.48675537109375  12.656068801879883  43.533748626708984
6489    -74.483085632324219  12.596500396728516  44.522861480712891
6490    -74.489669799804688  12.611100196838379  45.505840301513672
6491    -74.504722595214844  12.735154151916504  46.521171569824219
6492    -74.678565979003906  13.040858268737793  47.902904510498047
6493    -74.496726989746094  13.633702278137207  40.566501617431641
6494    -74.494346618652344  13.255526542663574  41.330963134765625
6495    -73.457481384277344  8.5750799179077148  48.135913848876953
6496    -73.7376708984375  9.4608564376831055  48.172740936279297
6497    -73.974250793457031  10.158493041992188  48.2320556640625
6498    -73.588508605957031  13.056280136108398  42.624473571777344
6499    -73.902755737304688  13.167728424072266  41.891914367675781
6500    -73.559440612792969  12.775412559509277  43.541767120361328
6501    -73.54559326171875  12.561511993408203  44.519695281982422
6502    -73.540863037109375  12.503713607788086  45.502784729003906
6503    -73.550010681152344  12.566352844238281  46.500759124755859
6504    -73.81494140625  12.754397392272949  47.704696655273438
6505    -74.442626953125  12.263459205627441  48.585018157958984
6506    -73.627670288085938  13.930866241455078  40.666309356689453
6507    -73.590919494628906  13.440014839172363  41.557823181152344
6508    -73.311630249023438  13.300145149230957  42.34100341796875
6509    -73.365768432617188  14.365204811096191  40.389598846435547
6510    -72.889419555664062  8.2943630218505859  48.234004974365234
6511    -73.0562744140625  13.091000556945801  43.551612854003906
6512    -73.15118408203125  13.189740180969238  42.997123718261719
6513    -72.937698364257812  12.97694206237793  44.534088134765625
6514    -72.827857971191406  12.885696411132812  45.511810302734375
6515    -72.798912048339844  12.893500328063965  46.495353698730469
6516    -72.848770141601562  12.944418907165527  47.498123168945312
6517    -73.045654296875  13.956260681152344  41.582405090332031
6518    -73.174171447753906  14.134227752685547  41.047481536865234
6519    -72.915023803710938  13.605184555053711  42.618751525878906
6520    -72.631256103515625  13.595897674560547  43.538124084472656
6521    -72.422225952148438  13.654144287109375  44.494464874267578
6522    -72.37982177734375  13.475325584411621  45.516738891601562
6523    -72.350677490234375  13.436820030212402  46.498928070068359
6524    -72.381072998046875  13.430783271789551  47.489887237548828
6525    -73.025260925292969  14.642849922180176  40.655960083007812
6526    -72.695732116699219  14.564931869506836  41.548671722412109
6527    -72.453262329101562  14.540932655334473  42.532497406005859
6528    -72.3406982421875  14.526332855224609  43.529354095458984
6529    -72.257896423339844  14.588190078735352  44.492752075195312
6530    -72.697761535644531  15.539850234985352  40.549781799316406
6531    -72.559928894042969  15.51600456237793  41.535209655761719
6532    -72.527183532714844  15.499814987182617  42.528778076171875
6533    -72.51129150390625  15.491715431213379  43.522918701171875
6534    -72.502113342285156  15.477165222167969  44.523754119873047
6535    -72.467460632324219  15.403073310852051  45.443122863769531
6536    -72.295196533203125  14.935099601745605  45.060997009277344
6537    -79.3826904296875  8.4267148971557617  48.414501190185547
6538    -79.621437072753906  8.4673604965209961  54.621929168701172
6539    -79.370796203613281  8.7175197601318359  55.026050567626953
6540    -79.501518249511719  9.626194953918457  55.466358184814453
6541    -78.810264587402344  8.2042474746704102  48.255496978759766
6542    -78.378318786621094  8.6803226470947266  55.489719390869141
6543    -78.699127197265625  9.3657026290893555  55.687057495117188
6544    -77.428688049316406  8.3455848693847656  55.657249450683594
6545    -76.815567016601562  8.1607646942138672  55.728744506835938
6546    -74.247024536132812  11.162116050720215  48.337181091308594
6547    -74.204376220703125  10.842466354370117  48.300605773925781
6548    -74.646369934082031  12.413683891296387  55.094024658203125
6549    -75.470497131347656  12.469302177429199  55.560379028320312
6550    -75.246292114257812  11.758465766906738  55.704132080078125
6551    -74.645118713378906  11.420879364013672  55.538593292236328
6552    -74.662055969238281  13.510171890258789  54.365093231201172
6553    -75.220352172851562  13.595552444458008  54.830081939697266
6554    -74.353782653808594  12.721109390258789  54.6541748046875
6555    -75.7320556640625  13.696876525878906  55.272396087646484
6556    -74.393363952636719  14.284974098205566  54.616943359375
6557    -74.665130615234375  14.524211883544922  55.402454376220703
6558    -75.263092041015625  14.178842544555664  55.761550903320312
6559    -73.261474609375  9.43359375  48.332107543945312
6560    -73.094406127929688  8.9387083053588867  48.281318664550781
6561    -73.652351379394531  10.457415580749512  48.456211090087891
6562    -73.612174987792969  10.427445411682129  55.372138977050781
6563    -74.271492004394531  10.434820175170898  55.688198089599609
6564    -74.113380432128906  9.9262781143188477  55.725639343261719
6565    -73.658721923828125  9.5438880920410156  55.615688323974609
6566    -73.80621337890625  11.559881210327148  48.775772094726562
6567    -73.682281494140625  11.314167976379395  55.000213623046875
6568    -74.221092224121094  12.93491268157959  48.923137664794922
6569    -73.543281555175781  12.197892189025879  49.374458312988281
6570    -73.373153686523438  11.870267868041992  49.329658508300781
6571    -73.742584228515625  12.319390296936035  54.297500610351562
6572    -74.064865112304688  12.012596130371094  54.868312835693359
6573    -73.39111328125  11.577508926391602  54.591205596923828
6574    -73.764892578125  13.324314117431641  53.187259674072266
6575    -74.252754211425781  13.470178604125977  53.954814910888672
6576    -73.434898376464844  12.609519004821777  53.521747589111328
6577    -73.424072265625  14.20911693572998  52.675418853759766
6578    -73.490470886230469  14.548142433166504  53.402263641357422
6579    -73.767738342285156  13.644049644470215  52.509681701660156
6580    -73.966361999511719  14.575332641601562  54.3544921875
6581    -74.125587463378906  14.920615196228027  55.003322601318359
6582    -73.288299560546875  15.509162902832031  53.697563171386719
6583    -73.619293212890625  15.510137557983398  54.405712127685547
6584    -74.041954040527344  15.513714790344238  55.118392944335938
6585    -74.366409301757812  15.52049732208252  55.602802276611328
6586    -72.58624267578125  8.5337820053100586  48.368755340576172
6587    -72.233894348144531  7.6989178657531738  48.322044372558594
6588    -72.587272644042969  8.4798994064331055  55.349388122558594
6589    -73.527702331542969  8.4979496002197266  55.617549896240234
6590    -72.598411560058594  9.4255180358886719  48.560634613037109
6591    -72.545738220214844  9.4859704971313477  55.106521606445312
6592    -72.632156372070312  10.381708145141602  48.940029144287109
6593    -72.424049377441406  10.380070686340332  54.563655853271484
6594    -72.911956787109375  10.39863395690918  54.935092926025391
6595    -72.214492797851562  9.8024311065673828  54.744071960449219
6596    -73.003150939941406  11.145037651062012  49.091659545898438
6597    -72.708084106445312  11.403622627258301  49.614593505859375
6598    -72.333763122558594  10.662433624267578  49.345008850097656
6599    -72.803314208984375  11.215468406677246  54.224128723144531
6600    -73.137382507324219  10.90966796875  54.810783386230469
6601    -73.161262512207031  13.044929504394531  48.543754577636719
6602    -73.555961608886719  12.553352355957031  49.663867950439453
6603    -72.9625244140625  12.405600547790527  50.546745300292969
6604    -72.352325439453125  11.680368423461914  50.569904327392578
6605    -72.76715087890625  12.340285301208496  51.492515563964844
6606    -72.238334655761719  11.789257049560547  51.511890411376953
6607    -72.799751281738281  12.329001426696777  52.425689697265625
6608    -72.292587280273438  11.736839294433594  52.449851989746094
6609    -73.051071166992188  12.282783508300781  53.274330139160156
6610    -72.438133239746094  11.554935455322266  53.403533935546875
6611    -73.132095336914062  11.924922943115234  53.934436798095703
6612    -72.46417236328125  13.498996734619141  48.487804412841797
6613    -72.579078674316406  13.684865951538086  49.446796417236328
6614    -73.127952575683594  13.608235359191895  50.435264587402344
6615    -73.510871887207031  13.504317283630371  51.372116088867188
6616    -73.529388427734375  13.297403335571289  52.272724151611328
6617    -73.322441101074219  12.856623649597168  52.854789733886719
6618    -72.2877197265625  14.35743236541748  49.741077423095703
6619    -72.353401184082031  14.608207702636719  50.373401641845703
6620    -72.682418823242188  14.540425300598145  51.441989898681641
6621    -73.025978088378906  14.534213066101074  52.413951873779297
6622    -73.149276733398438  14.874674797058105  53.102993011474609
6623    -72.406997680664062  15.406998634338379  50.376884460449219
6624    -72.593009948730469  15.503867149353027  51.438194274902344
6625    -72.819343566894531  15.503130912780762  52.438129425048828
6626    -73.080772399902344  15.50419807434082  53.216575622558594
6627    -80.022796630859375  8.5240812301635742  57.714553833007812
6628    -79.55712890625  8.5224943161010742  58.603809356689453
6629    -79.306098937988281  8.5223121643066406  59.261154174804688
6630    -79.475234985351562  8.5638189315795898  61.46875
6631    -79.718536376953125  8.5671367645263672  62.427398681640625
6632    -80.063568115234375  8.5218343734741211  63.493892669677734
6633    -80.635757446289062  10.987277030944824  55.476291656494141
6634    -80.095283508300781  9.5520992279052734  57.512458801269531
6635    -79.544822692871094  9.5012998580932617  58.6029052734375
6636    -79.299026489257812  9.49468994140625  59.246067047119141
6637    -79.351478576660156  9.5445642471313477  61.719802856445312
6638    -79.526702880859375  9.5603103637695312  62.426673889160156
6639    -79.738319396972656  9.5676765441894531  63.440418243408203
6640    -80.62579345703125  10.833627700805664  55.418842315673828
6641    -80.126785278320312  10.530582427978516  57.514209747314453
6642    -79.593360900878906  10.49172306060791  58.589630126953125
6643    -79.334548950195312  10.482878684997559  59.34503173828125
6644    -79.291397094726562  10.113155364990234  61.903106689453125
6645    -79.353042602539062  10.481686592102051  62.416656494140625
6646    -79.535575866699219  10.543482780456543  63.451347351074219
6647    -80.075370788574219  11.739911079406738  55.929489135742188
6648    -80.22894287109375  11.596887588500977  57.463016510009766
6649    -79.66552734375  11.51976490020752  58.563533782958984
6650    -79.364669799804688  11.49598217010498  59.470806121826172
6651    -79.31011962890625  11.516251564025879  62.722240447998047
6652    -79.424530029296875  11.525280952453613  63.458507537841797
6653    -79.817741394042969  12.725863456726074  56.124916076660156
6654    -80.558151245117188  13.218668937683105  57.150405883789062
6655    -79.775390625  12.850902557373047  58.615779876708984
6656    -79.394271850585938  12.444392204284668  59.634693145751953
6657    -79.303207397460938  12.498634338378906  62.784111022949219
6658    -79.367752075195312  12.50405216217041  63.467967987060547
6659    -79.704345703125  13.436979293823242  58.940765380859375
6660    -79.524589538574219  13.263079643249512  59.466464996337891
6661    -79.353813171386719  13.136567115783691  60.188613891601562
6662    -79.314849853515625  12.710548400878906  60.212188720703125
6663    -79.313491821289062  13.479670524597168  62.491966247558594
6664    -79.377967834472656  13.482791900634766  63.474189758300781
6665    -79.384117126464844  14.119975090026855  60.831783294677734
6666    -79.404823303222656  14.443427085876465  61.414539337158203
6667    -79.291358947753906  13.747142791748047  61.486747741699219
6668    -79.338127136230469  13.867886543273926  60.883277893066406
6669    -79.416831970214844  14.463398933410645  62.476776123046875
6670    -79.486595153808594  14.45765209197998  63.476112365722656
6671    -79.611000061035156  15.481645584106445  61.545356750488281
6672    -79.628501892089844  15.453554153442383  62.452678680419922
6673    -79.678016662597656  15.438357353210449  63.473670959472656
6674    -79.186416625976562  8.5177345275878906  59.718219757080078
6675    -79.159919738769531  8.5172872543334961  60.487480163574219
6676    -79.252166748046875  8.5336484909057617  61.008293151855469
6677    -78.43768310546875  9.6227436065673828  55.854267120361328
6678    -78.039016723632812  9.0292425155639648  55.762748718261719
6679    -79.191291809082031  9.496734619140625  59.710212707519531
6680    -79.160881042480469  9.5045967102050781  60.495201110839844
6681    -79.235343933105469  9.5221576690673828  61.241226196289062
6682    -78.520233154296875  10.543797492980957  56.110954284667969
6683    -79.215156555175781  10.486441612243652  59.813102722167969
6684    -79.166427612304688  10.49521541595459  60.507106781005859
6685    -79.2135009765625  10.459475517272949  61.545310974121094
6686    -79.2593994140625  10.763467788696289  62.075233459472656
6687    -78.535369873046875  11.555614471435547  56.220012664794922
6688    -79.264518737792969  11.48459529876709  59.953628540039062
6689    -79.176811218261719  11.489089965820312  60.516487121582031
6690    -79.193367004394531  11.498039245605469  61.485797882080078
6691    -79.263229370117188  11.50829029083252  62.225551605224609
6692    -78.652198791503906  12.65284538269043  56.236160278320312
6693    -79.130203247070312  13.839907646179199  56.900276184082031
6694    -79.773338317871094  13.931893348693848  58.065269470214844
6695    -79.291404724121094  12.028312683105469  60.030147552490234
6696    -79.235359191894531  12.416557312011719  60.528682708740234
6697    -79.213142395019531  12.491142272949219  61.491279602050781
6698    -79.265357971191406  12.492816925048828  62.287303924560547
6699    -78.534927368164062  13.614313125610352  57.556358337402344
6700    -78.92889404296875  13.714973449707031  58.424617767333984
6701    -79.007781982421875  14.010781288146973  59.223884582519531
6702    -79.333168029785156  13.539921760559082  60.494720458984375
6703    -79.239799499511719  13.252713203430176  61.489559173583984
6704    -79.280540466308594  13.148552894592285  62.167156219482422
6705    -78.458137512207031  14.45648193359375  59.560432434082031
6706    -79.036941528320312  14.686726570129395  60.194328308105469
6707    -79.479583740234375  14.843951225280762  60.843990325927734
6708    -78.570320129394531  15.534525871276855  60.4351806640625
6709    -79.264022827148438  15.541482925415039  60.932933807373047
6710    -77.449028015136719  8.8113031387329102  55.851016998291016
6711    -77.467720031738281  9.5534896850585938  56.054500579833984
6712    -77.486770629882812  10.525426864624023  56.214229583740234
6713    -77.518356323242188  11.529573440551758  56.24664306640625
6714    -77.676895141601562  12.841475486755371  56.125152587890625
6715    -78.266227722167969  13.886013031005859  56.281970977783203
6716    -77.538887023925781  13.679387092590332  56.223369598388672
6717    -77.647933959960938  13.565706253051758  57.285060882568359
6718    -77.676841735839844  13.973043441772461  58.337333679199219
6719    -78.083259582519531  14.127388954162598  58.935634613037109
6720    -77.401405334472656  14.433744430541992  58.607933044433594
6721    -77.762832641601562  14.722477912902832  59.242324829101562
6722    -78.162635803222656  15.041093826293945  59.866729736328125
6723    -77.548347473144531  15.518623352050781  59.401710510253906
6724    -78.0621337890625  15.525288581848145  59.979278564453125
6725    -76.499153137207031  8.4989204406738281  55.898857116699219
6726    -76.496719360351562  9.5355806350708008  56.155441284179688
6727    -76.518348693847656  10.500492095947266  56.220901489257812
6728    -76.549179077148438  11.491280555725098  56.151084899902344
6729    -76.640449523925781  12.578788757324219  55.977882385253906
6730    -76.765838623046875  13.614089965820312  56.277400970458984
6731    -76.69091796875  13.958769798278809  57.284816741943359
6732    -77.073577880859375  14.116716384887695  57.947078704833984
6733    -76.375602722167969  14.600507736206055  57.613967895507812
6734    -76.932464599609375  14.683708190917969  58.295619964599609
6735    -77.184364318847656  15.041289329528809  58.842880249023438
6736    -76.201713562011719  15.528558731079102  57.814601898193359
6737    -76.684455871582031  15.522707939147949  58.338462829589844
6738    -77.132034301757812  15.514262199401855  58.898727416992188
6739    -75.511611938476562  8.5505037307739258  55.942607879638672
6740    -75.531707763671875  9.5169219970703125  56.083198547363281
6741    -75.548065185546875  10.480867385864258  56.085819244384766
6742    -75.561912536621094  11.452654838562012  55.889728546142578
6743    -75.9630126953125  12.515345573425293  55.772121429443359
6744    -76.084808349609375  13.823867797851562  56.039848327636719
6745    -76.142524719238281  14.138265609741211  56.874904632568359
6746    -75.398735046386719  14.512619972229004  56.405330657958984
6747    -75.933357238769531  14.594254493713379  57.120147705078125
6748    -75.261451721191406  15.533553123474121  56.748298645019531
6749    -75.754219055175781  15.533581733703613  57.307086944580078
6750    -74.535942077636719  8.5281953811645508  55.854667663574219
6751    -74.460639953613281  9.5776987075805664  55.888294219970703
6752    -74.742881774902344  10.458841323852539  55.861320495605469
6753    -74.975486755371094  11.108334541320801  55.796905517578125
6754    -74.982833862304688  14.769957542419434  56.113662719726562
6755    -74.848007202148438  15.524703979492188  56.279579162597656
6756    -74.004104614257812  8.5130329132080078  55.751163482666016
6757    -74.003471374511719  9.3005685806274414  55.759288787841797
6758    -80.18646240234375  8.8154058456420898  64.439208984375
6759    -80.247337341308594  9.0078048706054688  65.115119934082031
6760    -79.927810668945312  9.5717554092407227  64.449104309082031
6761    -80.135627746582031  9.5396766662597656  65.450546264648438
6762    -80.224479675292969  9.8921308517456055  66.443489074707031
6763    -80.278663635253906  10.062125205993652  66.955032348632812
6764    -79.705528259277344  10.552218437194824  64.453475952148438
6765    -79.875205993652344  10.558553695678711  65.451072692871094
6766    -80.059043884277344  10.560214996337891  66.44439697265625
6767    -80.222450256347656  10.657015800476074  67.34661865234375
6768    -80.283889770507812  11.049924850463867  67.92266845703125
6769    -79.567146301269531  11.531929016113281  64.456817626953125
6770    -79.716964721679688  11.535213470458984  65.452896118164062
6771    -79.870697021484375  11.535443305969238  66.448036193847656
6772    -80.094970703125  11.537836074829102  67.433692932128906
6773    -80.236343383789062  11.535414695739746  68.026374816894531
6774    -79.490043640136719  12.508692741394043  64.461441040039062
6775    -79.614501953125  12.510364532470703  65.458396911621094
6776    -79.781074523925781  12.511237144470215  66.45037841796875
6777    -79.999931335449219  12.511889457702637  67.43206787109375
6778    -80.189140319824219  12.51090145111084  68.156997680664062
6779    -79.485694885253906  13.485532760620117  64.465835571289062
6780    -79.624214172363281  13.48670768737793  65.457633972167969
6781    -79.789863586425781  13.485983848571777  66.447784423828125
6782    -79.98614501953125  13.48530101776123  67.436294555664062
6783    -80.192619323730469  13.483424186706543  68.13800048828125
6784    -79.590385437011719  14.458724975585938  64.466316223144531
6785    -79.717948913574219  14.460087776184082  65.457611083984375
6786    -79.89727783203125  14.458240509033203  66.444648742675781
6787    -80.109352111816406  14.511440277099609  67.506057739257812
6788    -80.229042053222656  14.216192245483398  68.032707214355469
6789    -79.759689331054688  15.438231468200684  64.469932556152344
6790    -79.913177490234375  15.434314727783203  65.457534790039062
6791    -80.103042602539062  15.526680946350098  66.533760070800781
6792    -80.198341369628906  15.256394386291504  67.219703674316406
6793    -79.480819702148438  16.492410659790039  25.007303237915039
6794    -79.468299865722656  17.481956481933594  25.034215927124023
6795    -79.405731201171875  18.400932312011719  25.048151016235352
6796    -79.700546264648438  18.696496963500977  25.533405303955078
6797    -79.612037658691406  18.631893157958984  26.474340438842773
6798    -79.328178405761719  18.513805389404297  27.508255004882812
6799    -79.235183715820312  18.37187385559082  28.67889404296875
6800    -79.560325622558594  18.605655670166016  29.331241607666016
6801    -79.219871520996094  19.104471206665039  25.528949737548828
6802    -79.084281921386719  19.009157180786133  25.045534133911133
6803    -79.153800964355469  18.986726760864258  26.46650505065918
6804    -78.994827270507812  18.826515197753906  27.162317276000977
6805    -79.36419677734375  19.092039108276367  29.706720352172852
6806    -78.9232177734375  18.568534851074219  29.142993927001953
6807    -79.503532409667969  19.778629302978516  30.248237609863281
6808    -79.554100036621094  20.338651657104492  30.743930816650391
6809    -79.590843200683594  21.417020797729492  31.243408203125
6810    -79.669166564941406  22.511674880981445  30.991540908813477
6811    -79.220428466796875  22.50294303894043  31.281694412231445
6812    -79.242599487304688  21.780763626098633  31.330158233642578
6813    -79.667243957519531  23.500175476074219  30.977182388305664
6814    -79.195419311523438  23.504278182983398  31.282426834106445
6815    -78.498466491699219  16.498445510864258  25
6816    -78.492950439453125  17.492885589599609  25.014823913574219
6817    -78.484161376953125  18.465385437011719  25.033622741699219
6818    -78.738388061523438  18.547515869140625  28.284276962280273
6819    -78.775276184082031  18.695352554321289  27.869747161865234
6820    -78.466575622558594  19.105758666992188  25.045783996582031
6821    -78.466072082519531  19.458253860473633  25.52845573425293
6822    -78.439498901367188  19.320198059082031  26.460256576538086
6823    -78.463714599609375  18.921001434326172  27.471380233764648
6824    -78.507347106933594  18.52891731262207  28.653236389160156
6825    -78.571830749511719  18.969644546508789  29.63170051574707
6826    -78.308387756347656  18.601181030273438  29.134853363037109
6827    -78.288009643554688  18.583915710449219  28.983531951904297
6828    -78.554634094238281  19.701007843017578  30.309053421020508
6829    -78.678077697753906  20.303693771362305  30.920406341552734
6830    -79.156257629394531  20.955259323120117  31.378271102905273
6831    -78.850822448730469  21.356353759765625  31.750278472900391
6832    -78.456832885742188  20.629104614257812  31.450048446655273
6833    -78.654861450195312  22.510417938232422  31.706794738769531
6834    -78.678466796875  23.551794052124023  31.756837844848633
6835    -77.499626159667969  16.499538421630859  25
6836    -77.499130249023438  17.497819900512695  25
6837    -77.499214172363281  18.470218658447266  25.008434295654297
6838    -77.567123413085938  18.581720352172852  29.231523513793945
6839    -77.54144287109375  18.565732955932617  28.758697509765625
6840    -77.499542236328125  19.177536010742188  25.045654296875
6841    -77.499916076660156  19.652544021606445  25.521875381469727
6842    -77.501609802246094  19.423391342163086  26.447954177856445
6843    -77.508941650390625  19.060794830322266  27.416316986083984
6844    -77.527259826660156  18.75657844543457  28.222785949707031
6845    -77.621780395507812  18.881984710693359  29.846702575683594
6846    -77.559188842773438  19.532186508178711  30.643728256225586
6847    -77.851692199707031  19.953231811523438  30.98472785949707
6848    -77.644622802734375  20.285005569458008  31.644443511962891
6849    -77.220184326171875  19.752079010009766  31.210969924926758
6850    -78.229202270507812  21.381862640380859  32.298347473144531
6851    -78.087654113769531  22.567165374755859  32.386192321777344
6852    -77.580024719238281  23.560554504394531  32.186191558837891
6853    -76.501014709472656  16.499790191650391  25
6854    -76.505378723144531  17.493694305419922  25
6855    -76.513702392578125  18.466320037841797  25
6856    -76.691047668457031  18.417747497558594  29.571712493896484
6857    -76.62152099609375  18.532112121582031  28.40485954284668
6858    -76.524894714355469  19.141210556030273  25
6859    -76.526321411132812  19.49395751953125  25.522541046142578
6860    -76.567794799804688  19.284954071044922  26.450675964355469
6861    -76.604072570800781  18.903347015380859  27.409040451049805
6862    -76.944564819335938  18.763416290283203  28.022756576538086
6863    -76.320068359375  18.665342330932617  27.742345809936523
6864    -77.0513916015625  18.752317428588867  30.004196166992188
6865    -76.686325073242188  19.003322601318359  30.701860427856445
6866    -76.412071228027344  18.574325561523438  30.421836853027344
6867    -76.6837158203125  19.48358154296875  31.546289443969727
6868    -77.035568237304688  19.942991256713867  31.862066268920898
6869    -75.507514953613281  16.495500564575195  25.005889892578125
6870    -75.520271301269531  17.480842590332031  25
6871    -75.556625366210938  18.444356918334961  25.005939483642578
6872    -75.606788635253906  18.219703674316406  28.460229873657227
6873    -75.638862609863281  18.525455474853516  27.434654235839844
6874    -75.574142456054688  17.987607955932617  29.540678024291992
6875    -75.7169189453125  18.186063766479492  30.615016937255859
6876    -75.241218566894531  17.734523773193359  30.139760971069336
6877    -75.215431213378906  17.748895645141602  29.896718978881836
6878    -75.923065185546875  18.944036483764648  25.116432189941406
6879    -75.710334777832031  19.115188598632812  25.525712966918945
6880    -75.238494873046875  18.764493942260742  25.535793304443359
6881    -75.8084716796875  18.951045989990234  26.453638076782227
6882    -75.340354919433594  18.663591384887695  26.460943222045898
6883    -75.980148315429688  18.834436416625977  27.083278656005859
6884    -76.177284240722656  18.790121078491211  31.075380325317383
6885    -76.079681396484375  18.93342399597168  31.567922592163086
6886    -75.620712280273438  18.371566772460938  31.551939010620117
6887    -74.532394409179688  16.485382080078125  25.027406692504883
6888    -74.569435119628906  17.438020706176758  25.047647476196289
6889    -74.700553894042969  17.307928085327148  30.421346664428711
6890    -74.739433288574219  17.444726943969727  29.523393630981445
6891    -74.739036560058594  17.313327789306641  31.500385284423828
6892    -74.295211791992188  16.759443283081055  31.482427597045898
6893    -74.264633178710938  16.797208786010742  30.707283020019531
6894    -74.873344421386719  18.118389129638672  25.036357879638672
6895    -74.726371765136719  18.273130416870117  25.537775039672852
6896    -74.284828186035156  17.722070693969727  25.551876068115234
6897    -74.809982299804688  18.18083381652832  26.467506408691406
6898    -74.341850280761719  17.662410736083984  26.472183227539062
6899    -74.966606140136719  17.980447769165039  27.433988571166992
6900    -74.457595825195312  17.520170211791992  27.456340789794922
6901    -75.066383361816406  17.863555908203125  28.456836700439453
6902    -74.555740356445312  17.429920196533203  28.471906661987305
6903    -75.136695861816406  17.796337127685547  29.203865051269531
6904    -75.194442749023438  17.810373306274414  30.819705963134766
6905    -75.161941528320312  17.891672134399414  31.525550842285156
6906    -73.872398376464844  16.457584381103516  25.039691925048828
6907    -73.577003479003906  16.430755615234375  25.544332504272461
6908    -73.637931823730469  16.404996871948242  26.470426559448242
6909    -73.845176696777344  16.416757583618164  27.458467483520508
6910    -73.941635131835938  16.423282623291016  28.485336303710938
6911    -73.950393676757812  16.416847229003906  29.496089935302734
6912    -74.028450012207031  16.471168518066406  30.423187255859375
6913    -74.03302001953125  16.301227569580078  31.479156494140625
6914    -74.020355224609375  17.115030288696289  25.067525863647461
6915    -73.997749328613281  17.228195190429688  25.553327560424805
6916    -74.03363037109375  17.199748992919922  26.475761413574219
6917    -74.153244018554688  17.024454116821289  27.454708099365234
6918    -74.168617248535156  16.939874649047852  28.476030349731445
6919    -74.220130920410156  16.862815856933594  29.482961654663086
6920    -74.2384033203125  16.829929351806641  30.039819717407227
6921    -77.826187133789062  21.43116569519043  32.953323364257812
6922    -77.520652770996094  20.577436447143555  32.516986846923828
6923    -77.55474853515625  22.652170181274414  32.745277404785156
6924    -77.195762634277344  23.197113037109375  32.345489501953125
6925    -77.04150390625  20.255130767822266  32.858623504638672
6926    -76.419265747070312  19.630064010620117  32.607276916503906
6927    -77.122047424316406  20.395072937011719  34.158542633056641
6928    -76.436286926269531  19.738067626953125  33.316028594970703
6929    -76.819564819335938  21.602817535400391  33.422683715820312
6930    -76.467864990234375  21.279277801513672  33.607387542724609
6931    -76.572601318359375  22.581319808959961  32.645904541015625
6932    -76.558090209960938  23.291055679321289  32.282825469970703
6933    -76.55291748046875  23.780107498168945  32.067417144775391
6934    -75.965187072753906  19.142885208129883  32.561019897460938
6935    -75.488502502441406  18.493330001831055  32.535697937011719
6936    -76.103446960449219  19.391933441162109  33.711227416992188
6937    -75.455619812011719  18.549436569213867  33.553504943847656
6938    -76.170425415039062  19.561983108520508  35.003440856933594
6939    -75.621498107910156  18.62834358215332  34.417106628417969
6940    -75.751579284667969  20.5618896484375  34.038578033447266
6941    -75.309730529785156  20.210458755493164  34.339382171630859
6942    -75.550140380859375  21.556005477905273  33.379920959472656
6943    -75.8447265625  21.900669097900391  33.075084686279297
6944    -75.563316345214844  22.582056045532227  32.940750122070312
6945    -75.247367858886719  22.268241882324219  33.2684326171875
6946    -75.689872741699219  23.585676193237305  32.552814483642578
6947    -76.057403564453125  23.947837829589844  32.194866180419922
6948    -74.377426147460938  16.394149780273438  33.511962890625
6949    -74.632431030273438  16.440299987792969  34.441593170166016
6950    -75.085044860839844  16.5135498046875  35.492919921875
6951    -76.164779663085938  17.258922576904297  37.271389007568359
6952    -74.505012512207031  16.494338989257812  37.448860168457031
6953    -74.712440490722656  17.37077522277832  32.4903564453125
6954    -74.369178771972656  16.655063629150391  32.467658996582031
6955    -74.817893981933594  17.391679763793945  33.476364135742188
6956    -75.041244506835938  17.445709228515625  34.507884979248047
6957    -75.66522216796875  17.65760612487793  35.845760345458984
6958    -74.519203186035156  17.649374008178711  36.416801452636719
6959    -75.131813049316406  17.995588302612305  32.512149810791016
6960    -75.15380859375  18.04478645324707  33.512317657470703
6961    -75.632377624511719  18.397453308105469  34.840950012207031
6962    -74.652076721191406  18.525455474853516  35.736011505126953
6963    -74.254638671875  18.121721267700195  36.191001892089844
6964    -74.708663940429688  19.637815475463867  34.931232452392578
6965    -74.369110107421875  19.356948852539062  35.329753875732422
6966    -74.650039672851562  20.54240608215332  34.479972839355469
6967    -74.980476379394531  20.867355346679688  34.071025848388672
6968    -74.787651062011719  21.576223373413086  33.887264251708984
6969    -74.339187622070312  21.566749572753906  34.314239501953125
6970    -74.640144348144531  22.54545783996582  33.677574157714844
6971    -75.130439758300781  22.906091690063477  33.166175842285156
6972    -74.233161926269531  22.199092864990234  34.191612243652344
6973    -75.068389892578125  23.533096313476562  33.068275451660156
6974    -74.4771728515625  23.452890396118164  33.67938232421875
6975    -74.122734069824219  16.181755065917969  32.458969116210938
6976    -74.179595947265625  16.051822662353516  33.218231201171875
6977    -73.704116821289062  16.701799392700195  37.714603424072266
6978    -74.109283447265625  17.028221130371094  37.078636169433594
6979    -73.366363525390625  16.407125473022461  38.366325378417969
6980    -73.913291931152344  17.598224639892578  36.836414337158203
6981    -73.416969299316406  17.580181121826172  37.445068359375
6982    -73.60699462890625  18.527509689331055  36.596904754638672
6983    -74.032257080078125  18.754819869995117  35.962947845458984
6984    -73.282066345214844  18.333097457885742  37.246875762939453
6985    -73.898551940917969  19.615541458129883  35.608604431152344
6986    -74.170722961425781  20.018421173095703  35.153499603271484
6987    -73.343360900878906  19.465181350708008  36.650638580322266
6988    -74.073036193847656  20.561162948608398  34.997577667236328
6989    -73.624519348144531  20.510086059570312  35.558452606201172
6990    -73.465896606445312  20.481170654296875  36.537055969238281
6991    -73.652557373046875  20.455041885375977  37.556972503662109
6992    -73.339927673339844  19.605669021606445  37.523757934570312
6993    -73.548507690429688  20.495893478393555  38.374759674072266
6994    -73.535507202148438  19.712896347045898  38.285064697265625
6995    -73.952919006347656  21.517210006713867  34.724277496337891
6996    -73.686798095703125  21.48114013671875  35.538131713867188
6997    -73.798171997070312  21.454795837402344  36.540367126464844
6998    -73.758895874023438  21.479387283325195  37.623527526855469
6999    -73.334999084472656  21.522771835327148  38.2266845703125
7000    -74.01763916015625  22.487798690795898  34.471664428710938
7001    -74.240287780761719  22.830463409423828  34.122409820556641
7002    -73.957412719726562  22.45777702331543  35.527969360351562
7003    -74.213691711425781  22.441965103149414  36.616241455078125
7004    -73.531143188476562  22.469724655151367  37.712139129638672
7005    -73.27349853515625  22.130889892578125  38.163986206054688
7006    -74.237289428710938  23.070211410522461  34.097248077392578
7007    -74.133880615234375  23.18720817565918  34.534431457519531
7008    -74.285476684570312  23.670829772949219  34.539150238037109
7009    -74.290107727050781  23.318792343139648  35.540218353271484
7010    -74.4993896484375  23.769100189208984  35.55712890625
7011    -74.1806640625  23.571569442749023  36.543647766113281
7012    -74.372795104980469  23.933689117431641  36.114303588867188
7013    -73.564910888671875  23.514730453491211  37.581577301025391
7014    -73.083396911621094  16.639904022216797  38.630691528320312
7015    -73.221565246582031  17.045886993408203  38.101402282714844
7016    -72.799026489257812  16.519622802734375  39.548988342285156
7017    -73.157951354980469  17.546436309814453  37.910751342773438
7018    -72.940589904785156  17.503227233886719  38.538379669189453
7019    -72.9046630859375  17.485841751098633  39.539188385009766
7020    -73.153778076171875  18.572664260864258  37.531429290771484
7021    -73.255104064941406  18.964494705200195  37.079288482666016
7022    -73.100608825683594  18.482751846313477  38.532619476318359
7023    -73.188613891601562  18.499988555908203  39.581985473632812
7024    -73.264244079589844  19.081388473510742  37.053848266601562
7025    -73.211990356445312  19.114871978759766  37.522014617919922
7026    -73.466064453125  19.439815521240234  38.625301361083984
7027    -73.030441284179688  19.545066833496094  39.621067047119141
7028    -73.179298400878906  20.530954360961914  38.871517181396484
7029    -72.709701538085938  20.545148849487305  39.625946044921875
7030    -73.017379760742188  21.533901214599609  38.732620239257812
7031    -72.474281311035156  21.599822998046875  39.717456817626953
7032    -72.979537963867188  22.484323501586914  38.538642883300781
7033    -73.226669311523438  22.792131423950195  38.113578796386719
7034    -72.468269348144531  22.518344879150391  39.586696624755859
7035    -73.185508728027344  23.514457702636719  38.052642822265625
7036    -72.865493774414062  23.507228851318359  38.622661590576172
7037    -72.43682861328125  23.500738143920898  39.555831909179688
7038    -72.704032897949219  16.498378753662109  40.535224914550781
7039    -72.711257934570312  16.497697830200195  41.537357330322266
7040    -72.709869384765625  16.527868270874023  42.553966522216797
7041    -72.562553405761719  16.637798309326172  43.57305908203125
7042    -72.501937866210938  16.405662536621094  44.529727935791016
7043    -72.484397888183594  16.287328720092773  45.525905609130859
7044    -72.430244445800781  16.214681625366211  46.507106781005859
7045    -72.509696960449219  15.620511054992676  46.510612487792969
7046    -72.446174621582031  16.235485076904297  47.490402221679688
7047    -72.479705810546875  15.663308143615723  47.497455596923828
7048    -72.947097778320312  17.4993896484375  40.5631103515625
7049    -72.77081298828125  17.555347442626953  41.590892791748047
7050    -72.419174194335938  17.546167373657227  42.495769500732422
7051    -72.338790893554688  17.200862884521484  43.265533447265625
7052    -72.839523315429688  18.55449104309082  40.609943389892578
7053    -72.375938415527344  18.491933822631836  41.536140441894531
7054    -72.281700134277344  18.127182006835938  42.12762451171875
7055    -72.452835083007812  19.531671524047852  40.634426116943359
7056    -72.296005249023438  19.195587158203125  41.191402435302734
7057    -72.345100402832031  20.550025939941406  40.319820404052734
7058    -72.280426025390625  21.31623649597168  40.178230285644531
7059    -73.462135314941406  16.542755126953125  53.394203186035156
7060    -73.902297973632812  16.496692657470703  54.355178833007812
7061    -74.250465393066406  16.507835388183594  54.940174102783203
7062    -74.536796569824219  16.512563705444336  55.425426483154297
7063    -73.340827941894531  17.099130630493164  52.807304382324219
7064    -73.464691162109375  17.339694976806641  53.378505706787109
7065    -73.327186584472656  16.942216873168945  52.822689056396484
7066    -73.65032958984375  17.673419952392578  54.306095123291016
7067    -74.111289978027344  17.668277740478516  55.260734558105469
7068    -74.470375061035156  17.371162414550781  55.494903564453125
7069    -73.336502075195312  18.420272827148438  54.608657836914062
7070    -73.572288513183594  18.679468154907227  55.290542602539062
7071    -72.466659545898438  16.287631988525391  48.483066558837891
7072    -72.429244995117188  15.640876770019531  48.491775512695312
7073    -72.584579467773438  16.396211624145508  49.466938018798828
7074    -72.398529052734375  15.567774772644043  49.486125946044922
7075    -72.670295715332031  16.647106170654297  50.369056701660156
7076    -72.873817443847656  16.543624877929688  51.365390777587891
7077    -73.138008117675781  16.566276550292969  52.432987213134766
7078    -73.20416259765625  16.235084533691406  53.085720062255859
7079    -72.377548217773438  17.234291076660156  50.686092376708984
7080    -72.413948059082031  17.567134857177734  51.487686157226562
7081    -72.919227600097656  17.526332855224609  52.439605712890625
7082    -73.148719787597656  17.886638641357422  53.375782012939453
7083    -73.232933044433594  18.091272354125977  53.932334899902344
7084    -72.266716003417969  18.144397735595703  51.85784912109375
7085    -72.365653991699219  18.501344680786133  52.43231201171875
7086    -72.862060546875  18.606588363647461  53.370849609375
7087    -73.106071472167969  18.66600227355957  54.3397216796875
7088    -73.259002685546875  19.068393707275391  54.888111114501953
7089    -72.326301574707031  19.315708160400391  52.761898040771484
7090    -72.543754577636719  19.615451812744141  53.287925720214844
7091    -72.919670104980469  19.549793243408203  54.404792785644531
7092    -73.187942504882812  19.5528564453125  55.008674621582031
7093    -73.438484191894531  19.556076049804688  55.488346099853516
7094    -72.438629150390625  20.527894973754883  53.504726409912109
7095    -72.783042907714844  20.526576995849609  54.393730163574219
7096    -73.107940673828125  20.527294158935547  55.170505523681641
7097    -73.361846923828125  20.528591156005859  55.651947021484375
7098    -72.475914001464844  21.50212287902832  53.543281555175781
7099    -72.69903564453125  21.501667022705078  54.406406402587891
7100    -73.082107543945312  21.503128051757812  55.224140167236328
7101    -73.322860717773438  21.504526138305664  55.712745666503906
7102    -72.46197509765625  22.473861694335938  53.514492034912109
7103    -72.752174377441406  22.480613708496094  54.404346466064453
7104    -73.111915588378906  22.480373382568359  55.194664001464844
7105    -73.358039855957031  22.481224060058594  55.675861358642578
7106    -72.476158142089844  23.452817916870117  53.324295043945312
7107    -72.894683837890625  23.458431243896484  54.405994415283203
7108    -73.159286499023438  23.458278656005859  55.087589263916016
7109    -73.411224365234375  23.457405090332031  55.564144134521484
7110    -79.554786682128906  16.494308471679688  61.541519165039062
7111    -79.928535461425781  16.445148468017578  62.369560241699219
7112    -79.963081359863281  16.430538177490234  63.456661224365234
7113    -79.359733581542969  17.499401092529297  61.634803771972656
7114    -80.039840698242188  17.450878143310547  62.280937194824219
7115    -80.298698425292969  17.361089706420898  63.315162658691406
7116    -79.463226318359375  18.509424209594727  61.538974761962891
7117    -79.953895568847656  18.561176300048828  62.456981658935547
7118    -80.416099548339844  18.228548049926758  62.828933715820312
7119    -79.47705078125  19.542722702026367  61.515861511230469
7120    -79.963607788085938  19.495027542114258  62.193271636962891
7121    -79.293380737304688  20.363092422485352  61.671817779541016
7122    -79.710739135742188  20.610942840576172  61.960037231445312
7123    -79.659469604492188  21.519062042236328  62.109569549560547
7124    -79.634086608886719  22.515579223632812  62.231006622314453
7125    -79.626022338867188  23.495738983154297  62.277523040771484
7126    -78.435745239257812  16.582996368408203  60.332607269287109
7127    -78.993804931640625  16.50324821472168  61.100742340087891
7128    -78.353996276855469  17.056825637817383  59.702671051025391
7129    -78.672821044921875  17.475307464599609  60.124980926513672
7130    -78.330039978027344  16.971525192260742  59.737720489501953
7131    -79.102149963378906  17.516275405883789  61.05731201171875
7132    -78.447311401367188  18.581253051757812  60.544902801513672
7133    -79.081489562988281  18.564508438110352  60.933940887451172
7134    -78.262191772460938  19.248090744018555  60.706779479980469
7135    -78.639122009277344  19.564193725585938  61.050098419189453
7136    -78.754638671875  20.641637802124023  61.432491302490234
7137    -79.152778625488281  21.024503707885742  61.754058837890625
7138    -78.562591552734375  21.537693023681641  61.513469696044922
7139    -79.061912536621094  21.535209655761719  61.801654815673828
7140    -78.456626892089844  22.51707649230957  61.574123382568359
7141    -78.948837280273438  22.519401550292969  61.863044738769531
7142    -78.440193176269531  23.490440368652344  61.579891204833984
7143    -78.910011291503906  23.494483947753906  61.904914855957031
7144    -77.829498291015625  16.52800178527832  59.218940734863281
7145    -78.103042602539062  16.295598983764648  59.960151672363281
7146    -77.356071472167969  17.174982070922852  58.642009735107422
7147    -77.758682250976562  17.500919342041016  59.287368774414062
7148    -77.471321105957031  16.773372650146484  58.544162750244141
7149    -78.106460571289062  17.799854278564453  59.82269287109375
7150    -77.339996337890625  18.352840423583984  59.664169311523438
7151    -77.66064453125  18.633657455444336  60.056594848632812
7152    -77.70465087890625  19.574481964111328  60.465816497802734
7153    -78.063140869140625  19.898889541625977  60.832656860351562
7154    -77.448486328125  20.553634643554688  60.571922302246094
7155    -77.938430786132812  20.55560302734375  60.915340423583984
7156    -77.317184448242188  21.530292510986328  60.670669555664062
7157    -77.794578552246094  21.532310485839844  61.034042358398438
7158    -77.272705078125  22.507902145385742  60.703395843505859
7159    -77.745468139648438  22.512405395507812  61.087085723876953
7160    -77.27691650390625  23.482696533203125  60.708114624023438
7161    -77.759902954101562  23.487125396728516  61.101383209228516
7162    -76.468971252441406  16.539579391479492  57.559226989746094
7163    -77.024452209472656  16.473611831665039  58.159965515136719
7164    -77.241249084472656  16.077625274658203  58.798679351806641
7165    -76.340354919433594  17.14497184753418  57.674400329589844
7166    -76.5885009765625  17.493007659912109  58.386222839355469
7167    -76.920936584472656  17.8658447265625  59.010730743408203
7168    -76.265769958496094  18.261678695678711  58.731266021728516
7169    -76.673851013183594  18.620143890380859  59.297935485839844
7170    -77.106353759765625  19.001861572265625  59.831562042236328
7171    -76.484283447265625  19.565156936645508  59.535781860351562
7172    -76.986099243164062  19.574638366699219  59.934070587158203
7173    -76.340118408203125  20.545215606689453  59.658908843994141
7174    -76.816047668457031  20.546815872192383  60.09283447265625
7175    -76.261802673339844  21.522686004638672  59.735977172851562
7176    -76.734184265136719  21.525381088256836  60.183547973632812
7177    -76.240882873535156  22.497623443603516  59.763214111328125
7178    -76.712257385253906  22.502275466918945  60.230422973632812
7179    -76.276802062988281  23.473300933837891  59.730678558349609
7180    -76.753822326660156  23.478935241699219  60.224483489990234
7181    -75.469589233398438  16.52922248840332  56.577281951904297
7182    -76.000038146972656  16.538185119628906  57.095756530761719
7183    -75.356124877929688  17.193092346191406  56.68145751953125
7184    -75.628807067871094  17.497743606567383  57.418296813964844
7185    -75.948600769042969  17.822124481201172  58.082229614257812
7186    -75.300361633300781  18.312097549438477  57.712898254394531
7187    -75.677459716796875  18.593173980712891  58.333728790283203
7188    -76.091445922851562  18.894044876098633  58.904075622558594
7189    -75.483200073242188  19.561195373535156  58.505294799804688
7190    -75.973464965820312  19.565666198730469  59.032363891601562
7191    -75.388786315917969  20.539022445678711  58.617240905761719
7192    -75.848983764648438  20.538068771362305  59.181751251220703
7193    -75.31414794921875  21.513330459594727  58.701492309570312
7194    -75.801010131835938  21.516933441162109  59.261623382568359
7195    -75.317634582519531  22.490972518920898  58.703525543212891
7196    -75.811370849609375  22.493989944458008  59.278953552246094
7197    -75.363212585449219  23.467796325683594  58.644874572753906
7198    -75.853561401367188  23.470575332641602  59.243862152099609
7199    -75.061195373535156  16.520364761352539  56.140544891357422
7200    -74.738609313964844  17.617317199707031  56.328693389892578
7201    -75.050140380859375  17.888360977172852  57.062984466552734
7202    -74.386680603027344  18.593128204345703  56.600265502929688
7203    -74.898727416992188  18.607320785522461  57.379615783691406
7204    -75.152450561523438  18.942577362060547  57.904296875
7205    -74.268402099609375  19.251358032226562  56.787189483642578
7206    -74.520919799804688  19.563808441162109  57.279022216796875
7207    -75.063339233398438  19.55632209777832  58.022140502929688
7208    -74.479598999023438  20.529891967773438  57.462806701660156
7209    -74.990798950195312  20.534523010253906  58.136367797851562
7210    -74.4525146484375  21.509393692016602  57.522098541259766
7211    -74.939178466796875  21.510486602783203  58.212833404541016
7212    -74.456680297851562  22.485441207885742  57.514495849609375
7213    -74.946098327636719  22.488523483276367  58.219459533691406
7214    -74.505424499511719  23.464296340942383  57.422374725341797
7215    -74.995384216308594  23.466924667358398  58.161800384521484
7216    -74.191566467285156  18.063846588134766  55.927726745605469
7217    -74.071128845214844  18.58869743347168  56.115776062011719
7218    -73.969032287597656  19.565027236938477  56.420494079589844
7219    -74.208282470703125  19.895101547241211  56.890487670898438
7220    -73.783500671386719  20.529251098632812  56.351493835449219
7221    -74.162376403808594  20.529302597045898  56.964405059814453
7222    -73.703460693359375  21.506607055664062  56.356639862060547
7223    -74.124000549316406  21.508596420288086  57.030487060546875
7224    -73.72125244140625  22.482982635498047  56.3587646484375
7225    -74.132072448730469  22.483301162719727  57.020378112792969
7226    -73.848052978515625  23.460046768188477  56.359146118164062
7227    -74.1968994140625  23.461776733398438  56.925952911376953
7228    -80.049537658691406  16.420309066772461  64.468154907226562
7229    -80.158531188964844  16.428287506103516  65.370887756347656
7230    -80.217689514160156  16.101167678833008  66.260025024414062
7231    -80.249198913574219  16.975320816040039  64.462409973144531
7232    -80.276832580566406  16.904941558837891  64.97967529296875
7233    -79.720184326171875  24.491756439208984  31.007656097412109
7234    -79.237716674804688  24.510471343994141  31.360488891601562
7235    -79.588859558105469  25.550588607788086  31.32954216003418
7236    -79.225898742675781  25.261295318603516  31.496061325073242
7237    -79.5228271484375  26.551786422729492  31.147975921630859
7238    -79.490013122558594  27.561243057250977  30.796401977539062
7239    -79.584068298339844  28.672412872314453  30.484157562255859
7240    -80.019706726074219  29.281728744506836  30.419651031494141
7241    -79.824089050292969  30.131076812744141  27.538619995117188
7242    -79.991058349609375  30.218128204345703  26.932594299316406
7243    -79.811386108398438  30.131450653076172  28.531909942626953
7244    -80.2879638671875  30.517030715942383  30.196453094482422
7245    -79.454368591308594  29.688671112060547  30.48802375793457
7246    -79.62457275390625  30.492881774902344  26.620798110961914
7247    -79.589248657226562  30.947227478027344  25.832536697387695
7248    -79.288543701171875  30.310638427734375  27.535945892333984
7249    -79.293441772460938  30.351478576660156  28.517230987548828
7250    -79.440971374511719  30.574846267700195  29.626764297485352
7251    -79.662803649902344  30.747123718261719  30.660867691040039
7252    -79.56170654296875  31.355936050415039  25.357950210571289
7253    -79.524810791015625  31.772546768188477  25.056716918945312
7254    -78.631027221679688  24.600221633911133  31.770849227905273
7255    -78.53399658203125  25.331962585449219  31.422691345214844
7256    -78.510414123535156  25.816974639892578  31.203340530395508
7257    -78.504859924316406  26.555599212646484  30.908252716064453
7258    -78.520416259765625  27.526845932006836  30.61787223815918
7259    -78.553924560546875  28.504798889160156  30.538396835327148
7260    -78.657760620117188  29.547246932983398  30.742761611938477
7261    -78.510284423828125  30.941593170166016  26.525152206420898
7262    -78.790939331054688  31.107778549194336  25.995294570922852
7263    -78.585884094238281  30.592525482177734  27.545492172241211
7264    -78.581871032714844  30.523723602294922  28.503818511962891
7265    -78.654624938964844  30.745477676391602  29.53019905090332
7266    -79.183494567871094  31.173376083374023  31.067409515380859
7267    -78.479446411132812  31.447248458862305  25.643949508666992
7268    -78.537109375  31.97088623046875  25.133453369140625
7269    -78.129173278808594  31.262228012084961  26.182233810424805
7270    -77.548545837402344  24.589042663574219  31.668485641479492
7271    -77.531959533691406  25.307916641235352  31.318742752075195
7272    -77.527114868164062  25.790719985961914  31.107542037963867
7273    -77.537254333496094  26.530954360961914  30.888816833496094
7274    -77.56854248046875  27.498985290527344  30.838972091674805
7275    -77.601028442382812  28.39483642578125  30.984407424926758
7276    -78.019859313964844  29.501489639282227  31.104696273803711
7277    -77.448982238769531  29.477298736572266  31.565587997436523
7278    -77.30841064453125  28.643047332763672  31.314123153686523
7279    -77.580970764160156  30.930292129516602  27.552202224731445
7280    -77.579238891601562  31.127483367919922  26.820457458496094
7281    -77.582008361816406  30.838897705078125  28.506198883056641
7282    -77.58251953125  30.907293319702148  29.503145217895508
7283    -78.32574462890625  31.388681411743164  30.955480575561523
7284    -78.85784912109375  31.107021331787109  31.33873176574707
7285    -77.527374267578125  31.822500228881836  25.566062927246094
7286    -77.827201843261719  32.095779418945312  25.204099655151367
7287    -77.582527160644531  31.337429046630859  26.357563018798828
7288    -76.56805419921875  24.564968109130859  31.772621154785156
7289    -76.635566711425781  25.546377182006836  31.445402145385742
7290    -76.997154235839844  25.897502899169922  31.174978256225586
7291    -76.965789794921875  26.512973785400391  31.127676010131836
7292    -76.501411437988281  26.495716094970703  31.465766906738281
7293    -77.046432495117188  27.467685699462891  31.153579711914062
7294    -76.553985595703125  27.456399917602539  31.550670623779297
7295    -77.147178649902344  27.999387741088867  31.206212997436523
7296    -76.74188232421875  28.295465469360352  31.683538436889648
7297    -77.007354736328125  29.122661590576172  31.885467529296875
7298    -76.826583862304688  31.148040771484375  27.554679870605469
7299    -77.026924133300781  31.235086441040039  27.02946662902832
7300    -76.511833190917969  31.116495132446289  28.509872436523438
7301    -76.492813110351562  31.153202056884766  29.548274993896484
7302    -76.82904052734375  31.279767990112305  30.452192306518555
7303    -77.152488708496094  31.391511917114258  30.903310775756836
7304    -76.647750854492188  31.499300003051758  26.654760360717773
7305    -76.583419799804688  31.971126556396484  25.825130462646484
7306    -76.344184875488281  31.31976318359375  27.563276290893555
7307    -76.173728942871094  31.288396835327148  28.206554412841797
7308    -76.108955383300781  31.289447784423828  29.906545639038086
7309    -76.262184143066406  31.342239379882812  30.445234298706055
7310    -76.623420715332031  31.5455322265625  31.320444107055664
7311    -77.675460815429688  31.659591674804688  31.438482284545898
7312    -75.985923767089844  24.549196243286133  32.093864440917969
7313    -75.937545776367188  25.514413833618164  31.979595184326172
7314    -75.973976135253906  26.474376678466797  31.937360763549805
7315    -76.10992431640625  27.435384750366211  32.026203155517578
7316    -76.221977233886719  27.900356292724609  32.111038208007812
7317    -76.036598205566406  31.24427604675293  29.265777587890625
7318    -76.04241943359375  31.238864898681641  28.8338623046875
7319    -75.820281982421875  31.988428115844727  26.601770401000977
7320    -76.039405822753906  32.143024444580078  26.040176391601562
7321    -75.522079467773438  31.787815093994141  27.480661392211914
7322    -75.683189392089844  31.440788269042969  28.534183502197266
7323    -75.654518127441406  31.368412017822266  29.561958312988281
7324    -75.57122802734375  31.488008499145508  30.470172882080078
7325    -75.536659240722656  31.676826477050781  31.438518524169922
7326    -74.621551513671875  32.025253295898438  28.630289077758789
7327    -74.971221923828125  32.098793029785156  27.773639678955078
7328    -74.608016967773438  31.84272575378418  29.525539398193359
7329    -74.585777282714844  31.793478012084961  30.498739242553711
7330    -74.556938171386719  31.862346649169922  31.47545051574707
7331    -73.912376403808594  32.257514953613281  29.549745559692383
7332    -74.070976257324219  32.350917816162109  29.032695770263672
7333    -73.739608764648438  32.18035888671875  30.523193359375
7334    -73.487289428710938  32.141757965087891  31.483371734619141
7335    -79.488059997558594  31.7894287109375  32.534915924072266
7336    -78.887550354003906  31.442537307739258  33.472434997558594
7337    -78.459785461425781  30.789752960205078  33.245445251464844
7338    -78.453163146972656  30.830638885498047  32.858600616455078
7339    -78.00146484375  30.464851379394531  32.540634155273438
7340    -77.333740234375  29.708330154418945  32.551410675048828
7341    -77.751350402832031  30.424663543701172  33.600196838378906
7342    -77.351737976074219  29.711309432983398  33.204978942871094
7343    -78.555992126464844  32.389560699462891  32.214698791503906
7344    -78.760063171386719  32.269130706787109  34.215488433837891
7345    -77.468154907226562  31.151950836181641  34.370700836181641
7346    -77.321510314941406  30.837181091308594  34.278076171875
7347    -76.940361022949219  29.223661422729492  32.567546844482422
7348    -76.422103881835938  28.489665985107422  32.560863494873047
7349    -76.907516479492188  29.208269119262695  33.74627685546875
7350    -76.542472839355469  28.536439895629883  33.4393310546875
7351    -77.081253051757812  30.07707405090332  33.941673278808594
7352    -76.682449340820312  30.435029983520508  34.635765075683594
7353    -76.371925354003906  29.579452514648438  34.357227325439453
7354    -76.578536987304688  32.073631286621094  32.430171966552734
7355    -76.937698364257812  32.706954956054688  33.364471435546875
7356    -77.483963012695312  31.646001815795898  34.766921997070312
7357    -76.62109375  31.454013824462891  35.615848541259766
7358    -76.323074340820312  30.726030349731445  35.281455993652344
7359    -75.506462097167969  24.523679733276367  32.482200622558594
7360    -75.436164855957031  25.488674163818359  32.478988647460938
7361    -75.458465576171875  26.401729583740234  32.633136749267578
7362    -75.882072448730469  27.4271240234375  32.557380676269531
7363    -75.888130187988281  27.381898880004883  33.578361511230469
7364    -75.410072326660156  26.510114669799805  33.541408538818359
7365    -75.635139465332031  27.39666748046875  34.57366943359375
7366    -75.552726745605469  26.566732406616211  34.363502502441406
7367    -76.153823852539062  27.990598678588867  32.557392120361328
7368    -76.433822631835938  28.221923828125  33.780300140380859
7369    -75.617767333984375  28.361820220947266  34.735824584960938
7370    -76.312995910644531  28.866790771484375  34.153835296630859
7371    -75.988723754882812  29.315542221069336  34.669261932373047
7372    -75.407943725585938  29.485877990722656  35.609188079833984
7373    -75.299201965332031  28.661195755004883  35.267200469970703
7374    -76.11419677734375  30.053861618041992  35.027538299560547
7375    -75.8734130859375  30.386747360229492  35.617946624755859
7376    -75.361961364746094  30.446592330932617  36.528167724609375
7377    -75.247146606445312  29.854305267333984  36.158012390136719
7378    -75.511825561523438  31.968036651611328  32.429679870605469
7379    -75.507637023925781  32.202568054199219  33.091327667236328
7380    -76.102195739746094  31.056882858276367  35.945503234863281
7381    -75.91448974609375  31.40638542175293  36.62164306640625
7382    -76.38232421875  31.79572868347168  36.339195251464844
7383    -75.441352844238281  31.380252838134766  37.528629302978516
7384    -75.265045166015625  30.807107925415039  37.179862976074219
7385    -75.04888916015625  24.498252868652344  32.965023040771484
7386    -74.63775634765625  24.469841003417969  33.558185577392578
7387    -74.619743347167969  24.425457000732422  34.54669189453125
7388    -74.66827392578125  24.324356079101562  35.752632141113281
7389    -74.371109008789062  23.992141723632812  36.144012451171875
7390    -75.093856811523438  25.463464736938477  32.943489074707031
7391    -74.953933715820312  25.441291809082031  33.542190551757812
7392    -75.084129333496094  25.406761169433594  34.586502075195312
7393    -74.632164001464844  25.466352462768555  35.621006011962891
7394    -75.209426879882812  25.998394012451172  33.012416839599609
7395    -75.190650939941406  26.015468597412109  33.536281585693359
7396    -75.45355224609375  26.280061721801758  34.760772705078125
7397    -74.545082092285156  26.461336135864258  35.733623504638672
7398    -75.176658630371094  27.440662384033203  35.060390472412109
7399    -74.731163024902344  27.45036506652832  35.640354156494141
7400    -74.31976318359375  27.446088790893555  36.297298431396484
7401    -74.267082214355469  26.78230094909668  36.188026428222656
7402    -75.218765258789062  28.015810012817383  35.140830993652344
7403    -74.969978332519531  28.381658554077148  35.597015380859375
7404    -74.423431396484375  28.466941833496094  36.628372192382812
7405    -75.093925476074219  29.221240997314453  35.912906646728516
7406    -74.891921997070312  29.477907180786133  36.539283752441406
7407    -74.383659362792969  29.448156356811523  37.548072814941406
7408    -74.284683227539062  28.808492660522461  37.190895080566406
7409    -75.071258544921875  30.164875030517578  36.796199798583984
7410    -74.887901306152344  30.44322395324707  37.539802551269531
7411    -74.425605773925781  30.373249053955078  38.537090301513672
7412    -74.285514831542969  29.802440643310547  38.197250366210938
7413    -74.517990112304688  31.978616714477539  32.454692840576172
7414    -74.48614501953125  32.159339904785156  33.279346466064453
7415    -75.119644165039062  31.046876907348633  37.827690124511719
7416    -74.988044738769531  31.377529144287109  38.635635375976562
7417    -75.308082580566406  31.696447372436523  38.356498718261719
7418    -74.706817626953125  31.349925994873047  39.5616455078125
7419    -74.307456970214844  30.724905014038086  39.564884185791016
7420    -74.035804748535156  24.424278259277344  36.556640625
7421    -74.304771423339844  24.690498352050781  36.173152923583984
7422    -73.452545166015625  24.509927749633789  37.508460998535156
7423    -74.224746704101562  25.49571418762207  36.133518218994141
7424    -73.892372131347656  25.496051788330078  36.634662628173828
7425    -73.414253234863281  25.490694046020508  37.504215240478516
7426    -74.217239379882812  26.141590118408203  36.132766723632812
7427    -74.0050048828125  26.463176727294922  36.553874969482422
7428    -73.43682861328125  26.471929550170898  37.677902221679688
7429    -74.064559936523438  27.443220138549805  36.783359527587891
7430    -73.663276672363281  27.439701080322266  37.610187530517578
7431    -73.362861633300781  27.435491561889648  38.371761322021484
7432    -73.286796569824219  26.798316955566406  38.168880462646484
7433    -74.168815612792969  28.164604187011719  36.966278076171875
7434    -73.990203857421875  28.462053298950195  37.546680450439453
7435    -73.515029907226562  28.336841583251953  38.667442321777344
7436    -74.13720703125  29.157751083374023  37.839805603027344
7437    -73.991142272949219  29.448539733886719  38.544578552246094
7438    -73.649238586425781  29.387319564819336  39.567836761474609
7439    -73.351165771484375  28.65290641784668  39.569026947021484
7440    -74.167221069335938  30.031074523925781  38.843414306640625
7441    -74.063163757324219  30.231752395629883  39.566989898681641
7442    -73.531211853027344  32.077735900878906  32.484832763671875
7443    -73.549835205078125  32.171382904052734  33.53826904296875
7444    -73.239448547363281  24.502046585083008  38.026287078857422
7445    -72.920570373535156  24.48577880859375  38.631065368652344
7446    -72.429183959960938  24.457525253295898  39.682197570800781
7447    -73.211677551269531  25.482545852661133  37.996974945068359
7448    -73.054634094238281  25.462263107299805  38.624408721923828
7449    -72.597511291503906  25.459716796875  39.589752197265625
7450    -73.237266540527344  26.150350570678711  38.042938232421875
7451    -73.115028381347656  26.469532012939453  38.5228271484375
7452    -72.892684936523438  26.430774688720703  39.606143951416016
7453    -73.190330505371094  27.443044662475586  38.852481842041016
7454    -73.008895874023438  27.439449310302734  39.564956665039062
7455    -73.259979248046875  27.964529037475586  39.042095184326172
7456    -73.190536499023438  28.171968460083008  39.562294006347656
7457    -72.691375732421875  32.260185241699219  32.500953674316406
7458    -72.511329650878906  32.453075408935547  31.494213104248047
7459    -72.446281433105469  32.200298309326172  33.458263397216797
7460    -72.500007629394531  32.227375030517578  34.104545593261719
7461    -73.235877990722656  32.261127471923828  34.014434814453125
7462    -74.473480224609375  31.292207717895508  40.458389282226562
7463    -74.258674621582031  30.840084075927734  40.087837219238281
7464    -73.410987854003906  29.343168258666992  40.496063232421875
7465    -73.282096862792969  28.858787536621094  40.145534515380859
7466    -73.969841003417969  30.464868545532227  40.461360931396484
7467    -73.772636413574219  30.380128860473633  41.5155029296875
7468    -73.363601684570312  29.545852661132812  41.515552520751953
7469    -73.76641845703125  30.384387969970703  42.506187438964844
7470    -73.474205017089844  29.531074523925781  42.512409210205078
7471    -73.758323669433594  30.377918243408203  43.513462066650391
7472    -73.500602722167969  29.571590423583984  43.520938873291016
7473    -73.682350158691406  30.380905151367188  44.507678985595703
7474    -73.4688720703125  29.621831893920898  44.511024475097656
7475    -73.65850830078125  30.390472412109375  45.494010925292969
7476    -73.469451904296875  29.613063812255859  45.491222381591797
7477    -73.707046508789062  30.386348724365234  46.484848022460938
7478    -73.471748352050781  29.585044860839844  46.477939605712891
7479    -73.804664611816406  30.376218795776367  47.473121643066406
7480    -73.491622924804688  29.517158508300781  47.461090087890625
7481    -74.1900634765625  30.934906005859375  40.730640411376953
7482    -74.15460205078125  30.995990753173828  41.518447875976562
7483    -74.471588134765625  31.486658096313477  41.519001007080078
7484    -74.179389953613281  31.020854949951172  42.514934539794922
7485    -74.511589050292969  31.477148056030273  42.522869110107422
7486    -74.082168579101562  31.126474380493164  43.514900207519531
7487    -74.386634826660156  31.596961975097656  43.516376495361328
7488    -74.05474853515625  31.161048889160156  44.505409240722656
7489    -74.376289367675781  31.629171371459961  44.502326965332031
7490    -74.064163208007812  31.133983612060547  45.489631652832031
7491    -74.379829406738281  31.614358901977539  45.486930847167969
7492    -74.091377258300781  31.077487945556641  46.4788818359375
7493    -74.434501647949219  31.54991340637207  46.474876403808594
7494    -74.153778076171875  30.975996017456055  47.4674072265625
7495    -74.502998352050781  31.457891464233398  47.464153289794922
7496    -72.329620361328125  25.452835083007812  40.320411682128906
7497    -72.294601440429688  24.764093399047852  40.159000396728516
7498    -72.438362121582031  26.39796257019043  40.623615264892578
7499    -72.893821716308594  27.387388229370117  40.5869140625
7500    -72.482009887695312  27.327951431274414  41.619155883789062
7501    -72.320068359375  26.687501907348633  41.343372344970703
7502    -73.120285034179688  28.486696243286133  40.500820159912109
7503    -73.081901550292969  28.342430114746094  41.560684204101562
7504    -72.778587341308594  28.375001907348633  42.539722442626953
7505    -72.371162414550781  27.56511116027832  42.541545867919922
7506    -72.58477783203125  28.384885787963867  43.523509979248047
7507    -72.317527770996094  27.737977981567383  43.527938842773438
7508    -72.536041259765625  28.374889373779297  44.506122589111328
7509    -72.300537109375  27.810939788818359  44.508659362792969
7510    -72.530929565429688  28.382896423339844  45.493709564208984
7511    -72.28973388671875  27.814332962036133  45.495388031005859
7512    -72.58123779296875  28.37849235534668  46.483860015869141
7513    -72.312370300292969  27.770296096801758  46.482955932617188
7514    -72.695022583007812  28.370166778564453  47.468635559082031
7515    -72.338356018066406  27.675676345825195  47.469429016113281
7516    -73.217994689941406  28.9898681640625  40.788108825683594
7517    -73.222480773925781  29.030893325805664  41.525829315185547
7518    -73.162132263183594  29.053945541381836  42.525440216064453
7519    -73.049400329589844  29.120183944702148  43.521018981933594
7520    -73.019065856933594  29.165393829345703  44.506557464599609
7521    -73.080513000488281  29.131210327148438  45.49066162109375
7522    -73.135597229003906  29.08464241027832  46.476829528808594
7523    -73.252243041992188  28.980218887329102  47.450759887695312
7524    -76.746795654296875  31.266807556152344  54.295997619628906
7525    -77.021186828613281  31.022737503051758  55.121936798095703
7526    -76.678726196289062  30.379480361938477  55.389823913574219
7527    -76.359954833984375  30.629301071166992  54.593791961669922
7528    -77.600601196289062  31.402750015258789  55.458934783935547
7529    -77.324302673339844  31.671890258789062  54.654106140136719
7530    -77.248275756835938  30.760665893554688  55.767318725585938
7531    -75.411148071289062  29.42772102355957  54.433479309082031
7532    -75.972007751464844  29.310304641723633  55.326179504394531
7533    -75.542495727539062  28.478328704833984  55.33746337890625
7534    -75.32269287109375  28.742250442504883  54.76007080078125
7535    -75.52276611328125  30.321781158447266  53.421344757080078
7536    -75.973724365234375  30.321636199951172  54.3115234375
7537    -75.281578063964844  29.761894226074219  53.761066436767578
7538    -76.126029968261719  29.975187301635742  54.981971740722656
7539    -76.394805908203125  29.61566162109375  55.624061584472656
7540    -75.482292175292969  31.308435440063477  51.519145965576172
7541    -75.86297607421875  31.358095169067383  52.375442504882812
7542    -75.333786010742188  30.679338455200195  52.4034423828125
7543    -75.228034973144531  30.824621200561523  51.909378051757812
7544    -76.040542602539062  31.024646759033203  53.401287078857422
7545    -76.478607177734375  31.509843826293945  53.401481628417969
7546    -76.303146362304688  31.701862335205078  52.680770874023438
7547    -76.186958312988281  30.856924057006836  53.936408996582031
7548    -74.362022399902344  28.459373474121094  53.433254241943359
7549    -74.948684692382812  28.388540267944336  54.408138275146484
7550    -74.493911743164062  27.511631011962891  54.380149841308594
7551    -74.359039306640625  27.72779655456543  53.740711212158203
7552    -75.138832092285156  28.030128479003906  55.385135650634766
7553    -74.623733520507812  27.292095184326172  55.323692321777344
7554    -74.444610595703125  29.371158599853516  52.461448669433594
7555    -74.890602111816406  29.419042587280273  53.424274444580078
7556    -74.276260375976562  28.800130844116211  52.812332153320312
7557    -75.0706787109375  29.124898910522461  54.121025085449219
7558    -74.720390319824219  30.352327346801758  51.436820983886719
7559    -74.987213134765625  30.19464111328125  52.405593872070312
7560    -74.335609436035156  29.68841552734375  51.619441986083984
7561    -75.132659912109375  29.980401992797852  53.111457824707031
7562    -74.533073425292969  31.264503479003906  48.474395751953125
7563    -74.870887756347656  31.397964477539062  49.443244934082031
7564    -74.343246459960938  30.681327819824219  49.440216064453125
7565    -74.264213562011719  30.801340103149414  48.815353393554688
7566    -74.95697021484375  31.156887054443359  50.433544158935547
7567    -74.470481872558594  30.480546951293945  50.433475494384766
7568    -75.367378234863281  31.637004852294922  50.428958892822266
7569    -75.265731811523438  31.756233215332031  49.768890380859375
7570    -75.101432800292969  30.976360321044922  51.256160736083984
7571    -73.400230407714844  25.391433715820312  54.420120239257812
7572    -73.812568664550781  25.414260864257812  55.388423919677734
7573    -73.48504638671875  24.425853729248047  55.324985504150391
7574    -73.301399230957031  24.74052619934082  54.742832183837891
7575    -73.500373840332031  26.408563613891602  53.384323120117188
7576    -73.835418701171875  26.399135589599609  54.41455078125
7577    -73.407150268554688  25.662261962890625  53.710636138916016
7578    -74.119667053222656  26.304912567138672  55.32305908203125
7579    -73.586639404296875  27.306497573852539  52.389335632324219
7580    -74.105415344238281  27.331306457519531  53.353233337402344
7581    -73.287948608398438  26.771888732910156  52.770259857177734
7582    -74.183219909667969  27.035886764526367  54.401901245117188
7583    -74.230400085449219  26.903017044067383  54.947589874267578
7584    -74.364608764648438  26.566898345947266  55.594482421875
7585    -73.688888549804688  28.222860336303711  51.29473876953125
7586    -73.975624084472656  28.454730987548828  52.470474243164062
7587    -73.40118408203125  27.654273986816406  51.583175659179688
7588    -74.131752014160156  28.155666351318359  53.10687255859375
7589    -73.488037109375  29.299392700195312  48.484199523925781
7590    -73.629684448242188  29.383569717407227  49.451583862304688
7591    -73.4476318359375  28.658660888671875  49.421001434326172
7592    -73.388824462890625  28.766120910644531  48.819652557373047
7593    -73.831100463867188  29.392023086547852  50.448028564453125
7594    -73.552459716796875  28.44720458984375  50.410190582275391
7595    -74.062965393066406  29.379571914672852  51.352500915527344
7596    -74.147468566894531  29.046478271484375  52.167148590087891
7597    -73.983818054199219  30.447124481201172  48.480331420898438
7598    -74.046646118164062  30.208646774291992  49.446701049804688
7599    -74.156669616699219  29.998832702636719  50.437454223632812
7600    -74.236892700195312  29.871742248535156  50.961894989013672
7601    -74.211929321289062  30.88871955871582  48.159065246582031
7602    -72.362800598144531  24.513904571533203  52.445236206054688
7603    -72.745887756347656  24.424339294433594  53.386268615722656
7604    -72.294685363769531  23.775442123413086  52.802066802978516
7605    -73.123428344726562  24.422752380371094  54.407951354980469
7606    -73.225509643554688  24.094472885131836  54.966850280761719
7607    -72.350517272949219  25.478597640991211  51.506267547607422
7608    -72.605278015136719  25.415254592895508  52.404945373535156
7609    -72.279800415039062  24.898246765136719  51.894092559814453
7610    -73.041999816894531  25.382104873657227  53.397006988525391
7611    -73.208732604980469  25.034538269042969  54.076828002929688
7612    -72.38409423828125  26.411806106567383  50.49102783203125
7613    -72.633216857910156  26.397863388061523  51.422126770019531
7614    -72.289314270019531  25.853906631469727  50.860359191894531
7615    -72.980995178222656  26.43962287902832  52.440658569335938
7616    -73.158531188964844  26.122577667236328  53.060531616210938
7617    -72.477020263671875  27.305519104003906  49.393070220947266
7618    -72.7757568359375  27.385869979858398  50.436561584472656
7619    -72.31561279296875  26.749994277954102  49.680187225341797
7620    -73.0621337890625  27.360271453857422  51.331699371337891
7621    -73.146820068359375  27.014970779418945  52.128410339355469
7622    -72.940330505371094  28.439947128295898  48.48992919921875
7623    -72.4013671875  27.519021987915039  48.458194732666016
7624    -73.013809204101562  28.207569122314453  49.441211700439453
7625    -73.170303344726562  27.989519119262695  50.428173065185547
7626    -73.279548645019531  27.855730056762695  50.926944732666016
7627    -73.326606750488281  28.879903793334961  48.160980224609375
7628    -79.627334594726562  24.468698501586914  62.209770202636719
7629    -79.580673217773438  25.425579071044922  62.009239196777344
7630    -79.442039489746094  26.413312911987305  61.601028442382812
7631    -79.927711486816406  26.415884017944336  61.886856079101562
7632    -79.242866516113281  25.729974746704102  61.705623626708984
7633    -79.666549682617188  27.345155715942383  61.261276245117188
7634    -80.115898132324219  26.900747299194336  61.764663696289062
7635    -79.567497253417969  28.421298980712891  60.576343536376953
7636    -79.868743896484375  28.115135192871094  60.944229125976562
7637    -79.22723388671875  27.779335021972656  60.732406616210938
7638    -79.633934020996094  29.127120971679688  60.049243927001953
7639    -79.624687194824219  29.625143051147461  59.622779846191406
7640    -79.6290283203125  30.056886672973633  59.134666442871094
7641    -79.640220642089844  30.507247924804688  58.367694854736328
7642    -79.551048278808594  31.436592102050781  57.413749694824219
7643    -80.018234252929688  30.940711975097656  57.977993011474609
7644    -79.319053649902344  30.674654006958008  57.684684753417969
7645    -78.509880065917969  24.461572647094727  61.531143188476562
7646    -78.993453979492188  24.466653823852539  61.855922698974609
7647    -78.707244873046875  25.425554275512695  61.469173431396484
7648    -79.086715698242188  25.090435028076172  61.806297302246094
7649    -78.643806457519531  26.359203338623047  61.055820465087891
7650    -78.637580871582031  27.435606002807617  60.520107269287109
7651    -78.963340759277344  27.13720703125  60.921291351318359
7652    -78.317520141601562  26.647132873535156  60.675918579101562
7653    -78.725296020507812  28.274808883666992  60.015724182128906
7654    -78.765548706054688  29.235523223876953  59.240329742431641
7655    -79.102195739746094  28.887767791748047  59.849758148193359
7656    -78.438156127929688  28.549781799316406  59.572647094726562
7657    -78.673171997070312  30.285802841186523  57.322612762451172
7658    -78.881324768066406  30.052078247070312  58.373329162597656
7659    -78.378494262695312  29.62889289855957  58.382457733154297
7660    -78.216651916503906  29.769756317138672  57.808677673339844
7661    -79.114181518554688  29.842868804931641  58.889812469482422
7662    -78.542564392089844  31.462295532226562  56.473026275634766
7663    -78.888282775878906  31.125030517578125  57.067874908447266
7664    -78.242149353027344  30.765138626098633  56.766258239746094
7665    -79.2099609375  31.774894714355469  56.784263610839844
7666    -77.363372802734375  24.455169677734375  60.633892059326172
7667    -77.847206115722656  24.458368301391602  61.041744232177734
7668    -77.510993957519531  25.433309555053711  60.500476837158203
7669    -77.999954223632812  25.434732437133789  60.926372528076172
7670    -77.693763732910156  26.357734680175781  60.294902801513672
7671    -78.132759094238281  25.998970031738281  60.817485809326172
7672    -77.492889404296875  27.38482666015625  59.499305725097656
7673    -77.977226257324219  27.387231826782227  59.993766784667969
7674    -77.292182922363281  26.698696136474609  59.707542419433594
7675    -77.794364929199219  28.213693618774414  59.207107543945312
7676    -78.153419494628906  27.893058776855469  59.827533721923828
7677    -77.711738586425781  29.079618453979492  58.287288665771484
7678    -77.660293579101562  29.529605865478516  57.424457550048828
7679    -78.100547790527344  28.902278900146484  58.912811279296875
7680    -77.43109130859375  28.534225463867188  58.545761108398438
7681    -77.602020263671875  30.434408187866211  56.411430358886719
7682    -78.055679321289062  30.006778717041016  57.052757263183594
7683    -77.390548706054688  29.636600494384766  56.646060943603516
7684    -77.894744873046875  31.115922927856445  56.123950958251953
7685    -78.237823486328125  31.751012802124023  55.772136688232422
7686    -76.363067626953125  24.451074600219727  59.636070251464844
7687    -76.845512390136719  24.455389022827148  60.156070709228516
7688    -76.513420104980469  25.427881240844727  59.468563079833984
7689    -77.005897521972656  25.428092956542969  59.999668121337891
7690    -76.720481872558594  26.342376708984375  59.296005249023438
7691    -77.133567810058594  26.047510147094727  59.873825073242188
7692    -76.515579223632812  27.413761138916016  58.343276977539062
7693    -77.030769348144531  27.385786056518555  59.011993408203125
7694    -76.329582214355469  26.62562370300293  58.673549652099609
7695    -76.473541259765625  28.384950637817383  57.416717529296875
7696    -77.008476257324219  28.266019821166992  58.268486022949219
7697    -76.2752685546875  27.755910873413086  57.757518768310547
7698    -77.190200805664062  27.874895095825195  58.837871551513672
7699    -76.757644653320312  29.257955551147461  56.310596466064453
7700    -76.965087890625  29.036321640014648  57.388236999511719
7701    -76.298408508300781  28.714651107788086  56.703701019287109
7702    -77.169319152832031  28.845489501953125  57.885013580322266
7703    -77.033897399902344  30.095582962036133  56.040851593017578
7704    -75.450454711914062  24.447576522827148  58.520092010498047
7705    -75.935127258300781  24.451147079467773  59.153682708740234
7706    -75.553810119628906  25.421127319335938  58.28021240234375
7707    -76.080535888671875  25.430612564086914  58.986072540283203
7708    -75.418281555175781  26.403804779052734  57.550910949707031
7709    -75.956932067871094  26.341276168823242  58.343284606933594
7710    -75.284652709960938  25.739616394042969  57.756912231445312
7711    -76.193504333496094  25.970979690551758  58.853347778320312
7712    -75.732101440429688  27.340974807739258  57.329177856445312
7713    -76.094017028808594  27.110862731933594  58.012912750244141
7714    -75.753143310546875  28.302021026611328  56.308914184570312
7715    -76.050773620605469  28.072975158691406  57.112876892089844
7716    -75.387123107910156  27.559474945068359  56.563800811767578
7717    -76.209793090820312  28.894840240478516  55.989654541015625
7718    -74.560455322265625  24.365140914916992  57.259712219238281
7719    -75.090843200683594  24.447490692138672  58.032272338867188
7720    -74.426872253417969  25.420446395874023  56.529373168945312
7721    -74.949050903320312  25.419517517089844  57.402492523193359
7722    -74.305465698242188  24.632991790771484  56.742237091064453
7723    -75.189216613769531  25.0885009765625  57.905464172363281
7724    -74.624382019042969  26.303586959838867  56.273460388183594
7725    -75.111732482910156  26.401607513427734  57.0574951171875
7726    -75.095054626464844  27.289939880371094  56.290874481201172
7727    -75.221458435058594  26.908256530761719  56.879619598388672
7728    -75.216331481933594  27.86793327331543  55.907550811767578
7729    -74.034660339355469  24.363115310668945  56.401863098144531
7730    -74.245132446289062  23.981327056884766  56.856277465820312
7731    -74.150352478027344  25.420772552490234  56.039585113525391
7732    -74.247016906738281  25.911447525024414  55.875576019287109
7733    -79.508171081542969  32.528057098388672  25.011806488037109
7734    -79.502159118652344  33.502845764160156  25.009069442749023
7735    -79.4996337890625  34.500293731689453  25.009780883789062
7736    -79.49383544921875  35.494174957275391  25.004739761352539
7737    -79.479019165039062  36.474655151367188  25.00267219543457
7738    -79.390327453613281  37.406398773193359  25.030294418334961
7739    -79.594642639160156  37.616783142089844  25.428684234619141
7740    -79.308761596679688  38.087970733642578  25.691604614257812
7741    -78.967361450195312  37.918800354003906  25.190696716308594
7742    -79.342430114746094  38.535942077636719  26.509773254394531
7743    -79.621490478515625  38.619464874267578  27.542440414428711
7744    -79.697456359863281  38.689781188964844  28.507566452026367
7745    -79.661773681640625  38.654979705810547  29.478057861328125
7746    -79.582962036132812  38.576431274414062  30.450490951538086
7747    -79.47509765625  38.321502685546875  31.448814392089844
7748    -79.72760009765625  37.755867004394531  31.761699676513672
7749    -79.163185119628906  39.010150909423828  27.535694122314453
7750    -79.021240234375  38.904590606689453  26.769527435302734
7751    -79.221221923828125  39.047725677490234  28.510366439819336
7752    -79.207679748535156  39.0576171875  29.489509582519531
7753    -79.093910217285156  39.006111145019531  30.462657928466797
7754    -78.931129455566406  38.914058685302734  31.43626594543457
7755    -78.515777587890625  32.539154052734375  25.05303955078125
7756    -78.505767822265625  33.509452819824219  25.003690719604492
7757    -78.500518798828125  34.501304626464844  25.007120132446289
7758    -78.499557495117188  35.499927520751953  25.005556106567383
7759    -78.493064880371094  36.49041748046875  25.001043319702148
7760    -78.479362487792969  37.467681884765625  25.014017105102539
7761    -78.454742431640625  38.189365386962891  25.046796798706055
7762    -78.479110717773438  38.636489868164062  25.555059432983398
7763    -78.819869995117188  38.760643005371094  26.160051345825195
7764    -78.473991394042969  39.142967224121094  26.496538162231445
7765    -78.197647094726562  38.978019714355469  25.812732696533203
7766    -78.389633178710938  39.450687408447266  27.53599739074707
7767    -78.299934387207031  39.578781127929688  28.51365852355957
7768    -78.410133361816406  39.530303955078125  29.498502731323242
7769    -78.4072265625  39.501548767089844  30.480733871459961
7770    -78.268470764160156  39.484893798828125  31.490360260009766
7771    -77.485969543457031  32.486602783203125  25.022842407226562
7772    -77.177925109863281  32.2269287109375  25.24836540222168
7773    -77.506088256835938  33.520515441894531  25.035661697387695
7774    -77.500518798828125  34.501922607421875  25.006013870239258
7775    -77.500144958496094  35.500629425048828  25.006410598754883
7776    -77.498603820800781  36.497768402099609  24.999998092651367
7777    -77.488906860351562  37.482437133789062  25.013116836547852
7778    -77.52899169921875  38.509689331054688  25.028854370117188
7779    -77.83953857421875  38.782405853271484  25.231746673583984
7780    -77.492706298828125  39.240184783935547  25.524745941162109
7781    -77.226150512695312  39.034427642822266  25.089450836181641
7782    -77.414222717285156  39.6436767578125  26.492609024047852
7783    -77.760658264160156  39.694328308105469  27.539918899536133
7784    -77.859634399414062  39.714096069335938  28.190202713012695
7785    -76.571861267089844  32.335567474365234  25.355937957763672
7786    -76.534866333007812  32.764358520507812  25.035282135009766
7787    -76.514747619628906  33.530120849609375  25.016860961914062
7788    -76.504928588867188  34.506637573242188  25.017099380493164
7789    -76.500259399414062  35.501007080078125  25.004280090332031
7790    -76.4998779296875  36.499305725097656  25.00044059753418
7791    -76.495346069335938  37.494300842285156  25.012168884277344
7792    -76.484893798828125  38.471057891845703  25.026361465454102
7793    -76.465644836425781  39.260978698730469  25.015727996826172
7794    -76.503005981445312  39.665840148925781  25.542507171630859
7795    -76.870941162109375  39.731292724609375  26.129278182983398
7796    -75.654365539550781  32.685539245605469  25.669734954833984
7797    -75.911735534667969  32.969623565673828  25.105531692504883
7798    -75.339759826660156  32.351844787597656  26.609031677246094
7799    -75.181838989257812  32.232688903808594  27.129749298095703
7800    -75.562454223632812  33.566165924072266  25.039003372192383
7801    -75.309219360351562  33.313449859619141  25.345582962036133
7802    -75.5201416015625  34.521240234375  25.010030746459961
7803    -75.50494384765625  35.505783081054688  25.002422332763672
7804    -75.499977111816406  36.499866485595703  25.001296997070312
7805    -75.499053955078125  37.499176025390625  25.011104583740234
7806    -75.492111206054688  38.484806060791016  25.011569976806641
7807    -75.550788879394531  39.524078369140625  24.999998092651367
7808    -75.871994018554688  39.762844085693359  25.223110198974609
7809    -74.697998046875  32.954463958740234  26.731660842895508
7810    -75.060066223144531  33.064384460449219  25.985805511474609
7811    -74.644187927246094  32.515167236328125  27.533954620361328
7812    -74.30389404296875  32.433547973632812  28.389781951904297
7813    -74.683837890625  33.726512908935547  25.716846466064453
7814    -74.956840515136719  33.939323425292969  25.14854621887207
7815    -74.367851257324219  33.500629425048828  26.503154754638672
7816    -74.54852294921875  34.567760467529297  25.030235290527344
7817    -74.292160034179688  34.392013549804688  25.45509147644043
7818    -74.507400512695312  35.517314910888672  25.010890960693359
7819    -74.5001220703125  36.500747680664062  25.001670837402344
7820    -74.499298095703125  37.500022888183594  25.009464263916016
7821    -74.494720458984375  38.494987487792969  24.999998092651367
7822    -74.488006591796875  39.463790893554688  24.999998092651367
7823    -73.523796081542969  33.196750640869141  27.745292663574219
7824    -73.497909545898438  33.414688110351562  27.169069290161133
7825    -73.64056396484375  32.815040588378906  28.719539642333984
7826    -73.362907409667969  32.622516632080078  29.554645538330078
7827    -73.187057495117188  32.402511596679688  30.52490234375
7828    -73.0941162109375  32.335952758789062  31.164108276367188
7829    -73.479949951171875  33.678821563720703  26.677352905273438
7830    -73.480720520019531  34.154270172119141  26.087947845458984
7831    -73.488739013671875  34.551658630371094  25.609943389892578
7832    -73.497749328613281  34.869777679443359  25.193675994873047
7833    -73.500152587890625  35.524490356445312  25.015331268310547
7834    -73.499931335449219  36.501285552978516  25.005088806152344
7835    -73.49993896484375  37.500289916992188  24.999998092651367
7836    -73.499748229980469  38.499507904052734  25
7837    -73.498275756835938  39.467540740966797  25
7838    -72.349258422851562  32.525260925292969  27.611417770385742
7839    -72.380050659179688  32.969154357910156  26.650266647338867
7840    -72.631385803222656  32.438331604003906  28.555337905883789
7841    -71.965461730957031  32.205844879150391  27.932350158691406
7842    -72.101058959960938  32.133441925048828  28.545162200927734
7843    -72.747268676757812  32.450065612792969  29.523530960083008
7844    -72.208290100097656  32.100181579589844  29.515209197998047
7845    -72.800209045410156  32.492355346679688  30.513422012329102
7846    -72.246337890625  32.219264984130859  30.488071441650391
7847    -72.916763305664062  32.399883270263672  31.162195205688477
7848    -72.705986022949219  33.354511260986328  26.363082885742188
7849    -72.383903503417969  33.681632995605469  25.675468444824219
7850    -72.0255126953125  33.118858337402344  26.028789520263672
7851    -72.735099792480469  34.322864532470703  25.350540161132812
7852    -72.463165283203125  34.5447998046875  25.021356582641602
7853    -72.068687438964844  34.004154205322266  25.182243347167969
7854    -72.493446350097656  35.518138885498047  25.009090423583984
7855    -72.500083923339844  36.501136779785156  25.005720138549805
7856    -72.50048828125  37.500030517578125  25.000341415405273
7857    -72.501029968261719  38.499420166015625  25.006418228149414
7858    -72.499641418457031  39.471755981445312  25
7859    -79.867431640625  33.84405517578125  33.5
7860    -79.374946594238281  33.464130401611328  32.482624053955078
7861    -79.564277648925781  33.083534240722656  34.436248779296875
7862    -79.556358337402344  34.407009124755859  32.605331420898438
7863    -78.848182678222656  34.220359802246094  33.158721923828125
7864    -79.280021667480469  33.061546325683594  34.586387634277344
7865    -79.635978698730469  34.219951629638672  35.644004821777344
7866    -79.208274841308594  33.607555389404297  35.193889617919922
7867    -79.205635070800781  33.191051483154297  34.758274078369141
7868    -79.645713806152344  35.473247528076172  32.665367126464844
7869    -79.13055419921875  35.477516174316406  33.136241912841797
7870    -80.092720031738281  34.774311065673828  36.108757019042969
7871    -79.869483947753906  34.916301727294922  36.597904205322266
7872    -79.380683898925781  34.622810363769531  36.595947265625
7873    -79.531234741210938  35.104248046875  37.50604248046875
7874    -79.179336547851562  34.737548828125  37.154544830322266
7875    -79.609733581542969  35.4473876953125  38.55145263671875
7876    -79.678062438964844  35.622024536132812  39.440052032470703
7877    -79.628013610839844  36.453948974609375  32.616592407226562
7878    -79.130714416503906  36.470561981201172  33.196212768554688
7879    -80.089523315429688  35.719322204589844  39.719627380371094
7880    -79.516578674316406  37.438358306884766  32.347393035888672
7881    -78.986343383789062  37.423492431640625  33.088603973388672
7882    -79.026611328125  38.334041595458984  32.318370819091797
7883    -78.8502197265625  37.996994018554688  32.948581695556641
7884    -78.816253662109375  38.834365844726562  31.954133987426758
7885    -78.806915283203125  33.288036346435547  35.17669677734375
7886    -78.978996276855469  33.967853546142578  34.955944061279297
7887    -77.716056823730469  33.682216644287109  33.749439239501953
7888    -78.532829284667969  34.696929931640625  33.587162017822266
7889    -78.471893310546875  33.188526153564453  35.418460845947266
7890    -78.581939697265625  34.072837829589844  36.570888519287109
7891    -78.216400146484375  33.572788238525391  36.251617431640625
7892    -78.215431213378906  33.237033843994141  35.771862030029297
7893    -78.644119262695312  34.536453247070312  37.515071868896484
7894    -78.645309448242188  35.477279663085938  33.655796051025391
7895    -78.156959533691406  35.477287292480469  34.159252166748047
7896    -78.96875  34.866920471191406  37.799026489257812
7897    -78.779541015625  34.989402770996094  38.558231353759766
7898    -78.305633544921875  34.675540924072266  38.565402984619141
7899    -78.552459716796875  35.046943664550781  39.507011413574219
7900    -78.192573547363281  34.743434906005859  39.171123504638672
7901    -78.685684204101562  36.482704162597656  33.686359405517578
7902    -78.188346862792969  36.493072509765625  34.23443603515625
7903    -78.599830627441406  37.436588287353516  33.581432342529297
7904    -78.1136474609375  37.449623107910156  34.202480316162109
7905    -78.30889892578125  38.433845520019531  33.410037994384766
7906    -78.65618896484375  38.628726959228516  32.598850250244141
7907    -77.9541015625  38.234867095947266  34.049583435058594
7908    -78.34381103515625  39.168182373046875  32.350780487060547
7909    -78.003768920898438  39.055892944335938  33.222320556640625
7910    -77.762069702148438  33.209026336669922  36.267311096191406
7911    -77.971397399902344  33.935775756835938  35.969615936279297
7912    -76.553367614746094  33.373889923095703  34.333019256591797
7913    -77.499526977539062  34.703102111816406  34.511539459228516
7914    -77.719955444335938  33.205783843994141  36.31988525390625
7915    -77.883399963378906  33.989875793457031  37.560890197753906
7916    -77.40289306640625  33.580150604248047  37.529472351074219
7917    -77.566680908203125  33.299152374267578  36.691837310791016
7918    -77.599952697753906  34.151660919189453  38.553413391113281
7919    -77.250434875488281  33.735767364501953  38.231819152832031
7920    -77.739517211914062  34.476032257080078  39.508705139160156
7921    -77.649604797363281  35.483287811279297  34.661048889160156
7922    -77.148796081542969  35.487903594970703  35.110858917236328
7923    -78.114997863769531  34.800704956054688  39.812572479248047
7924    -77.732345581054688  36.502830505371094  34.736427307128906
7925    -77.234275817871094  36.512397766113281  35.243991851806641
7926    -77.689750671386719  37.457817077636719  34.692947387695312
7927    -77.192718505859375  37.467353820800781  35.249584197998047
7928    -77.590438842773438  38.496040344238281  34.373142242431641
7929    -77.774749755859375  38.841964721679688  33.843666076660156
7930    -77.048316955566406  38.423328399658203  35.127513885498047
7931    -77.717620849609375  39.690685272216797  32.436691284179688
7932    -77.809432983398438  39.745864868164062  31.83860969543457
7933    -77.597236633300781  39.386390686035156  33.508796691894531
7934    -77.107551574707031  39.349155426025391  34.340423583984375
7935    -76.892478942871094  39.022632598876953  34.967498779296875
7936    -76.312568664550781  32.616207122802734  33.529529571533203
7937    -76.256935119628906  32.330432891845703  34.5
7938    -78.894882202148438  33.947193145751953  35.967857360839844
7939    -76.649703979492188  32.193801879882812  36.453243255615234
7940    -77.707244873046875  32.267757415771484  35.138175964355469
7941    -76.8831787109375  33.102252960205078  37.516071319580078
7942    -76.398841857910156  32.609130859375  37.533096313476562
7943    -76.704765319824219  32.415054321289062  36.693740844726562
7944    -76.667442321777344  33.327678680419922  38.532474517822266
7945    -76.250038146972656  32.760704040527344  38.199729919433594
7946    -76.19580078125  34.226566314697266  35.288097381591797
7947    -76.285781860351562  34.347320556640625  35.304702758789062
7948    -77.234642028808594  32.755157470703125  33.283439636230469
7949    -76.484352111816406  34.71600341796875  35.357540130615234
7950    -77.110809326171875  33.845901489257812  38.874744415283203
7951    -77.018455505371094  33.917911529541016  39.537792205810547
7952    -76.51666259765625  33.488639831542969  39.539264678955078
7953    -76.607810974121094  35.508884429931641  35.601139068603516
7954    -76.122688293457031  35.544143676757812  36.033638000488281
7955    -76.73431396484375  36.521476745605469  35.739204406738281
7956    -76.246437072753906  36.528572082519531  36.211231231689453
7957    -76.735191345214844  37.475811004638672  35.738822937011719
7958    -76.2347412109375  37.482337951660156  36.237297058105469
7959    -76.620529174804688  38.427375793457031  35.608882904052734
7960    -76.129867553710938  38.434959411621094  36.154865264892578
7961    -76.319587707519531  39.398780822753906  35.374916076660156
7962    -76.671989440917969  39.650222778320312  34.638931274414062
7963    -75.970161437988281  39.149959564208984  36.003837585449219
7964    -75.507354736328125  32.408935546875  33.558837890625
7965    -75.543342590332031  32.937232971191406  34.381179809570312
7966    -75.998405456542969  33.799381256103516  35.080722808837891
7967    -76.7412109375  32.329128265380859  36.509880065917969
7968    -75.987289428710938  32.134170532226562  37.567829132080078
7969    -75.700798034667969  32.330425262451172  38.594642639160156
7970    -75.235855102539062  33.603725433349609  35.383563995361328
7971    -75.634597778320312  33.767925262451172  35.309066772460938
7972    -75.765625  33.784152984619141  35.23309326171875
7973    -76.127761840820312  32.888877868652344  38.844200134277344
7974    -76.012123107910156  32.996837615966797  39.544109344482422
7975    -75.512123107910156  32.458171844482422  39.5467529296875
7976    -75.7745361328125  34.229740142822266  35.585441589355469
7977    -75.342269897460938  34.634834289550781  36.208919525146484
7978    -75.537078857421875  35.570713043212891  36.543300628662109
7979    -75.039543151855469  35.585334777832031  36.949367523193359
7980    -74.888381958007812  35.071670532226562  36.816352844238281
7981    -75.698318481445312  36.538917541503906  36.687217712402344
7982    -75.210433959960938  36.544601440429688  37.0985107421875
7983    -75.735977172851562  37.487865447998047  36.726402282714844
7984    -75.262359619140625  37.494251251220703  37.180538177490234
7985    -75.665977478027344  38.445667266845703  36.665004730224609
7986    -75.162544250488281  38.447296142578125  37.119941711425781
7987    -75.392005920410156  39.494644165039062  36.418140411376953
7988    -75.75335693359375  39.7603759765625  35.769008636474609
7989    -75.001174926757812  39.203365325927734  36.981620788574219
7990    -74.457923889160156  32.335849761962891  33.736854553222656
7991    -74.458839416503906  32.603427886962891  34.389675140380859
7992    -74.46392822265625  33.063297271728516  35.152194976806641
7993    -75.209556579589844  31.858413696289062  39.007091522216797
7994    -75.120277404785156  31.959316253662109  39.55487060546875
7995    -74.453628540039062  33.387966156005859  35.618618011474609
7996    -74.3314208984375  33.895793914794922  36.287162780761719
7997    -74.578384399414062  34.421131134033203  36.584506988525391
7998    -74.292800903320312  34.701236724853516  37.006114959716797
7999    -73.910163879394531  34.160018920898438  36.825042724609375
8000    -74.329574584960938  35.571598052978516  37.489994049072266
8001    -74.598320007324219  36.545177459716797  37.612808227539062
8002    -74.108001708984375  36.548389434814453  37.969257354736328
8003    -73.970184326171875  35.882251739501953  37.861213684082031
8004    -74.67462158203125  37.499057769775391  37.664585113525391
8005    -74.195335388183594  37.502246856689453  38.045131683349609
8006    -74.604766845703125  38.451324462890625  37.608665466308594
8007    -74.115585327148438  38.455295562744141  37.989673614501953
8008    -74.400070190429688  39.502296447753906  37.385444641113281
8009    -74.78765869140625  39.813251495361328  36.789161682128906
8010    -73.970710754394531  39.160621643066406  37.8873291015625
8011    -73.883193969726562  32.280296325683594  33.877044677734375
8012    -73.509231567382812  32.395370483398438  34.346385955810547
8013    -73.493537902832031  32.918434143066406  35.45281982421875
8014    -73.835113525390625  33.255882263183594  35.797737121582031
8015    -73.469856262207031  33.490386962890625  36.324451446533203
8016    -73.185546875  33.151634216308594  35.991256713867188
8017    -73.399070739746094  34.025264739990234  36.985866546630859
8018    -73.429031372070312  34.632778167724609  37.511207580566406
8019    -73.75433349609375  35.259857177734375  37.719383239746094
8020    -73.411857604980469  35.581428527832031  38.081348419189453
8021    -73.116867065429688  34.959758758544922  37.914356231689453
8022    -73.295425415039062  36.574687957763672  38.493171691894531
8023    -73.441024780273438  37.503654479980469  38.529029846191406
8024    -72.961746215820312  37.504661560058594  38.823921203613281
8025    -72.920539855957031  36.904212951660156  38.781909942626953
8026    -73.295761108398438  38.494426727294922  38.530319213867188
8027    -72.921180725097656  38.203781127929688  38.783370971679688
8028    -73.41900634765625  39.450088500976562  38.145778656005859
8029    -73.77471923828125  39.781211853027344  37.747917175292969
8030    -72.147804260253906  32.453731536865234  31.845424652099609
8031    -72.180061340332031  32.407627105712891  32.506458282470703
8032    -72.069839477539062  32.321460723876953  33.128669738769531
8033    -72.480682373046875  32.339096069335938  34.570747375488281
8034    -72.461433410644531  32.631362915039062  35.400749206542969
8035    -72.437843322753906  33.052745819091797  36.194652557373047
8036    -72.425994873046875  33.336238861083984  36.672763824462891
8037    -72.351585388183594  33.865646362304688  37.353363037109375
8038    -72.61724853515625  34.323230743408203  37.678127288818359
8039    -72.342475891113281  34.634178161621094  38.071487426757812
8040    -71.966278076171875  34.176227569580078  37.811981201171875
8041    -72.437744140625  35.561847686767578  38.604625701904297
8042    -72.771903991699219  36.2803955078125  38.709438323974609
8043    -72.440010070800781  36.573066711425781  38.953666687011719
8044    -72.140129089355469  35.846172332763672  38.865856170654297
8045    -72.400177001953125  37.508033752441406  39.092296600341797
8046    -72.475288391113281  38.501800537109375  38.99615478515625
8047    -72.827651977539062  38.829700469970703  38.735542297363281
8048    -72.646827697753906  39.414020538330078  38.656661987304688
8049    -72.161247253417969  39.42034912109375  38.899726867675781
8050    -79.933738708496094  35.827938079833984  40.552021026611328
8051    -79.441642761230469  35.587642669677734  40.546348571777344
8052    -79.594268798828125  35.958641052246094  41.630416870117188
8053    -79.256973266601562  35.692501068115234  41.3623046875
8054    -79.62237548828125  36.094947814941406  42.516445159912109
8055    -79.6357421875  36.077827453613281  43.492565155029297
8056    -79.546195983886719  35.961624145507812  44.497066497802734
8057    -79.711105346679688  35.957187652587891  45.4722900390625
8058    -79.222145080566406  35.701545715332031  45.471477508544922
8059    -79.163658142089844  35.731609344482422  44.839550018310547
8060    -79.822593688964844  35.906982421875  46.467018127441406
8061    -79.337478637695312  35.640266418457031  46.465061187744141
8062    -79.970359802246094  35.822330474853516  47.457935333251953
8063    -79.478126525878906  35.566234588623047  47.457954406738281
8064    -78.6773681640625  35.130645751953125  40.536170959472656
8065    -78.737014770507812  35.433162689208984  41.623489379882812
8066    -78.649742126464844  35.368000030517578  45.473320007324219
8067    -78.736587524414062  35.511199951171875  44.500896453857422
8068    -78.6495361328125  35.239040374755859  46.46563720703125
8069    -78.557907104492188  35.03741455078125  47.508075714111328
8070    -79.149459838867188  35.752559661865234  42.019668579101562
8071    -79.114356994628906  35.774604797363281  42.518478393554688
8072    -78.620880126953125  35.457302093505859  42.521736145019531
8073    -79.098548889160156  35.780506134033203  43.494850158691406
8074    -78.596969604492188  35.48675537109375  43.498508453369141
8075    -79.126670837402344  35.756095886230469  44.180095672607422
8076    -78.110679626464844  34.799549102783203  40.523834228515625
8077    -77.594917297363281  34.471660614013672  40.519474029541016
8078    -78.030197143554688  34.863250732421875  41.535732269287109
8079    -77.543212890625  34.486774444580078  41.534427642822266
8080    -77.894302368164062  34.967502593994141  42.524951934814453
8081    -77.406929016113281  34.594764709472656  42.527046203613281
8082    -77.855575561523438  34.986579895019531  43.502201080322266
8083    -77.36712646484375  34.629478454589844  43.505851745605469
8084    -77.868118286132812  34.965251922607422  44.486850738525391
8085    -77.386611938476562  34.610214233398438  44.489559173583984
8086    -77.917709350585938  34.921138763427734  45.475730895996094
8087    -77.423988342285156  34.593635559082031  45.478233337402344
8088    -78.018791198730469  34.845668792724609  46.465999603271484
8089    -77.525749206542969  34.518596649169922  46.467060089111328
8090    -78.104911804199219  34.788433074951172  47.208774566650391
8091    -77.72967529296875  34.497783660888672  47.507854461669922
8092    -78.181533813476562  34.737659454345703  47.868633270263672
8093    -76.9434814453125  33.972568511962891  40.519985198974609
8094    -76.452537536621094  33.558979034423828  40.520648956298828
8095    -76.93768310546875  33.979202270507812  41.532154083251953
8096    -76.457695007324219  33.542938232421875  41.528278350830078
8097    -76.814727783203125  34.111251831054688  42.526466369628906
8098    -76.3121337890625  33.680335998535156  42.524730682373047
8099    -76.744094848632812  34.151496887207031  43.509006500244141
8100    -76.274528503417969  33.715930938720703  43.513862609863281
8101    -76.745368957519531  34.131664276123047  44.492771148681641
8102    -76.265296936035156  33.720462799072266  44.494331359863281
8103    -76.768424987792969  34.109264373779297  45.481357574462891
8104    -76.300895690917969  33.686412811279297  45.480953216552734
8105    -76.845649719238281  34.031364440917969  46.469303131103516
8106    -76.362060546875  33.635475158691406  46.470436096191406
8107    -76.937103271484375  33.959461212158203  47.461181640625
8108    -76.453605651855469  33.555366516113281  47.460414886474609
8109    -75.920722961425781  33.062557220458984  40.523750305175781
8110    -75.439315795898438  32.56097412109375  40.528762817382812
8111    -75.913856506347656  33.075222015380859  41.521194458007812
8112    -75.3961181640625  32.611320495605469  41.516407012939453
8113    -75.842247009277344  33.174407958984375  42.525081634521484
8114    -75.37384033203125  32.632961273193359  42.525169372558594
8115    -75.765373229980469  33.243492126464844  43.515201568603516
8116    -75.280059814453125  32.727767944335938  43.516849517822266
8117    -75.7506103515625  33.245159149169922  44.496017456054688
8118    -75.265830993652344  32.746673583984375  44.497425079345703
8119    -75.796394348144531  33.198341369628906  45.481899261474609
8120    -75.310546875  32.699771881103516  45.482189178466797
8121    -75.83929443359375  33.153011322021484  46.472888946533203
8122    -75.352691650390625  32.650127410888672  46.473464965820312
8123    -75.918182373046875  33.063774108886719  47.461433410644531
8124    -75.429489135742188  32.569103240966797  47.462448120117188
8125    -75.014999389648438  32.080787658691406  40.532691955566406
8126    -74.971122741699219  32.113182067871094  41.518527984619141
8127    -74.955291748046875  32.139919281005859  42.522686004638672
8128    -74.885086059570312  32.233543395996094  43.517219543457031
8129    -74.857994079589844  32.258098602294922  44.499526977539062
8130    -74.876068115234375  32.222431182861328  45.484535217285156
8131    -74.914161682128906  32.168937683105469  46.475128173828125
8132    -74.998214721679688  32.078395843505859  47.462493896484375
8133    -79.630752563476562  33.108509063720703  55.373516082763672
8134    -79.636375427246094  33.550159454345703  54.464282989501953
8135    -79.623199462890625  34.016338348388672  53.374927520751953
8136    -79.716560363769531  34.42919921875  52.352470397949219
8137    -79.945411682128906  33.891700744628906  54.194118499755859
8138    -79.3011474609375  33.665004730224609  53.671699523925781
8139    -79.633773803710938  35.265518188476562  49.441715240478516
8140    -79.699851989746094  35.513015747070312  48.442577362060547
8141    -79.584388732910156  35.003559112548828  50.425941467285156
8142    -79.925529479980469  34.862861633300781  51.420303344726562
8143    -79.437431335449219  34.589012145996094  51.418239593505859
8144    -79.241302490234375  34.700229644775391  50.743122100830078
8145    -80.096710205078125  34.766830444335938  51.977302551269531
8146    -80.074516296386719  35.770843505859375  48.104824066162109
8147    -78.679039001464844  32.989288330078125  54.305320739746094
8148    -78.718116760253906  33.405731201171875  53.369911193847656
8149    -79.037612915039062  32.869766235351562  55.033237457275391
8150    -78.616355895996094  32.350273132324219  55.420772552490234
8151    -78.377464294433594  32.628425598144531  54.564125061035156
8152    -79.310409545898438  32.682533264160156  55.683376312255859
8153    -78.602928161621094  34.069293975830078  51.422603607177734
8154    -78.707893371582031  34.467361450195312  50.4202880859375
8155    -78.914077758789062  33.923126220703125  52.414299011230469
8156    -78.421882629394531  33.590755462646484  52.413257598876953
8157    -78.248779296875  33.708992004394531  51.752910614013672
8158    -79.088981628417969  33.807048797607422  53.014923095703125
8159    -78.758575439453125  34.980751037597656  48.451152801513672
8160    -78.271644592285156  34.684295654296875  48.449329376220703
8161    -78.935035705566406  34.880416870117188  49.443004608154297
8162    -78.445884704589844  34.579730987548828  49.440662384033203
8163    -79.071632385253906  34.797481536865234  50.08740234375
8164    -77.741279602050781  32.245040893554688  54.282512664794922
8165    -77.97796630859375  31.974601745605469  55.131576538085938
8166    -77.656387329101562  33.047451019287109  52.345981597900391
8167    -77.715568542480469  33.44610595703125  51.423633575439453
8168    -78.025001525878906  32.889694213867188  53.404075622558594
8169    -77.535903930664062  32.489494323730469  53.402080535888672
8170    -77.322181701660156  32.672130584716797  52.631870269775391
8171    -78.165946960449219  32.782566070556641  53.905982971191406
8172    -77.657119750976562  34.285045623779297  48.452507019042969
8173    -77.622222900390625  34.031661987304688  49.37554931640625
8174    -77.917869567871094  33.94683837890625  50.428924560546875
8175    -77.434677124023438  33.5760498046875  50.425201416015625
8176    -77.267448425292969  33.706264495849609  49.662128448486328
8177    -78.0816650390625  33.826423645019531  51.091850280761719
8178    -76.722724914550781  32.267555236816406  52.329029083251953
8179    -76.96649169921875  32.009136199951172  53.404521942138672
8180    -77.128761291503906  31.860713958740234  53.999237060546875
8181    -76.680908203125  33.295082092285156  49.423328399658203
8182    -76.8201904296875  33.097637176513672  50.430122375488281
8183    -76.339424133300781  32.657814025878906  50.427436828613281
8184    -76.232330322265625  32.759025573730469  49.834445953369141
8185    -77.032363891601562  32.910907745361328  51.419960021972656
8186    -76.539642333984375  32.470966339111328  51.422023773193359
8187    -77.155914306640625  32.805789947509766  51.969398498535156
8188    -77.075485229492188  33.851081848144531  48.449661254882812
8189    -76.57916259765625  33.450641632080078  48.451126098632812
8190    -77.16033935546875  33.785236358642578  49.002754211425781
8191    -75.685272216796875  32.321403503417969  49.475852966308594
8192    -75.853179931640625  32.174125671386719  50.430019378662109
8193    -76.041915893554688  31.975210189819336  51.420024871826172
8194    -76.156387329101562  31.85377311706543  52.022491455078125
8195    -76.028968811035156  32.951091766357422  48.449314117431641
8196    -75.526336669921875  32.462497711181641  48.452629089355469
8197    -76.121063232421875  32.865726470947266  49.178695678710938
8198    -75.091293334960938  31.964950561523438  48.451374053955078
8199    -75.17779541015625  31.861358642578125  49.110767364501953
8200    -79.572807312011719  32.374008178710938  56.427345275878906
8201    -79.858528137207031  32.035419464111328  57.075557708740234
8202    -79.96759033203125  32.898582458496094  56.036716461181641
8203    -78.884757995605469  32.037746429443359  56.145599365234375
8204    -77.927597045898438  39.754417419433594  29.506868362426758
8205    -77.911643981933594  39.735038757324219  28.846128463745117
8206    -77.922637939453125  39.774875640869141  30.49458122253418
8207    -77.885757446289062  39.766185760498047  31.196393966674805
8208    -77.292724609375  39.869586944580078  27.527246475219727
8209    -77.105384826660156  39.805450439453125  26.749059677124023
8210    -77.502426147460938  39.856052398681641  28.515892028808594
8211    -77.425453186035156  39.941524505615234  29.513784408569336
8212    -77.406547546386719  39.975540161132812  30.509454727172852
8213    -77.477249145507812  39.974006652832031  31.519655227661133
8214    -76.517868041992188  39.914253234863281  26.470891952514648
8215    -76.238555908203125  39.851119995117188  25.769205093383789
8216    -76.439994812011719  40.063655853271484  27.525686264038086
8217    -76.4283447265625  40.092510223388672  28.521623611450195
8218    -76.414314270019531  40.135158538818359  29.523065567016602
8219    -76.411766052246094  40.251850128173828  30.52027702331543
8220    -76.408653259277344  40.371025085449219  31.512125015258789
8221    -75.519462585449219  39.969436645507812  25.512397766113281
8222    -75.251533508300781  39.907329559326172  25.116416931152344
8223    -75.436935424804688  40.154277801513672  26.542251586914062
8224    -75.417106628417969  40.192485809326172  27.537250518798828
8225    -75.223602294921875  40.268692016601562  28.654850006103516
8226    -75.38580322265625  40.313159942626953  29.555810928344727
8227    -75.495536804199219  40.391067504882812  30.534858703613281
8228    -75.581260681152344  40.527603149414062  31.518245697021484
8229    -74.674537658691406  40.665130615234375  29.595525741577148
8230    -74.615364074707031  40.586219787597656  29.111703872680664
8231    -74.792121887207031  40.707168579101562  30.520454406738281
8232    -74.915168762207031  40.648448944091797  31.484487533569336
8233    -74.47894287109375  40.016498565673828  25.031110763549805
8234    -74.451606750488281  40.176044464111328  25.591510772705078
8235    -74.254974365234375  40.276874542236328  26.683841705322266
8236    -74.382621765136719  40.315639495849609  27.625011444091797
8237    -74.498687744140625  40.439655303955078  28.437309265136719
8238    -73.808761596679688  41.192779541015625  27.752920150756836
8239    -73.675437927246094  40.654747009277344  27.176181793212891
8240    -74.259971618652344  41.174411773681641  28.696149826049805
8241    -74.426597595214844  41.388153076171875  29.555051803588867
8242    -74.459732055664062  41.444957733154297  30.484865188598633
8243    -74.337745666503906  41.324951171875  31.440423965454102
8244    -73.942337036132812  42.109615325927734  28.56396484375
8245    -73.78619384765625  41.905635833740234  28.071939468383789
8246    -74.032196044921875  42.267684936523438  29.526115417480469
8247    -74.067947387695312  42.254905700683594  30.475368499755859
8248    -73.928146362304688  42.017978668212891  31.430410385131836
8249    -73.486701965332031  40.081832885742188  25.00537109375
8250    -73.349494934082031  40.339702606201172  25.776901245117188
8251    -73.519050598144531  40.400177001953125  26.494775772094727
8252    -73.131942749023438  41.123992919921875  26.841720581054688
8253    -72.819808959960938  40.731479644775391  26.299745559692383
8254    -73.547950744628906  41.575462341308594  27.470476150512695
8255    -73.341377258300781  42.3997802734375  27.590906143188477
8256    -72.970550537109375  42.179279327392578  26.994482040405273
8257    -73.673263549804688  42.608745574951172  28.552251815795898
8258    -73.732017517089844  42.745429992675781  29.517618179321289
8259    -73.692878723144531  42.703990936279297  30.461318969726562
8260    -73.5565185546875  42.541538238525391  31.429817199707031
8261    -73.167930603027344  43.136436462402344  28.552633285522461
8262    -72.985725402832031  42.986263275146484  27.801445007324219
8263    -73.273384094238281  43.187480926513672  29.508325576782227
8264    -73.230743408203125  43.110103607177734  30.459108352661133
8265    -73.046195983886719  42.953411102294922  31.411750793457031
8266    -72.486091613769531  40.166114807128906  25.000001907348633
8267    -72.400665283203125  40.496006011962891  25.56346321105957
8268    -72.313385009765625  41.283779144287109  26.042879104614258
8269    -72.576889038085938  41.597396850585938  26.436784744262695
8270    -72.415435791015625  42.497470855712891  26.590860366821289
8271    -72.001922607421875  42.165508270263672  26.111722946166992
8272    -72.781600952148438  42.798915863037109  27.193641662597656
8273    -72.395851135253906  43.363037109375  27.547267913818359
8274    -72.179008483886719  43.092132568359375  26.834995269775391
8275    -72.564979553222656  43.598064422607422  28.547723770141602
8276    -72.643600463867188  43.655216217041016  29.501550674438477
8277    -72.548934936523438  43.587543487548828  30.455961227416992
8278    -72.320320129394531  43.478504180908203  31.392202377319336
8279    -72.088462829589844  43.899349212646484  28.541566848754883
8280    -71.951339721679688  43.817680358886719  27.942693710327148
8281    -72.169509887695312  43.936298370361328  29.498489379882812
8282    -72.069915771484375  43.865531921386719  30.455949783325195
8283    -71.949310302734375  43.798301696777344  31.051164627075195
8284    -77.261062622070312  40.023143768310547  32.467987060546875
8285    -77.033279418945312  39.936725616455078  33.431304931640625
8286    -76.875869750976562  39.851730346679688  33.997066497802734
8287    -76.401496887207031  40.452053070068359  32.495048522949219
8288    -76.384933471679688  40.390735626220703  33.465950012207031
8289    -76.370758056640625  40.125846862792969  34.378688812255859
8290    -76.021438598632812  39.995697021484375  35.144115447998047
8291    -75.677375793457031  40.646930694580078  32.507987976074219
8292    -75.733047485351562  40.703079223632812  33.482448577880859
8293    -75.6256103515625  40.640727996826172  34.446071624755859
8294    -75.37530517578125  40.375503540039062  35.45379638671875
8295    -75.111953735351562  40.109714508056641  36.168678283691406
8296    -75.135475158691406  40.758663177490234  32.494918823242188
8297    -75.242729187011719  40.867034912109375  33.493690490722656
8298    -75.139610290527344  40.893852233886719  34.468410491943359
8299    -74.9688720703125  40.836605072021484  35.122306823730469
8300    -74.470497131347656  40.481277465820312  36.526371002197266
8301    -74.7581787109375  40.730033874511719  35.745597839355469
8302    -74.155517578125  40.197719573974609  37.128242492675781
8303    -74.110343933105469  41.120674133300781  32.332786560058594
8304    -74.354499816894531  41.061786651611328  33.482151031494141
8305    -74.400421142578125  41.195838928222656  34.490646362304688
8306    -74.42236328125  41.058746337890625  35.453338623046875
8307    -74.105712890625  40.957157135009766  36.227581024169922
8308    -73.823616027832031  41.823955535888672  31.949661254882812
8309    -73.505500793457031  40.500957489013672  37.466217041015625
8310    -73.82867431640625  40.798057556152344  36.838569641113281
8311    -73.136383056640625  40.147449493408203  37.978801727294922
8312    -73.282402038574219  41.378631591796875  33.453453063964844
8313    -73.6298828125  41.589427947998047  32.610462188720703
8314    -73.348587036132812  41.571540832519531  34.521324157714844
8315    -73.4937744140625  41.601371765136719  35.473293304443359
8316    -73.401939392089844  41.354366302490234  36.455181121826172
8317    -73.204803466796875  41.070629119873047  37.150951385498047
8318    -73.279350280761719  42.237960815429688  32.286262512207031
8319    -72.930137634277344  41.830142974853516  33.067981719970703
8320    -72.981552124023438  41.817771911621094  35.487312316894531
8321    -72.968170166015625  41.785575866699219  34.877918243408203
8322    -72.907020568847656  41.779037475585938  36.031578063964844
8323    -72.898735046386719  42.842647552490234  31.95073127746582
8324    -72.384437561035156  40.374519348144531  38.314384460449219
8325    -72.791725158691406  40.770893096923828  37.757682800292969
8326    -71.94256591796875  39.937515258789062  38.788970947265625
8327    -72.740882873535156  41.628223419189453  34.193943023681641
8328    -72.701461791992188  41.589988708496094  33.832271575927734
8329    -72.44342041015625  41.375450134277344  37.411567687988281
8330    -72.71380615234375  41.696727752685547  36.647895812988281
8331    -72.152572631835938  41.019557952880859  37.974281311035156
8332    -72.282211303710938  42.147186279296875  33.326953887939453
8333    -72.578231811523438  42.612022399902344  32.604854583740234
8334    -72.351593017578125  41.853351593017578  34.521572113037109
8335    -72.386993408203125  42.124042510986328  35.495285034179688
8336    -72.382003784179688  41.962272644042969  36.376575469970703
8337    -72.064765930175781  41.882965087890625  37.027004241943359
8338    -72.316001892089844  43.017658233642578  32.328548431396484
8339    -71.928291320800781  42.813667297363281  32.887001037597656
8340    -71.491111755371094  5.4885082244873047  48.119533538818359
8341    -71.537345886230469  4.4624123573303223  48.1085205078125
8342    -71.564048767089844  6.4776062965393066  48.214748382568359
8343    -71.938735961914062  7.0470294952392578  48.262767791748047
8344    -71.170257568359375  3.5687403678894043  48.132102966308594
8345    -70.502037048339844  3.5169897079467773  47.9632568359375
8346    -70.495452880859375  3.0469846725463867  48.073482513427734
8347    -70.931564331054688  3.1730039119720459  48.210506439208984
8348    -70.514373779296875  4.4967789649963379  47.960250854492188
8349    -70.534317016601562  5.4577183723449707  48.147308349609375
8350    -70.857048034667969  6.1354885101318359  48.239959716796875
8351    -70.000534057617188  3.5317182540893555  48.097312927246094
8352    -70.051872253417969  3.0952348709106445  48.141456604003906
8353    -70.02398681640625  4.4903445243835449  48.152999877929688
8354    -70.08782958984375  5.1156225204467773  48.229091644287109
8355    -71.433189392089844  2.8148760795593262  49.554428100585938
8356    -71.324234008789062  3.047438383102417  48.674106597900391
8357    -71.434547424316406  2.7180066108703613  50.509529113769531
8358    -71.451499938964844  2.7665507793426514  51.453025817871094
8359    -71.463996887207031  3.0621051788330078  52.281814575195312
8360    -71.622886657714844  3.6156857013702393  48.396755218505859
8361    -71.477210998535156  3.2862026691436768  52.738792419433594
8362    -71.495071411132812  3.7244021892547607  53.335575103759766
8363    -71.851005554199219  4.1533694267272949  48.259777069091797
8364    -71.510543823242188  4.1998882293701172  53.776161193847656
8365    -71.52362060546875  4.6538653373718262  54.100811004638672
8366    -71.498489379882812  5.6358895301818848  54.597393035888672
8367    -71.800765991210938  5.9803295135498047  54.789897918701172
8368    -71.164527893066406  6.2099666595458984  54.716037750244141
8369    -71.521316528320312  6.5345554351806641  54.872386932373047
8370    -71.608154296875  7.3867015838623047  48.378833770751953
8371    -71.293861389160156  6.7870855331420898  48.305950164794922
8372    -71.584259033203125  7.5049862861633301  54.994827270507812
8373    -70.499076843261719  2.7151491641998291  48.515869140625
8374    -70.488700866699219  2.6306850910186768  49.565158843994141
8375    -70.470932006835938  2.5188231468200684  50.514240264892578
8376    -70.475669860839844  2.5755932331085205  51.440692901611328
8377    -70.497383117675781  2.9557168483734131  52.305366516113281
8378    -70.519279479980469  3.2853221893310547  52.740203857421875
8379    -70.529365539550781  3.7151212692260742  53.256435394287109
8380    -70.548957824707031  4.2887601852416992  53.701988220214844
8381    -70.547843933105469  4.7322845458984375  54.017795562744141
8382    -70.577613830566406  5.5824756622314453  54.35211181640625
8383    -70.567695617675781  6.447418212890625  48.370277404785156
8384    -70.244728088378906  5.763608455657959  48.275577545166016
8385    -70.669288635253906  6.5103507041931152  54.589729309082031
8386    -71.056190490722656  6.8247494697570801  54.752166748046875
8387    -70.594078063964844  7.4162888526916504  48.686069488525391
8388    -70.578109741210938  7.4666233062744141  54.544307708740234
8389    -71.072296142578125  7.4839611053466797  54.778881072998047
8390    -69.829833984375  2.8975114822387695  48.549228668212891
8391    -69.539566040039062  2.7957038879394531  49.551078796386719
8392    -69.430961608886719  2.3487777709960938  50.633884429931641
8393    -69.422470092773438  2.4096205234527588  51.331699371337891
8394    -69.007148742675781  2.2856979370117188  50.923122406005859
8395    -69.014076232910156  2.2879548072814941  51.032501220703125
8396    -69.53863525390625  2.9530494213104248  52.174777984619141
8397    -69.521484375  3.5806777477264404  48.696422576904297
8398    -69.295143127441406  3.3471059799194336  49.262363433837891
8399    -69.563072204589844  3.3765251636505127  52.639083862304688
8400    -69.569129943847656  3.8426651954650879  53.082069396972656
8401    -69.573333740234375  4.502260684967041  48.584781646728516
8402    -69.537452697753906  4.6086692810058594  53.579635620117188
8403    -69.828987121582031  4.9128246307373047  53.875728607177734
8404    -69.733169555664062  5.4584884643554688  48.561119079589844
8405    -69.196578979492188  5.2338042259216309  53.732921600341797
8406    -69.546470642089844  5.5468597412109375  53.974456787109375
8407    -69.62725830078125  6.4445915222167969  48.793411254882812
8408    -69.612770080566406  6.5040192604064941  54.113887786865234
8409    -69.659027099609375  7.3342676162719727  49.076164245605469
8410    -69.623085021972656  7.3787527084350586  53.995677947998047
8411    -69.086082458496094  2.2948989868164062  50.920764923095703
8412    -69.091178894042969  2.2971391677856445  51.045093536376953
8413    -68.518226623535156  2.4527692794799805  50.521915435791016
8414    -68.802680969238281  2.9001674652099609  49.856800079345703
8415    -68.561241149902344  2.5342502593994141  51.441036224365234
8416    -68.838104248046875  3.0490736961364746  51.995994567871094
8417    -68.666580200195312  3.6135473251342773  49.691364288330078
8418    -69.190299987792969  3.9308631420135498  49.16192626953125
8419    -68.218673706054688  3.3069744110107422  50.198822021484375
8420    -68.255775451660156  3.2567880153656006  51.763889312744141
8421    -68.574607849121094  3.6361079216003418  52.344577789306641
8422    -68.923820495605469  4.0241236686706543  52.897151947021484
8423    -69.148933410644531  4.5217227935791016  49.135898590087891
8424    -68.635536193847656  4.5322394371032715  49.657741546630859
8425    -68.28509521484375  4.2855467796325684  52.693107604980469
8426    -68.597404479980469  4.5913748741149902  53.120292663574219
8427    -69.046760559082031  5.4966030120849609  49.090164184570312
8428    -68.584465026855469  5.5188827514648438  49.583583831787109
8429    -68.664703369140625  5.5356736183166504  53.562370300292969
8430    -69.048072814941406  5.8426828384399414  53.796211242675781
8431    -69.070343017578125  6.4607372283935547  49.162376403808594
8432    -68.555557250976562  6.4769926071166992  49.491214752197266
8433    -68.548812866210938  6.4701604843139648  53.531005859375
8434    -69.049041748046875  6.4855971336364746  53.814491271972656
8435    -69.124847412109375  6.9724955558776855  49.219707489013672
8436    -68.6458740234375  7.3936343193054199  49.6712646484375
8437    -69.356346130371094  7.5988821983337402  49.342720031738281
8438    -68.675582885742188  7.3731584548950195  53.3321533203125
8439    -69.117805480957031  7.0069699287414551  53.787380218505859
8440    -69.294845581054688  7.632805347442627  53.688026428222656
8441    -67.967521667480469  2.8508012294769287  51.238124847412109
8442    -67.942985534667969  2.8232402801513672  50.737308502197266
8443    -67.920234680175781  3.5757896900177002  50.501941680908203
8444    -68.201194763183594  3.9106004238128662  50.164833068847656
8445    -67.864791870117188  3.562706470489502  51.508583068847656
8446    -68.019187927246094  3.92940354347229  52.047954559326172
8447    -68.188796997070312  4.5499930381774902  50.168624877929688
8448    -67.748855590820312  4.6800928115844727  50.781009674072266
8449    -67.358833312988281  4.3869633674621582  51.509414672851562
8450    -67.547737121582031  4.5549230575561523  52.477870941162109
8451    -67.861404418945312  4.9021320343017578  52.923488616943359
8452    -68.027671813964844  5.5388393402099609  50.079982757568359
8453    -67.530632019042969  5.555595874786377  50.512569427490234
8454    -67.207252502441406  5.3498425483703613  52.77410888671875
8455    -67.558670043945312  5.6042771339416504  53.000160217285156
8456    -67.901100158691406  6.4800682067871094  49.984512329101562
8457    -67.400566101074219  6.4773006439208984  50.381553649902344
8458    -67.622932434082031  6.3640708923339844  53.015617370605469
8459    -68.002182006835938  7.1627154350280762  50.054054260253906
8460    -67.634452819824219  7.4377017021179199  50.554943084716797
8461    -68.233177185058594  7.7569971084594727  50.243965148925781
8462    -67.672767639160156  7.3635597229003906  52.392890930175781
8463    -67.989852905273438  7.0877180099487305  52.936962127685547
8464    -67.318252563476562  6.5848183631896973  52.667266845703125
8465    -68.273155212402344  7.7120161056518555  52.700077056884766
8466    -66.839988708496094  4.845879077911377  51.525543212890625
8467    -67.147514343261719  5.0434002876281738  51.102787017822266
8468    -66.850357055664062  4.8881258964538574  52.208133697509766
8469    -66.93658447265625  5.545863151550293  50.925834655761719
8470    -66.388320922851562  5.5322365760803223  51.594039916992188
8471    -66.566635131835938  5.5492410659790039  52.45257568359375
8472    -67.161705017089844  5.93817138671875  52.770626068115234
8473    -66.874046325683594  6.4693360328674316  50.823040008544922
8474    -66.402687072753906  6.3914585113525391  51.565982818603516
8475    -66.732894897460938  6.2987232208251953  52.330570220947266
8476    -67.167648315429688  5.9746589660644531  52.773281097412109
8477    -67.040901184082031  7.0437908172607422  50.937473297119141
8478    -66.949287414550781  7.1071772575378418  51.501083374023438
8479    -67.438316345214844  7.5687823295593262  51.494739532470703
8480    -67.063758850097656  6.9790081977844238  52.0596923828125
8481    -66.17645263671875  5.8682370185852051  51.943824768066406
8482    -66.175704956054688  5.8631401062011719  51.947555541992188
8483    -66.204017639160156  5.9616661071777344  51.953739166259766
8484    -66.196380615234375  5.9502744674682617  51.928413391113281
8485    -72.264755249023438  11.020306587219238  25.900436401367188
8486    -72.278884887695312  11.007894515991211  25.934986114501953
8487    -72.283515930175781  10.997818946838379  25.945903778076172
8488    -72.269729614257812  11.005331039428711  25.911907196044922
8489    -72.181076049804688  13.919281959533691  45.515678405761719
8490    -72.234161376953125  13.98924446105957  44.825672149658203
8491    -72.166595458984375  13.881210327148438  46.504730224609375
8492    -72.152412414550781  13.895244598388672  47.493614196777344
8493    -72.201995849609375  14.319884300231934  44.812477111816406
8494    -72.184600830078125  14.571380615234375  45.434879302978516
8495    -72.09539794921875  14.491737365722656  46.507274627685547
8496    -72.037895202636719  14.496476173400879  47.500785827636719
8497    -72.296127319335938  15.020087242126465  45.718055725097656
8498    -72.312278747558594  15.106117248535156  46.513702392578125
8499    -72.273208618164062  15.148892402648926  47.501930236816406
8500    -71.584495544433594  8.4260025024414062  48.641971588134766
8501    -71.614837646484375  8.3531999588012695  54.907115936279297
8502    -71.650077819824219  9.3541584014892578  48.993850708007812
8503    -71.566909790039062  9.5037641525268555  54.412681579589844
8504    -71.946502685546875  9.1747264862060547  54.883216857910156
8505    -71.288352966308594  8.5915536880493164  54.696002960205078
8506    -72.036972045898438  10.003745079040527  49.141075134277344
8507    -71.690849304199219  10.3258056640625  49.657764434814453
8508    -71.382591247558594  9.6132593154907227  49.39385986328125
8509    -71.42742919921875  10.372390747070312  53.481891632080078
8510    -71.912368774414062  10.356236457824707  54.081718444824219
8511    -71.202789306640625  9.8158445358276367  53.814834594726562
8512    -72.03497314453125  11.000012397766113  49.955329895019531
8513    -71.855491638183594  11.163093566894531  50.57855224609375
8514    -71.35491943359375  10.638991355895996  50.584667205810547
8515    -71.761421203613281  11.251326560974121  51.515121459960938
8516    -71.248123168945312  10.754693031311035  51.513343811035156
8517    -71.812431335449219  11.231809616088867  52.447891235351562
8518    -71.292999267578125  10.70479679107666  52.447105407714844
8519    -71.982933044433594  11.059268951416016  53.408397674560547
8520    -72.16015625  10.869462966918945  53.880332946777344
8521    -72.174766540527344  13.965000152587891  48.478946685791016
8522    -72.240119934082031  14.047698020935059  49.090518951416016
8523    -72.090858459472656  14.500670433044434  48.489631652832031
8524    -72.208427429199219  14.59369945526123  49.445339202880859
8525    -72.275665283203125  14.957489013671875  49.978565216064453
8526    -72.220413208007812  15.131707191467285  48.490558624267578
8527    -72.232841491699219  15.061211585998535  49.481353759765625
8528    -72.279701232910156  14.996847152709961  49.985733032226562
8529    -70.642341613769531  8.3550357818603516  49.020942687988281
8530    -70.650924682617188  8.3899707794189453  54.338108062744141
8531    -71.139625549316406  7.9565615653991699  54.742832183837891
8532    -71.019454956054688  8.9715805053710938  49.150455474853516
8533    -70.696556091308594  9.2955045700073242  49.684028625488281
8534    -70.353691101074219  8.6304950714111328  49.361812591552734
8535    -70.608108520507812  9.4230098724365234  53.483669281005859
8536    -70.871871948242188  9.193821907043457  54.052669525146484
8537    -70.224021911621094  8.7845420837402344  53.759056091308594
8538    -71.042457580566406  9.958282470703125  50.006149291992188
8539    -70.874366760253906  10.124706268310547  50.592586517333984
8540    -70.336647033691406  9.6542186737060547  50.581348419189453
8541    -70.735694885253906  10.258944511413574  51.512569427490234
8542    -70.225730895996094  9.7554769515991211  51.511665344238281
8543    -70.796623229980469  10.202532768249512  52.443305969238281
8544    -70.294258117675781  9.6972942352294922  52.436794281005859
8545    -70.9630126953125  10.046090126037598  53.221546173095703
8546    -70.019210815429688  7.9769892692565918  49.176799774169922
8547    -69.648345947265625  8.351780891418457  49.657829284667969
8548    -69.608787536621094  8.4468250274658203  53.424560546875
8549    -69.962944030761719  8.1596031188964844  53.924339294433594
8550    -69.947113037109375  8.9812097549438477  49.977794647216797
8551    -69.653236389160156  9.080230712890625  50.626541137695312
8552    -69.302619934082031  8.6912450790405273  50.350368499755859
8553    -69.669471740722656  9.309962272644043  51.507877349853516
8554    -69.625511169433594  9.1450376510620117  52.401630401611328
8555    -69.938880920410156  9.0274600982666016  53.152252197265625
8556    -69.27099609375  8.7178115844726562  52.6741943359375
8557    -68.879310607910156  8.0600452423095703  49.973243713378906
8558    -68.64984130859375  8.3325881958007812  50.5804443359375
8559    -68.689506530761719  8.3266258239746094  52.390453338623047
8560    -68.940155029296875  8.0854349136352539  53.055290222167969
8561    -69.105934143066406  8.8268918991088867  50.946109771728516
8562    -69.063827514648438  8.8765125274658203  51.500583648681641
8563    -68.560768127441406  8.4971160888671875  51.495685577392578
8564    -69.129173278808594  8.8258752822875977  52.064826965332031
8565    -67.992347717285156  7.9681696891784668  50.818916320800781
8566    -67.944816589355469  8.0048589706420898  51.493438720703125
8567    -68.060173034667969  7.9075961112976074  52.094482421875
8568    -72.247261047363281  22.511014938354492  40.070022583007812
8569    -72.268974304199219  21.96942138671875  40.109066009521484
8570    -72.254173278808594  23.495475769042969  40.048442840576172
8571    -72.180854797363281  16.945789337158203  44.540107727050781
8572    -72.266510009765625  17.050802230834961  43.923091888427734
8573    -72.066261291503906  16.813461303710938  45.525386810302734
8574    -72.043624877929688  16.757423400878906  46.509021759033203
8575    -72.059455871582031  16.778863906860352  47.489921569824219
8576    -72.094680786132812  17.562004089355469  43.581130981445312
8577    -72.178703308105469  17.872514724731445  42.777027130126953
8578    -71.854347229003906  17.588842391967773  44.539302825927734
8579    -71.716682434082031  17.595355987548828  45.528736114501953
8580    -71.621620178222656  17.596574783325195  46.512374877929688
8581    -71.595970153808594  17.596912384033203  47.494533538818359
8582    -72.02532958984375  18.497898101806641  42.495128631591797
8583    -72.161819458007812  18.779520034790039  41.835948944091797
8584    -71.740615844726562  18.576999664306641  43.557445526123047
8585    -71.565467834472656  18.578628540039062  44.545619964599609
8586    -71.385108947753906  18.649221420288086  45.579788208007812
8587    -71.354408264160156  18.450347900390625  46.517158508300781
8588    -71.351234436035156  18.376523971557617  47.498329162597656
8589    -72.06439208984375  19.53309440612793  41.540977478027344
8590    -72.199546813964844  19.8414306640625  40.981357574462891
8591    -71.730422973632812  19.55853271484375  42.571323394775391
8592    -71.506317138671875  19.557706832885742  43.557445526123047
8593    -71.352226257324219  19.541858673095703  44.494373321533203
8594    -71.307723999023438  19.200872421264648  45.286159515380859
8595    -72.128288269042969  20.54334831237793  40.803104400634766
8596    -71.831649780273438  20.538875579833984  41.585193634033203
8597    -71.558738708496094  20.539663314819336  42.570697784423828
8598    -71.338035583496094  20.493818283081055  43.555580139160156
8599    -71.298736572265625  20.141132354736328  44.1317138671875
8600    -72.10577392578125  21.591531753540039  40.537025451660156
8601    -71.729629516601562  21.519071578979492  41.585781097412109
8602    -71.452285766601562  21.518123626708984  42.568885803222656
8603    -71.301704406738281  21.517734527587891  43.222282409667969
8604    -72.043815612792969  22.505344390869141  40.594581604003906
8605    -71.716064453125  22.500503540039062  41.586593627929688
8606    -71.427032470703125  22.496789932250977  42.567577362060547
8607    -71.308357238769531  22.494661331176758  43.163425445556641
8608    -72.060386657714844  23.490280151367188  40.592380523681641
8609    -71.732818603515625  23.484893798828125  41.576019287109375
8610    -71.479667663574219  23.478307723999023  42.563243865966797
8611    -71.320640563964844  23.474233627319336  43.327522277832031
8612    -71.251304626464844  18.939586639404297  46.518779754638672
8613    -71.278678894042969  19.029680252075195  45.943439483642578
8614    -71.233047485351562  18.856910705566406  47.500247955322266
8615    -71.207122802734375  19.53410530090332  45.578804016113281
8616    -71.251510620117188  19.855106353759766  44.786098480224609
8617    -71.128128051757812  19.547018051147461  46.515956878662109
8618    -71.095474243164062  19.544376373291016  47.498855590820312
8619    -71.194694519042969  20.492170333862305  44.489151000976562
8620    -71.251411437988281  20.791658401489258  43.886798858642578
8621    -71.077423095703125  20.532005310058594  45.526363372802734
8622    -70.994850158691406  20.525177001953125  46.511398315429688
8623    -70.981887817382812  20.520780563354492  47.495887756347656
8624    -71.214759826660156  21.516702651977539  43.716495513916016
8625    -71.089920043945312  21.513408660888672  44.535865783691406
8626    -70.988494873046875  21.508842468261719  45.51971435546875
8627    -70.939559936523438  21.504793167114258  46.507057189941406
8628    -70.942893981933594  21.501461029052734  47.492340087890625
8629    -71.216911315917969  22.492961883544922  43.6541748046875
8630    -71.080169677734375  22.491531372070312  44.533073425292969
8631    -71.012222290039062  22.489223480224609  45.517250061035156
8632    -70.966293334960938  22.486286163330078  46.50360107421875
8633    -70.977104187011719  22.481376647949219  47.487514495849609
8634    -71.234138488769531  23.473337173461914  43.819320678710938
8635    -71.152816772460938  23.47016716003418  44.530929565429688
8636    -71.077987670898438  23.466331481933594  45.514865875244141
8637    -71.046371459960938  23.463930130004883  46.499565124511719
8638    -71.078117370605469  23.459009170532227  47.482372283935547
8639    -72.129196166992188  16.846916198730469  48.474212646484375
8640    -72.2408447265625  16.954904556274414  49.451644897460938
8641    -72.30169677734375  17.060466766357422  50.035694122314453
8642    -71.673210144042969  17.60566520690918  48.475887298583984
8643    -71.830757141113281  17.612266540527344  49.455406188964844
8644    -72.05584716796875  17.579473495483398  50.396434783935547
8645    -72.129524230957031  17.888681411743164  51.223731994628906
8646    -71.364295959472656  18.450246810913086  48.475471496582031
8647    -71.404869079589844  18.655464172363281  49.39697265625
8648    -71.635284423828125  18.57758903503418  50.438587188720703
8649    -71.979133605957031  18.498149871826172  51.4990234375
8650    -72.120559692382812  18.766391754150391  52.124118804931641
8651    -71.316703796386719  19.303468704223633  49.679447174072266
8652    -71.4061279296875  19.594606399536133  50.367568969726562
8653    -71.689521789550781  19.546962738037109  51.417621612548828
8654    -72.057327270507812  19.593746185302734  52.433910369873047
8655    -72.275146484375  19.959936141967773  52.908473968505859
8656    -71.351676940917969  20.516996383666992  50.578662872314453
8657    -71.578193664550781  20.519609451293945  51.418434143066406
8658    -71.923355102539062  20.522684097290039  52.40155029296875
8659    -72.206146240234375  20.527189254760742  53.0009765625
8660    -71.347908020019531  21.491739273071289  50.602855682373047
8661    -71.545127868652344  21.494646072387695  51.425987243652344
8662    -71.879409790039062  21.49867057800293  52.405345916748047
8663    -72.174919128417969  21.501522064208984  53.068489074707031
8664    -71.3685302734375  22.478601455688477  50.388862609863281
8665    -71.641807556152344  22.469377517700195  51.420921325683594
8666    -71.940948486328125  22.473575592041016  52.407321929931641
8667    -72.178817749023438  22.476812362670898  53.032260894775391
8668    -71.339866638183594  23.492767333984375  49.491645812988281
8669    -71.54083251953125  23.446964263916016  50.431926727294922
8670    -71.300529479980469  22.808013916015625  49.848598480224609
8671    -71.787132263183594  23.450050354003906  51.424575805664062
8672    -72.112373352050781  23.451696395874023  52.453296661376953
8673    -72.232612609863281  23.128713607788086  52.945034027099609
8674    -71.225547790527344  18.922609329223633  48.479709625244141
8675    -71.276641845703125  19.028499603271484  49.030006408691406
8676    -71.129432678222656  19.541297912597656  48.479179382324219
8677    -71.237518310546875  19.591890335083008  49.396934509277344
8678    -71.270545959472656  19.945880889892578  49.999233245849609
8679    -71.025344848632812  20.518596649169922  48.478256225585938
8680    -71.127708435058594  20.516899108886719  49.460235595703125
8681    -71.237823486328125  20.516010284423828  50.088920593261719
8682    -70.992874145507812  21.497308731079102  48.476203918457031
8683    -71.12640380859375  21.493309020996094  49.45526123046875
8684    -71.238975524902344  21.491571426391602  50.10968017578125
8685    -71.045173645019531  22.476200103759766  48.469917297363281
8686    -71.191474914550781  22.480607986450195  49.497116088867188
8687    -71.254478454589844  22.159439086914062  50.028453826904297
8688    -71.190879821777344  23.496782302856445  48.486930847167969
8689    -71.23748779296875  23.19767951965332  49.194995880126953
8690    -71.30450439453125  23.847639083862305  48.8265380859375
8691    -71.426742553710938  31.804353713989258  28.53892707824707
8692    -71.434669494628906  32.040599822998047  27.581968307495117
8693    -71.422828674316406  31.686233520507812  29.511468887329102
8694    -71.430206298828125  31.69841194152832  30.482433319091797
8695    -71.47021484375  32.037918090820312  31.487215042114258
8696    -70.472000122070312  31.794267654418945  27.55999755859375
8697    -71.103515625  32.172756195068359  26.936416625976562
8698    -70.462608337402344  32.084926605224609  26.731113433837891
8699    -70.475990295410156  31.582944869995117  28.539308547973633
8700    -70.477760314941406  31.471342086791992  29.514415740966797
8701    -70.473846435546875  31.436595916748047  30.486007690429688
8702    -70.466323852539062  31.540365219116211  31.463481903076172
8703    -69.531333923339844  31.79473876953125  27.551959991455078
8704    -69.518013000488281  32.051231384277344  26.631801605224609
8705    -69.546661376953125  31.630834579467773  28.531038284301758
8706    -69.557838439941406  31.566566467285156  29.514902114868164
8707    -69.549720764160156  31.522222518920898  30.495145797729492
8708    -69.536514282226562  31.550014495849609  31.470169067382812
8709    -68.634292602539062  32.036216735839844  27.538656234741211
8710    -68.795783996582031  32.127204895019531  26.791818618774414
8711    -68.513870239257812  32.018836975097656  28.480409622192383
8712    -68.609199523925781  31.920310974121094  29.511299133300781
8713    -68.604232788085938  31.878774642944336  30.500541687011719
8714    -68.607856750488281  31.926351547241211  31.478176116943359
8715    -68.150764465332031  32.207756042480469  29.511753082275391
8716    -68.187309265136719  32.243301391601562  28.781269073486328
8717    -68.117782592773438  32.1910400390625  30.506526947021484
8718    -68.117942810058594  32.205913543701172  31.484767913818359
8719    -72.256378173828125  24.117605209350586  40.06365966796875
8720    -71.929656982421875  32.252342224121094  34.086280822753906
8721    -71.572715759277344  32.414810180664062  33.395900726318359
8722    -70.465415954589844  31.828231811523438  32.4398193359375
8723    -71.281288146972656  32.286647796630859  32.432926177978516
8724    -70.479995727539062  32.202960968017578  33.104331970214844
8725    -69.525802612304688  31.759994506835938  32.431324005126953
8726    -69.519302368164062  32.046886444091797  33.158157348632812
8727    -68.566368103027344  32.022071838378906  32.384002685546875
8728    -68.870796203613281  32.125556945800781  33.0570068359375
8729    -68.137619018554688  32.223564147949219  32.021709442138672
8730    -72.131523132324219  24.453395843505859  40.521881103515625
8731    -71.830291748046875  24.466733932495117  41.574832916259766
8732    -71.591773986816406  24.460788726806641  42.557102203369141
8733    -71.38427734375  24.383548736572266  43.609298706054688
8734    -72.165184020996094  25.453697204589844  40.809318542480469
8735    -71.975166320800781  25.448175430297852  41.566143035888672
8736    -71.764678955078125  25.441934585571289  42.551033020019531
8737    -71.616226196289062  25.435714721679688  43.536647796630859
8738    -71.507820129394531  25.431730270385742  44.520809173583984
8739    -71.344573974609375  24.636907577514648  44.52630615234375
8740    -71.45770263671875  25.426015853881836  45.506477355957031
8741    -71.303924560546875  24.803157806396484  45.510627746582031
8742    -71.4625244140625  25.419025421142578  46.491352081298828
8743    -71.302413940429688  24.831840515136719  46.4940185546875
8744    -71.510948181152344  25.419940948486328  47.475193023681641
8745    -71.328712463378906  24.719133377075195  47.474781036376953
8746    -72.249397277832031  26.036615371704102  40.996181488037109
8747    -72.171974182128906  26.390756607055664  41.625492095947266
8748    -72.004005432128906  26.426845550537109  42.54443359375
8749    -71.879158020019531  26.41612434387207  43.531890869140625
8750    -71.786514282226562  26.413185119628906  44.515777587890625
8751    -71.743904113769531  26.413003921508789  45.501674652099609
8752    -71.7723388671875  26.406528472900391  46.488246917724609
8753    -71.826644897460938  26.410531997680664  47.475933074951172
8754    -72.261756896972656  26.938753128051758  41.998764038085938
8755    -72.211090087890625  27.070075988769531  42.545120239257812
8756    -72.144439697265625  27.253372192382812  43.527904510498047
8757    -72.103836059570312  27.33099365234375  44.511081695556641
8758    -72.091407775878906  27.330348968505859  45.498275756835938
8759    -72.109748840332031  27.289567947387695  46.485633850097656
8760    -72.140953063964844  27.19097900390625  47.472831726074219
8761    -71.280349731445312  24.003250122070312  43.988704681396484
8762    -71.245147705078125  24.146860122680664  44.528739929199219
8763    -71.195556640625  24.313953399658203  45.512699127197266
8764    -71.195960998535156  24.343441009521484  46.496120452880859
8765    -71.213859558105469  24.230985641479492  47.477703094482422
8766    -71.359321594238281  24.410991668701172  48.485702514648438
8767    -71.539512634277344  24.431186676025391  49.446262359619141
8768    -71.749931335449219  24.431716918945312  50.433864593505859
8769    -72.056617736816406  24.520990371704102  51.514087677001953
8770    -72.198173522949219  24.247621536254883  52.155548095703125
8771    -71.642509460449219  25.417186737060547  48.459625244140625
8772    -71.808265686035156  25.417633056640625  49.446468353271484
8773    -72.061820983886719  25.487659454345703  50.496719360351562
8774    -72.183883666992188  25.200124740600586  51.240550994873047
8775    -71.963546752929688  26.404666900634766  48.461280822753906
8776    -72.129997253417969  26.4193115234375  49.392463684082031
8777    -72.198966979980469  26.100914001464844  50.205177307128906
8778    -72.209632873535156  27.027175903320312  48.459190368652344
8779    -72.255233764648438  26.921688079833984  49.027004241943359
8780    -71.253005981445312  24.064723968505859  48.172466278076172
8781    -71.422714233398438  32.44036865234375  26.608154296875
8782    -71.410408020019531  32.937862396240234  25.802230834960938
8783    -71.735069274902344  32.304496765136719  27.292814254760742
8784    -71.862937927246094  32.403167724609375  31.83244514465332
8785    -71.417854309082031  33.326313018798828  25.343009948730469
8786    -71.460594177246094  33.745029449462891  25.05854606628418
8787    -71.483840942382812  34.52899169921875  25.010593414306641
8788    -71.495674133300781  35.50701904296875  25.012025833129883
8789    -71.500572204589844  36.500919342041016  25.00837516784668
8790    -71.500503540039062  37.499923706054688  25.006156921386719
8791    -71.500473022460938  38.499019622802734  25.004131317138672
8792    -71.495452880859375  39.476203918457031  25.03889274597168
8793    -70.452865600585938  32.293216705322266  26.261863708496094
8794    -70.537445068359375  32.757862091064453  25.537330627441406
8795    -70.89508056640625  33.191082000732422  25.237319946289062
8796    -70.560409545898438  33.465190887451172  25.018245697021484
8797    -70.26947021484375  33.034873962402344  25.131198883056641
8798    -70.492973327636719  34.515628814697266  25.018884658813477
8799    -70.50030517578125  35.501701354980469  25.018278121948242
8800    -70.500633239746094  36.501026153564453  25.010869979858398
8801    -70.500373840332031  37.500137329101562  25.004270553588867
8802    -70.499870300292969  38.49932861328125  25.005115509033203
8803    -70.493598937988281  39.488964080810547  25.006111145019531
8804    -69.504959106445312  32.537544250488281  25.61456298828125
8805    -69.499839782714844  32.975780487060547  25.077001571655273
8806    -69.513275146484375  32.243904113769531  26.167984008789062
8807    -69.498329162597656  33.538120269775391  25.026744842529297
8808    -69.499366760253906  34.508014678955078  25.024923324584961
8809    -69.500808715820312  35.501411437988281  25.020933151245117
8810    -69.500465393066406  36.501319885253906  25.012578964233398
8811    -69.500343322753906  37.500198364257812  25.002382278442383
8812    -69.50030517578125  38.499824523925781  25.014522552490234
8813    -69.497589111328125  39.497383117675781  25.003412246704102
8814    -68.54632568359375  32.685768127441406  25.586723327636719
8815    -68.536262512207031  33.044754028320312  25.115093231201172
8816    -68.52294921875  32.319732666015625  26.511287689208984
8817    -68.2008056640625  32.269344329833984  27.534387588500977
8818    -68.174728393554688  32.247066497802734  28.115756988525391
8819    -68.516387939453125  33.538490295410156  25.030811309814453
8820    -68.506767272949219  34.512386322021484  25.030744552612305
8821    -68.50067138671875  35.501712799072266  25.023584365844727
8822    -68.500381469726562  36.501644134521484  25.014286041259766
8823    -68.500244140625  37.500118255615234  25.00126838684082
8824    -68.500572204589844  38.499649047851562  25.018320083618164
8825    -68.500518798828125  39.500293731689453  25.009923934936523
8826    -67.837844848632812  33.023204803466797  25.601175308227539
8827    -68.065048217773438  33.167160034179688  25.207405090332031
8828    -67.524116516113281  32.850368499755859  26.477209091186523
8829    -67.649360656738281  32.660274505615234  27.511878967285156
8830    -67.717559814453125  32.6929931640625  28.410091400146484
8831    -67.607673645019531  32.772762298583984  29.582889556884766
8832    -67.608154296875  32.599357604980469  30.513614654541016
8833    -67.618255615234375  32.569595336914062  31.491506576538086
8834    -67.63177490234375  33.588314056396484  25.037002563476562
8835    -67.350578308105469  33.313678741455078  25.599626541137695
8836    -67.177627563476562  33.239360809326172  26.129859924316406
8837    -67.289230346679688  33.302005767822266  28.705730438232422
8838    -67.318069458007812  33.318771362304688  29.292301177978516
8839    -67.517112731933594  34.526973724365234  25.033266067504883
8840    -67.50469970703125  35.506057739257812  25.026195526123047
8841    -67.500343322753906  36.501941680908203  25.015995025634766
8842    -67.500129699707031  37.500164031982422  25.002981185913086
8843    -67.500396728515625  38.499034881591797  25.01641845703125
8844    -67.500930786132812  39.500431060791016  25.021768569946289
8845    -67.126014709472656  33.166515350341797  27.490409851074219
8846    -67.102073669433594  33.157157897949219  26.733379364013672
8847    -67.201553344726562  33.219127655029297  28.021425247192383
8848    -67.135292053222656  33.112266540527344  30.523283004760742
8849    -67.214683532714844  33.1875  29.978445053100586
8850    -67.091804504394531  33.075653076171875  31.496137619018555
8851    -66.639503479003906  33.875492095947266  25.643280029296875
8852    -66.88470458984375  33.950408935546875  25.064144134521484
8853    -66.724296569824219  33.5078125  26.469650268554688
8854    -66.662811279296875  33.633693695068359  27.478286743164062
8855    -66.759109497070312  33.782680511474609  28.427406311035156
8856    -66.964942932128906  33.731903076171875  29.582197189331055
8857    -66.712188720703125  33.681201934814453  30.521368026733398
8858    -66.515640258789062  33.758773803710938  31.579984664916992
8859    -66.551116943359375  34.556919097900391  25.035612106323242
8860    -66.287284851074219  34.301124572753906  25.353538513183594
8861    -66.276252746582031  34.3631591796875  28.829811096191406
8862    -66.402275085449219  34.483413696289062  29.475515365600586
8863    -66.314643859863281  34.333099365234375  30.510507583618164
8864    -66.234428405761719  34.221260070800781  31.312507629394531
8865    -66.519210815429688  35.520236968994141  25.028709411621094
8866    -66.504852294921875  36.506454467773438  25.017641067504883
8867    -66.500175476074219  37.500530242919922  25.004688262939453
8868    -66.500106811523438  38.49847412109375  25.014518737792969
8869    -66.503440856933594  39.497146606445312  25.025733947753906
8870    -66.005851745605469  34.098976135253906  26.544965744018555
8871    -66.111907958984375  34.160793304443359  25.967998504638672
8872    -65.952339172363281  34.108623504638672  27.486213684082031
8873    -66.024429321289062  34.171535491943359  28.170858383178711
8874    -65.681205749511719  34.682754516601562  25.634706497192383
8875    -65.874046325683594  34.886089324951172  25.059328079223633
8876    -65.487899780273438  34.469318389892578  26.555233001708984
8877    -65.415283203125  34.382534027099609  27.505107879638672
8878    -65.640884399414062  34.406665802001953  28.497129440307617
8879    -65.680435180664062  34.763500213623047  29.45068359375
8880    -65.798469543457031  34.998741149902344  30.46259880065918
8881    -65.898773193359375  34.760723114013672  31.558662414550781
8882    -66.22198486328125  34.204265594482422  31.957601547241211
8883    -65.545814514160156  35.54388427734375  25.031120300292969
8884    -65.278938293457031  35.279281616210938  25.307949066162109
8885    -65.530258178710938  36.515590667724609  25.019189834594727
8886    -65.523643493652344  37.502117156982422  25.006340026855469
8887    -65.522941589355469  38.497905731201172  25.012662887573242
8888    -65.529281616210938  39.488883972167969  25.029609680175781
8889    -64.842674255371094  34.961151123046875  26.575191497802734
8890    -65.056365966796875  35.08660888671875  25.934513092041016
8891    -64.568496704101562  34.932888031005859  27.501815795898438
8892    -64.606681823730469  34.827449798583984  28.490653991699219
8893    -64.587081909179688  34.959701538085938  29.468868255615234
8894    -64.541511535644531  35.218433380126953  30.535682678222656
8895    -64.879562377929688  35.342937469482422  31.465915679931641
8896    -64.681243896484375  35.637458801269531  25.645881652832031
8897    -64.962104797363281  35.879413604736328  25.093852996826172
8898    -64.350601196289062  35.365345001220703  26.592412948608398
8899    -64.212646484375  35.239566802978516  27.18510627746582
8900    -64.130317687988281  35.306911468505859  30.93058967590332
8901    -64.295646667480469  35.341323852539062  31.480422973632812
8902    -64.783615112304688  36.541152954101562  25.07878303527832
8903    -64.343246459960938  36.573131561279297  25.36083984375
8904    -64.501510620117188  37.527236938476562  25.064901351928711
8905    -64.227668762207031  37.244846343994141  25.258935928344727
8906    -64.470993041992188  38.5294189453125  25.064619064331055
8907    -64.68597412109375  39.479106903076172  25.059843063354492
8908    -64.258651733398438  39.458053588867188  25.296895980834961
8909    -64.171928405761719  38.864871978759766  25.261638641357422
8910    -71.81915283203125  32.490074157714844  32.482528686523438
8911    -71.889808654785156  32.373931884765625  33.124279022216797
8912    -71.28375244140625  32.445499420166016  33.701904296875
8913    -71.562088012695312  32.311019897460938  34.433856964111328
8914    -71.492881774902344  32.478492736816406  35.435707092285156
8915    -71.513816833496094  32.964488983154297  36.4677734375
8916    -71.846458435058594  33.256149291992188  36.803390502929688
8917    -71.497566223144531  33.525398254394531  37.278007507324219
8918    -71.208274841308594  33.189739227294922  36.911235809326172
8919    -71.44305419921875  34.087100982666016  37.911594390869141
8920    -71.438529968261719  34.714096069335938  38.456211090087891
8921    -71.747894287109375  35.231033325195312  38.722026824951172
8922    -71.438247680664062  35.551959991455078  38.992084503173828
8923    -71.110420227050781  35.091232299804688  38.795677185058594
8924    -71.427955627441406  36.557476043701172  39.340976715087891
8925    -71.414779663085938  37.513946533203125  39.470260620117188
8926    -71.412757873535156  38.467540740966797  39.443309783935547
8927    -71.41986083984375  39.429256439208984  39.228626251220703
8928    -70.53179931640625  32.606334686279297  33.562728881835938
8929    -70.548774719238281  32.572620391845703  34.448593139648438
8930    -70.526145935058594  32.52227783203125  35.455493927001953
8931    -70.506362915039062  32.830600738525391  36.410709381103516
8932    -70.490036010742188  33.141311645507812  36.987377166748047
8933    -70.48211669921875  33.487018585205078  37.465221405029297
8934    -70.474830627441406  33.982898712158203  38.030426025390625
8935    -70.471603393554688  34.521343231201172  38.515518188476562
8936    -70.468353271484375  34.999599456787109  38.874984741210938
8937    -70.463821411132812  35.603874206542969  39.221839904785156
8938    -70.39837646484375  36.635025024414062  39.6016845703125
8939    -70.648651123046875  37.518692016601562  39.672405242919922
8940    -70.616874694824219  38.468601226806641  39.658885955810547
8941    -70.361396789550781  39.34698486328125  39.568191528320312
8942    -69.544601440429688  32.418876647949219  33.63134765625
8943    -69.637260437011719  32.961387634277344  34.377174377441406
8944    -69.557113647460938  32.754581451416016  35.474540710449219
8945    -69.542381286621094  32.907180786132812  36.441936492919922
8946    -69.527381896972656  33.178512573242188  36.976757049560547
8947    -69.517501831054688  33.475761413574219  37.460376739501953
8948    -69.513542175292969  33.97088623046875  38.058403015136719
8949    -69.5072021484375  34.469711303710938  38.551128387451172
8950    -69.502113342285156  34.955055236816406  38.923233032226562
8951    -69.494483947753906  35.608860015869141  39.320796966552734
8952    -69.486579895019531  36.449245452880859  39.645408630371094
8953    -68.267196655273438  32.287078857421875  32.643180847167969
8954    -68.56787109375  32.461193084716797  33.400703430175781
8955    -68.778060913085938  33.279453277587891  34.273773193359375
8956    -68.819007873535156  33.106433868408203  35.483516693115234
8957    -68.7972412109375  33.091434478759766  36.462162017822266
8958    -68.97930908203125  33.222808837890625  36.931529998779297
8959    -68.490737915039062  33.598682403564453  34.652816772460938
8960    -68.325469970703125  33.352626800537109  35.499477386474609
8961    -68.300933837890625  33.264396667480469  36.468658447265625
8962    -68.606391906738281  33.541824340820312  37.31036376953125
8963    -68.548019409179688  34.058731079101562  37.983364105224609
8964    -68.538597106933594  34.542018890380859  38.471118927001953
8965    -68.531356811523438  35.019073486328125  38.89599609375
8966    -68.524101257324219  35.614349365234375  39.274898529052734
8967    -68.517715454101562  36.422348022460938  39.667194366455078
8968    -67.660606384277344  32.697269439697266  32.442546844482422
8969    -67.851654052734375  32.949493408203125  33.403942108154297
8970    -68.134605407714844  33.237434387207031  33.919815063476562
8971    -67.214599609375  33.21600341796875  32.855049133300781
8972    -67.385955810546875  33.387493133544922  33.406951904296875
8973    -67.886550903320312  33.916122436523438  34.327301025390625
8974    -67.60455322265625  33.680057525634766  35.514022827148438
8975    -67.579383850097656  33.556880950927734  36.472305297851562
8976    -67.582756042480469  33.939476013183594  37.433124542236328
8977    -67.9200439453125  34.163619995117188  37.883552551269531
8978    -67.274833679199219  34.281768798828125  37.737518310546875
8979    -67.5849609375  34.674560546875  38.333332061767578
8980    -67.916343688964844  35.126426696777344  38.813041687011719
8981    -67.274085998535156  35.254020690917969  38.722953796386719
8982    -67.572662353515625  35.579425811767578  39.057682037353516
8983    -67.556991577148438  36.640823364257812  39.594612121582031
8984    -67.10760498046875  33.0999755859375  32.244403839111328
8985    -66.676666259765625  33.662551879882812  32.433078765869141
8986    -66.943717956542969  33.894905090332031  33.425186157226562
8987    -67.185554504394531  34.411521911621094  34.482162475585938
8988    -66.62139892578125  34.094478607177734  35.594779968261719
8989    -66.537574768066406  34.036178588867188  36.444149017333984
8990    -66.83038330078125  34.091011047363281  37.141071319580078
8991    -66.284584045410156  34.289207458496094  32.617542266845703
8992    -66.49163818359375  34.523830413818359  33.446823120117188
8993    -66.616477966308594  34.706813812255859  34.551124572753906
8994    -66.311180114746094  34.354991912841797  35.336605072021484
8995    -66.194099426269531  34.267936706542969  36.713973999023438
8996    -66.533332824707031  34.386451721191406  37.431972503662109
8997    -66.598114013671875  34.918125152587891  38.100254058837891
8998    -66.590843200683594  35.438533782958984  38.583541870117188
8999    -66.591201782226562  35.922821044921875  38.914909362792969
9000    -66.58099365234375  36.596176147460938  39.281074523925781
9001    -66.618026733398438  37.557651519775391  39.608371734619141
9002    -67.242507934570312  37.247020721435547  39.702465057373047
9003    -66.221733093261719  34.20623779296875  31.983791351318359
9004    -66.083602905273438  34.234058380126953  36.117305755615234
9005    -66.078704833984375  34.234447479248047  35.956092834472656
9006    -65.838348388671875  34.930950164794922  32.314239501953125
9007    -65.707077026367188  35.283290863037109  33.482578277587891
9008    -65.632682800292969  34.907962799072266  34.557369232177734
9009    -65.662948608398438  34.438301086425781  35.584022521972656
9010    -65.69134521484375  34.453716278076172  36.429443359375
9011    -65.614089965820312  34.883213043212891  37.399608612060547
9012    -65.9619140625  35.105094909667969  37.916023254394531
9013    -65.19287109375  35.406009674072266  32.714668273925781
9014    -65.166694641113281  35.396472930908203  33.121646881103516
9015    -65.301460266113281  35.299301147460938  37.697422027587891
9016    -65.680450439453125  35.694782257080078  38.279727935791016
9017    -66.073249816894531  36.109199523925781  38.793632507324219
9018    -65.417404174804688  36.412521362304688  38.620777130126953
9019    -65.675941467285156  36.665729522705078  38.938228607177734
9020    -65.601158142089844  37.553207397460938  39.213623046875
9021    -65.599739074707031  38.505970001220703  39.340927124023438
9022    -66.448013305664062  38.501106262207031  39.641338348388672
9023    -65.598091125488281  39.458076477050781  39.2520751953125
9024    -66.615653991699219  39.417877197265625  39.618560791015625
9025    -65.095451354980469  35.385612487792969  32.029411315917969
9026    -64.509452819824219  35.158260345458984  34.469947814941406
9027    -64.765785217285156  35.222389221191406  33.823833465576172
9028    -64.595298767089844  34.942653656005859  35.506618499755859
9029    -64.622337341308594  35.026931762695312  36.352970123291016
9030    -64.967720031738281  35.102504730224609  37.074260711669922
9031    -64.614837646484375  35.37115478515625  32.429794311523438
9032    -64.464607238769531  35.301628112792969  33.489204406738281
9033    -64.100479125976562  35.295753479003906  34.074092864990234
9034    -64.311424255371094  35.318264007568359  36.589302062988281
9035    -64.618087768554688  35.637405395507812  37.397712707519531
9036    -64.914100646972656  35.949844360351562  37.967353820800781
9037    -64.267967224121094  36.26678466796875  37.726512908935547
9038    -64.684043884277344  36.658557891845703  38.267303466796875
9039    -65.091300964355469  37.04608154296875  38.798755645751953
9040    -64.478439331054688  37.564868927001953  38.560916900634766
9041    -64.948356628417969  37.555076599121094  38.892566680908203
9042    -64.348930358886719  38.518768310546875  38.643745422363281
9043    -64.817893981933594  38.512317657470703  38.942253112792969
9044    -64.358932495117188  39.471065521240234  38.658653259277344
9045    -64.833854675292969  39.468868255615234  38.93572998046875
9046    -70.169548034667969  37.517585754394531  39.78057861328125
9047    -70.033149719238281  37.000267028808594  39.72894287109375
9048    -70.137077331542969  38.476051330566406  39.760719299316406
9049    -69.98724365234375  38.979347229003906  39.723796844482422
9050    -69.483009338378906  36.916709899902344  39.786552429199219
9051    -69.477752685546875  37.520278930664062  39.866031646728516
9052    -69.475410461425781  38.483036041259766  39.880035400390625
9053    -69.468940734863281  39.134853363037109  39.777702331542969
9054    -69.460350036621094  39.606090545654297  39.669754028320312
9055    -68.510902404785156  36.899456024169922  39.798820495605469
9056    -68.504829406738281  37.52423095703125  39.921226501464844
9057    -68.500350952148438  38.485282897949219  39.925067901611328
9058    -68.49517822265625  39.301059722900391  39.799701690673828
9059    -68.490913391113281  39.770915985107422  39.696201324462891
9060    -67.875587463378906  36.983642578125  39.763542175292969
9061    -67.5426025390625  37.541095733642578  39.826847076416016
9062    -67.525726318359375  38.491729736328125  39.882137298583984
9063    -67.52642822265625  39.2264404296875  39.787487030029297
9064    -67.527229309082031  39.700111389160156  39.690196990966797
9065    -66.961288452148438  37.869216918945312  39.752819061279297
9066    -66.924858093261719  38.496330261230469  39.768482208251953
9067    -66.979301452636719  39.070823669433594  39.745380401611328
9068    -71.417182922363281  40.456565856933594  25.062402725219727
9069    -71.651199340820312  40.698200225830078  25.385169982910156
9070    -71.334091186523438  41.318229675292969  25.548828125
9071    -70.988685607910156  40.958839416503906  25.315423965454102
9072    -71.469390869140625  42.4630126953125  25.918310165405273
9073    -71.794570922851562  42.784080505371094  26.238742828369141
9074    -71.454017639160156  43.382537841796875  26.590547561645508
9075    -71.178070068359375  43.009269714355469  26.083864212036133
9076    -71.6956787109375  43.696144104003906  27.318496704101562
9077    -71.397430419921875  43.977893829345703  27.601978302001953
9078    -71.059944152832031  43.843917846679688  27.016056060791016
9079    -71.404754638671875  44.2293701171875  28.538040161132812
9080    -71.410148620605469  44.317977905273438  29.496883392333984
9081    -71.407569885253906  44.200027465820312  30.458089828491211
9082    -71.407302856445312  43.957996368408203  31.396903991699219
9083    -71.710960388183594  43.69927978515625  31.68455696105957
9084    -70.47833251953125  40.467628479003906  25.038061141967773
9085    -70.357269287109375  41.371334075927734  25.204263687133789
9086    -70.595993041992188  41.631393432617188  25.374837875366211
9087    -70.35150146484375  42.318737030029297  25.465940475463867
9088    -69.961044311523438  41.932521820068359  25.270383834838867
9089    -70.432746887207031  43.186058044433594  25.955104827880859
9090    -70.43768310546875  43.665264129638672  26.348529815673828
9091    -70.430496215820312  43.966869354248047  26.831920623779297
9092    -70.426948547363281  44.329498291015625  27.589088439941406
9093    -70.351211547851562  44.610092163085938  28.566253662109375
9094    -70.466056823730469  44.610637664794922  29.494918823242188
9095    -70.339385986328125  44.582626342773438  30.375734329223633
9096    -70.437423706054688  44.277278900146484  31.419519424438477
9097    -69.982284545898438  44.746051788330078  29.494428634643555
9098    -69.976127624511719  44.736347198486328  28.89570426940918
9099    -69.94708251953125  44.722648620605469  30.004861831665039
9100    -69.487098693847656  40.484340667724609  25.008087158203125
9101    -69.476646423339844  41.464439392089844  25.037311553955078
9102    -69.458526611328125  42.079727172851562  25.207056045532227
9103    -69.461761474609375  42.5576171875  25.337804794311523
9104    -69.426689147949219  43.435646057128906  25.874914169311523
9105    -69.714012145996094  43.750957489013672  26.237771987915039
9106    -69.423538208007812  44.051479339599609  26.564569473266602
9107    -69.076377868652344  43.805854797363281  26.17866325378418
9108    -69.469436645507812  44.597660064697266  27.641876220703125
9109    -69.794761657714844  44.716136932373047  28.271648406982422
9110    -69.383087158203125  44.536972045898438  31.336502075195312
9111    -69.682281494140625  44.696464538574219  30.637723922729492
9112    -69.464729309082031  44.839836120605469  28.563333511352539
9113    -69.148712158203125  44.761394500732422  27.992826461791992
9114    -69.444511413574219  44.896610260009766  29.496604919433594
9115    -69.3885498046875  44.821815490722656  30.377506256103516
9116    -69.006950378417969  44.73858642578125  30.959280014038086
9117    -68.496604919433594  40.495708465576172  25.007410049438477
9118    -68.489395141601562  41.469623565673828  25.010046005249023
9119    -68.48590087890625  42.267120361328125  25.101184844970703
9120    -68.486068725585938  42.716682434082031  25.287843704223633
9121    -68.492591857910156  43.366500854492188  25.725831985473633
9122    -68.495391845703125  43.820835113525391  26.164821624755859
9123    -68.4903564453125  44.197593688964844  26.626468658447266
9124    -68.481452941894531  44.632343292236328  27.419788360595703
9125    -68.477325439453125  44.843929290771484  27.880792617797852
9126    -68.465347290039062  44.995063781738281  28.550037384033203
9127    -68.455490112304688  45.114696502685547  29.504447937011719
9128    -68.444671630859375  45.032276153564453  30.462993621826172
9129    -68.325286865234375  44.792659759521484  31.340852737426758
9130    -68.583236694335938  44.569133758544922  31.588291168212891
9131    -67.5023193359375  40.498069763183594  25.002531051635742
9132    -67.506187438964844  41.469547271728516  25.011240005493164
9133    -67.513343811035156  42.266265869140625  25.100133895874023
9134    -67.522964477539062  42.704441070556641  25.318212509155273
9135    -67.533584594726562  43.436965942382812  25.837223052978516
9136    -67.864540100097656  43.802978515625  26.183696746826172
9137    -67.533737182617188  44.086219787597656  26.576488494873047
9138    -67.226676940917969  43.772552490234375  26.220254898071289
9139    -67.516548156738281  44.629985809326172  27.395086288452148
9140    -67.509132385253906  44.834613800048828  27.867244720458984
9141    -67.497367858886719  45.106414794921875  28.556827545166016
9142    -67.482856750488281  45.268138885498047  29.518438339233398
9143    -67.462059020996094  45.236965179443359  30.478277206420898
9144    -67.440223693847656  45.070503234863281  31.449666976928711
9145    -66.515281677246094  40.487869262695312  25.01484489440918
9146    -66.525703430175781  41.46746826171875  25.006391525268555
9147    -66.550796508789062  42.083930969238281  25.167604446411133
9148    -66.561332702636719  42.544502258300781  25.40394401550293
9149    -66.561660766601562  43.220184326171875  25.88060188293457
9150    -66.567604064941406  43.679294586181641  26.315956115722656
9151    -66.552528381347656  44.099784851074219  26.766969680786133
9152    -66.552421569824219  44.557056427001953  27.524124145507812
9153    -66.542572021484375  44.816947937011719  27.991788864135742
9154    -66.528968811035156  45.051876068115234  28.561712265014648
9155    -66.520637512207031  45.269710540771484  29.534093856811523
9156    -66.504997253417969  45.3363037109375  30.497804641723633
9157    -66.489646911621094  45.266700744628906  31.470413208007812
9158    -65.535789489746094  40.47479248046875  25.028896331787109
9159    -65.647911071777344  41.338554382324219  25.160671234130859
9160    -66.051139831542969  41.921436309814453  25.244720458984375
9161    -65.602943420410156  42.373497009277344  25.693492889404297
9162    -65.411155700683594  41.564346313476562  25.367341995239258
9163    -65.8126220703125  43.021636962890625  26.054180145263672
9164    -65.460128784179688  43.426544189453125  26.591691970825195
9165    -65.181007385253906  42.796276092529297  26.240793228149414
9166    -65.749954223632812  43.957080841064453  26.963809967041016
9167    -65.573448181152344  44.326927185058594  27.610881805419922
9168    -65.130508422851562  43.786476135253906  27.175083160400391
9169    -66.059661865234375  44.745113372802734  28.110832214355469
9170    -65.658950805664062  44.868217468261719  28.650596618652344
9171    -65.416290283203125  44.658294677734375  28.396265029907227
9172    -65.558837890625  45.085838317871094  29.544086456298828
9173    -65.548202514648438  45.229408264160156  30.510156631469727
9174    -65.542106628417969  45.199066162109375  31.481863021850586
9175    -64.947784423828125  40.447772979736328  25.176034927368164
9176    -64.486351013183594  40.433364868164062  25.42595100402832
9177    -65.111038208007812  40.920825958251953  25.262990951538086
9178    -64.655601501464844  41.370723724365234  25.72062873840332
9179    -64.848793029785156  42.162181854248047  26.036205291748047
9180    -64.559234619140625  42.446434020996094  26.383821487426758
9181    -64.20947265625  41.81103515625  26.246484756469727
9182    -64.625312805175781  43.14849853515625  26.886343002319336
9183    -64.632400512695312  43.616050720214844  27.393072128295898
9184    -64.616722106933594  43.975490570068359  27.862476348876953
9185    -64.675796508789062  44.458972930908203  28.651645660400391
9186    -65.074462890625  44.758884429931641  29.042753219604492
9187    -64.914970397949219  44.835014343261719  29.559591293334961
9188    -64.437614440917969  44.611709594726562  29.565078735351562
9189    -64.694793701171875  44.941539764404297  30.520309448242188
9190    -64.2392578125  44.700817108154297  30.532175064086914
9191    -64.651084899902344  44.913490295410156  31.487672805786133
9192    -64.179969787597656  44.73663330078125  31.493995666503906
9193    -71.410140991210938  40.1527099609375  38.909183502197266
9194    -71.401992797851562  40.622982025146484  38.638484954833984
9195    -71.347831726074219  41.347633361816406  38.125438690185547
9196    -71.626052856445312  41.659107208251953  37.652488708496094
9197    -71.232933044433594  42.302787780761719  34.525882720947266
9198    -71.361534118652344  42.484737396240234  33.600326538085938
9199    -71.487190246582031  42.568267822265625  35.496299743652344
9200    -71.334602355957031  42.511871337890625  36.396591186523438
9201    -71.351150512695312  42.052005767822266  37.370689392089844
9202    -70.974281311035156  41.833637237548828  37.853919982910156
9203    -71.411087036132812  43.501506805419922  32.358291625976562
9204    -71.394248962402344  42.94073486328125  33.072414398193359
9205    -70.990486145019531  42.811275482177734  35.495555877685547
9206    -70.909187316894531  42.708263397216797  34.892059326171875
9207    -70.952507019042969  42.777557373046875  36.063632965087891
9208    -71.07318115234375  43.826995849609375  31.994182586669922
9209    -70.501022338867188  40.475166320800781  39.087890625
9210    -70.847137451171875  40.810302734375  38.745414733886719
9211    -70.496658325195312  41.329803466796875  38.531909942626953
9212    -70.20379638671875  40.968780517578125  38.845485687255859
9213    -70.671768188476562  42.533329010009766  34.186988830566406
9214    -70.7060546875  42.592273712158203  33.830455780029297
9215    -70.415435791015625  42.489448547363281  37.338272094726562
9216    -70.712783813476562  42.692649841308594  36.676292419433594
9217    -70.421058654785156  41.954898834228516  37.969257354736328
9218    -70.384628295898438  43.040054321289062  33.42864990234375
9219    -70.4190673828125  43.622211456298828  32.632431030273438
9220    -70.329963684082031  42.828231811523438  34.520538330078125
9221    -70.391677856445312  43.096298217773438  35.485637664794922
9222    -70.390029907226562  42.909736633300781  36.387722015380859
9223    -70.065887451171875  42.820404052734375  36.974502563476562
9224    -70.441055297851562  43.940406799316406  32.164554595947266
9225    -69.456146240234375  40.388198852539062  39.359279632568359
9226    -69.452224731445312  41.116050720214844  38.944316864013672
9227    -69.451629638671875  41.60223388671875  38.615493774414062
9228    -69.445877075195312  42.135601043701172  38.127506256103516
9229    -69.438018798828125  42.603561401367188  37.587039947509766
9230    -69.430618286132812  43.364231109619141  33.379814147949219
9231    -69.733772277832031  43.673362731933594  32.774921417236328
9232    -69.432716369628906  43.480518341064453  34.492828369140625
9233    -69.347305297851562  43.571586608886719  35.462379455566406
9234    -69.425971984863281  43.277748107910156  36.413719177246094
9235    -69.436027526855469  42.928096771240234  37.126960754394531
9236    -69.400054931640625  43.936592102050781  32.423149108886719
9237    -68.925857543945312  43.620330810546875  33.414005279541016
9238    -68.970321655273438  43.845321655273438  34.488853454589844
9239    -68.961524963378906  43.777637481689453  35.133930206298828
9240    -68.487525939941406  40.391864776611328  39.481266021728516
9241    -68.482528686523438  41.244144439697266  39.027786254882812
9242    -68.476158142089844  41.700855255126953  38.677703857421875
9243    -68.475349426269531  42.248847961425781  38.216640472412109
9244    -68.468482971191406  42.710716247558594  37.727657318115234
9245    -68.452484130859375  43.557685852050781  36.347862243652344
9246    -68.760017395019531  43.697338104248047  35.746334075927734
9247    -68.465446472167969  43.067501068115234  37.280300140380859
9248    -68.261238098144531  44.347644805908203  32.304283142089844
9249    -68.337028503417969  44.05621337890625  33.435016632080078
9250    -68.415702819824219  44.114288330078125  34.471549987792969
9251    -68.42822265625  43.883426666259766  35.429832458496094
9252    -68.124404907226562  43.790977478027344  35.994194030761719
9253    -67.895866394042969  44.690040588378906  31.937099456787109
9254    -67.522109985351562  40.396427154541016  39.454143524169922
9255    -67.514549255371094  41.265388488769531  39.015628814697266
9256    -67.509979248046875  41.732715606689453  38.707782745361328
9257    -67.504989624023438  42.284004211425781  38.236820220947266
9258    -67.500152587890625  42.751441955566406  37.767299652099609
9259    -67.492385864257812  43.139755249023438  37.312606811523438
9260    -67.483123779296875  43.622852325439453  36.571224212646484
9261    -67.4246826171875  44.660018920898438  33.509117126464844
9262    -67.712135314941406  44.653285980224609  32.636077880859375
9263    -67.437721252441406  44.434871673583984  34.439506530761719
9264    -67.458747863769531  44.12890625  35.415904998779297
9265    -67.473503112792969  43.860298156738281  36.086753845214844
9266    -67.423896789550781  44.888103485107422  32.366004943847656
9267    -67.098419189453125  44.815105438232422  33.20245361328125
9268    -66.55694580078125  40.407543182373047  39.299400329589844
9269    -66.545867919921875  41.182636260986328  38.954685211181641
9270    -66.544387817382812  41.649555206298828  38.653560638427734
9271    -66.536087036132812  42.253807067871094  38.178031921386719
9272    -66.533523559570312  42.7093505859375  37.716304779052734
9273    -66.525199890136719  43.115291595458984  37.248466491699219
9274    -66.5179443359375  43.605411529541016  36.580154418945312
9275    -66.415336608886719  44.587085723876953  34.314914703369141
9276    -66.669456481933594  44.708003997802734  33.852924346923828
9277    -66.5009765625  44.210586547851562  35.400413513183594
9278    -66.510124206542969  43.89764404296875  36.108795166015625
9279    -66.48065185546875  45.090316772460938  32.451053619384766
9280    -66.406585693359375  44.829242706298828  33.491310119628906
9281    -66.049308776855469  44.718849182128906  33.922622680664062
9282    -65.553749084472656  40.445960998535156  38.997077941894531
9283    -65.548751831054688  41.364990234375  38.550376892089844
9284    -65.8570556640625  41.031360626220703  38.855224609375
9285    -65.228401184082031  40.763668060302734  38.712364196777344
9286    -65.573417663574219  42.113735198974609  38.022693634033203
9287    -65.566680908203125  42.59521484375  37.601787567138672
9288    -65.555442810058594  43.052871704101562  37.134910583496094
9289    -65.548881530761719  43.541290283203125  36.473419189453125
9290    -65.5401611328125  44.122825622558594  35.399181365966797
9291    -65.632072448730469  44.544296264648438  34.308765411376953
9292    -65.548233032226562  43.825412750244141  35.975742340087891
9293    -65.536567687988281  45.051303863525391  32.456283569335938
9294    -65.625701904296875  44.810546875  33.419750213623047
9295    -66.002891540527344  44.717018127441406  33.920795440673828
9296    -65.375419616699219  44.679718017578125  33.729022979736328
9297    -64.621437072753906  40.455554962158203  38.581230163574219
9298    -64.9700927734375  40.1427001953125  38.843017578125
9299    -64.590721130371094  41.410957336425781  38.109298706054688
9300    -64.573135375976562  42.357711791992188  37.340732574462891
9301    -64.918067932128906  41.959640502929688  37.884963989257812
9302    -64.280601501464844  41.719932556152344  37.71209716796875
9303    -64.631355285644531  43.312454223632812  36.337257385253906
9304    -64.871147155761719  42.912910461425781  36.959480285644531
9305    -64.240859985351562  42.734134674072266  36.750312805175781
9306    -64.578636169433594  44.273288726806641  34.417373657226562
9307    -64.616943359375  44.588218688964844  33.421955108642578
9308    -64.670204162597656  43.905441284179688  35.352554321289062
9309    -65.059295654296875  43.759346008300781  35.865421295166016
9310    -64.415817260742188  43.665435791015625  35.644329071044922
9311    -64.783027648925781  44.849224090576172  32.458400726318359
9312    -64.313438415527344  44.680160522460938  32.459503173828125
9313    -64.957595825195312  44.764244079589844  33.081195831298828
9314    -63.970184326171875  35.144073486328125  28.520114898681641
9315    -64.091514587402344  35.186744689941406  27.822938919067383
9316    -63.8974609375  35.141262054443359  29.488332748413086
9317    -63.968517303466797  35.246738433837891  30.256954193115234
9318    -63.892307281494141  35.836658477783203  26.603633880615234
9319    -64.103523254394531  36.031196594238281  26.028846740722656
9320    -63.647186279296875  35.619476318359375  27.503713607788086
9321    -63.489913940429688  35.452365875244141  28.54109001159668
9322    -63.434494018554688  35.375526428222656  29.509693145751953
9323    -63.615020751953125  35.324745178222656  30.565668106079102
9324    -63.569496154785156  35.380565643310547  31.494941711425781
9325    -63.909744262695312  36.591053009033203  25.836830139160156
9326    -63.403007507324219  36.551410675048828  26.580833435058594
9327    -63.257354736328125  36.229537963867188  27.204746246337891
9328    -63.692501068115234  37.60162353515625  25.674470901489258
9329    -64.129570007324219  37.873188018798828  25.232326507568359
9330    -63.278099060058594  37.341617584228516  26.257919311523438
9331    -64.117385864257812  38.224399566650391  25.221540451049805
9332    -63.738609313964844  38.529827117919922  25.548336029052734
9333    -63.564304351806641  39.522304534912109  25.82270622253418
9334    -62.933277130126953  35.927261352539062  28.561275482177734
9335    -63.081382751464844  36.043697357177734  27.83624267578125
9336    -62.734653472900391  35.838081359863281  29.534212112426758
9337    -62.536094665527344  35.857780456542969  30.427793502807617
9338    -62.609966278076172  35.732421875  31.50337028503418
9339    -62.869518280029297  36.562271118164062  27.553739547729492
9340    -63.067455291748047  36.833515167236328  26.883201599121094
9341    -62.409442901611328  36.618522644042969  28.51824951171875
9342    -62.291313171386719  36.289680480957031  29.563837051391602
9343    -62.221611022949219  36.201534271240234  30.070180892944336
9344    -62.965625762939453  37.620132446289062  26.594570159912109
9345    -63.208751678466797  37.968246459960938  26.16937255859375
9346    -62.407127380371094  37.526821136474609  27.615505218505859
9347    -62.275081634521484  37.191856384277344  28.182003021240234
9348    -63.154014587402344  38.508571624755859  26.130897521972656
9349    -62.761604309082031  38.523296356201172  26.651422500610352
9350    -62.319187164306641  38.533851623535156  27.305007934570312
9351    -63.157196044921875  39.249301910400391  26.148248672485352
9352    -62.820346832275391  39.536453247070312  26.566202163696289
9353    -63.210376739501953  39.87841796875  26.217077255249023
9354    -62.282352447509766  39.487258911132812  27.250045776367188
9355    -62.090068817138672  36.109954833984375  31.510013580322266
9356    -62.137851715087891  36.142868041992188  30.7098388671875
9357    -61.993446350097656  36.743507385253906  29.565933227539062
9358    -62.131435394287109  36.946060180664062  28.820459365844727
9359    -61.8724365234375  36.530742645263672  30.449493408203125
9360    -61.636894226074219  36.618141174316406  31.515604019165039
9361    -61.987369537353516  37.5302734375  28.534582138061523
9362    -62.154586791992188  37.813056945800781  27.941553115844727
9363    -61.61236572265625  37.597919464111328  29.581480026245117
9364    -61.367439270019531  37.596656799316406  30.470283508300781
9365    -61.306327819824219  37.277622222900391  31.525201797485352
9366    -62.062957763671875  38.536567687988281  27.778675079345703
9367    -61.695831298828125  38.540596008300781  28.598262786865234
9368    -61.352527618408203  38.464908599853516  29.589799880981445
9369    -61.282417297363281  38.103771209716797  30.099569320678711
9370    -62.027515411376953  39.493850708007812  27.727838516235352
9371    -61.608501434326172  39.498012542724609  28.598081588745117
9372    -61.352714538574219  39.499382019042969  29.356924057006836
9373    -61.148868560791016  37.738471984863281  31.523250579833984
9374    -61.211147308349609  37.899318695068359  30.734624862670898
9375    -61.130203247070312  38.461402893066406  30.465297698974609
9376    -61.208660125732422  38.725112915039062  29.915033340454102
9377    -60.952728271484375  38.541297912597656  31.522544860839844
9378    -61.201938629150391  39.500843048095703  29.84394645690918
9379    -61.007663726806641  39.501506805419922  30.548000335693359
9380    -60.880237579345703  39.501262664794922  31.523916244506836
9381    -64.0625  35.200569152832031  35.479633331298828
9382    -64.035003662109375  35.217338562011719  34.718318939208984
9383    -64.146286010742188  35.238788604736328  35.960296630859375
9384    -63.568508148193359  35.420696258544922  32.493721008300781
9385    -63.583244323730469  35.432903289794922  33.498531341552734
9386    -63.652263641357422  35.363758087158203  34.420951843261719
9387    -63.580375671386719  35.498905181884766  35.458595275878906
9388    -63.693279266357422  35.687255859375  36.341438293457031
9389    -63.939994812011719  35.963344573974609  37.103744506835938
9390    -63.293609619140625  36.309505462646484  36.699134826660156
9391    -63.634696960449219  36.580802917480469  37.378303527832031
9392    -64.021568298339844  36.891437530517578  37.937980651855469
9393    -63.366817474365234  37.571987152099609  37.626651763916016
9394    -63.850147247314453  37.568225860595703  38.079315185546875
9395    -63.236431121826172  38.528236389160156  37.7613525390625
9396    -63.697654724121094  38.520900726318359  38.190677642822266
9397    -63.210975646972656  39.481128692626953  37.780342102050781
9398    -63.679450988769531  39.477027893066406  38.174972534179688
9399    -62.614116668701172  35.762931823730469  32.491634368896484
9400    -62.615646362304688  35.821861267089844  33.483440399169922
9401    -62.608131408691406  35.951335906982422  34.360939025878906
9402    -62.925941467285156  35.982242584228516  35.433712005615234
9403    -63.087322235107422  36.086906433105469  36.069614410400391
9404    -62.285438537597656  36.284839630126953  34.600006103515625
9405    -62.397560119628906  36.606067657470703  35.497695922851562
9406    -62.874660491943359  36.620147705078125  36.381156921386719
9407    -63.092426300048828  36.931583404541016  36.974441528320312
9408    -62.251785278320312  37.157627105712891  35.841854095458984
9409    -62.394981384277344  37.496639251708984  36.384761810302734
9410    -62.929248809814453  37.569564819335938  37.157440185546875
9411    -62.345535278320312  38.537792205810547  36.6646728515625
9412    -62.793071746826172  38.528358459472656  37.302959442138672
9413    -62.301403045654297  39.488636016845703  36.717418670654297
9414    -62.780857086181641  39.485408782958984  37.302909851074219
9415    -62.096046447753906  36.125331878662109  32.489028930664062
9416    -62.152156829833984  36.169872283935547  33.4696044921875
9417    -62.208240509033203  36.210773468017578  33.951370239257812
9418    -61.61480712890625  36.620491027832031  32.491905212402344
9419    -61.736843109130859  36.624214172363281  33.467113494873047
9420    -61.963260650634766  36.599143981933594  34.343364715576172
9421    -62.072364807128906  36.908084869384766  35.225276947021484
9422    -61.27325439453125  37.224266052246094  32.491142272949219
9423    -61.329238891601562  37.358745574951172  33.457817077636719
9424    -61.430904388427734  37.626293182373047  34.393325805664062
9425    -61.916744232177734  37.503826141357422  35.487346649169922
9426    -62.111221313476562  37.7662353515625  36.055934906005859
9427    -61.319980621337891  38.542362213134766  34.690925598144531
9428    -61.593513488769531  38.537128448486328  35.398258209228516
9429    -62.045993804931641  38.538516998291016  36.190303802490234
9430    -61.281852722167969  39.495765686035156  34.803352355957031
9431    -61.530227661132812  39.495033264160156  35.389072418212891
9432    -61.996417999267578  39.492145538330078  36.23858642578125
9433    -61.118068695068359  37.685066223144531  32.493011474609375
9434    -61.162197113037109  37.821613311767578  33.462226867675781
9435    -61.228000640869141  37.979957580566406  34.032520294189453
9436    -60.921127319335938  38.541732788085938  32.492774963378906
9437    -61.008277893066406  38.537750244140625  33.461544036865234
9438    -61.16766357421875  38.538616180419922  34.211029052734375
9439    -60.854473114013672  39.499973297119141  32.490745544433594
9440    -60.932773590087891  39.497982025146484  33.458087921142578
9441    -61.123100280761719  39.496566772460938  34.328758239746094
9442    -63.781875610351562  40.427051544189453  25.919540405273438
9443    -63.315036773681641  40.4224853515625  26.315500259399414
9444    -63.987865447998047  41.173084259033203  26.081794738769531
9445    -63.581142425537109  41.525859832763672  26.603458404541016
9446    -63.854999542236328  42.373600006103516  26.893089294433594
9447    -63.372520446777344  42.370391845703125  27.388334274291992
9448    -63.205371856689453  41.860195159912109  27.186561584472656
9449    -64.100914001464844  42.897640228271484  27.116811752319336
9450    -63.774318695068359  43.225379943847656  27.777238845825195
9451    -64.153861999511719  43.797210693359375  28.127225875854492
9452    -63.969512939453125  43.933879852294922  28.601594924926758
9453    -63.478176116943359  43.527042388916016  28.60002326965332
9454    -63.612205505371094  44.08489990234375  29.602272033691406
9455    -63.283370971679688  43.714664459228516  29.313241958618164
9456    -63.640926361083984  44.34033203125  30.533773422241211
9457    -63.636394500732422  44.421821594238281  31.50080680847168
9458    -62.849819183349609  40.435588836669922  26.778438568115234
9459    -62.35479736328125  40.445365905761719  27.364694595336914
9460    -63.022560119628906  41.230003356933594  26.985214233398438
9461    -62.651294708251953  41.478065490722656  27.591733932495117
9462    -62.981864929199219  42.370426177978516  27.873619079589844
9463    -62.492355346679688  42.370689392089844  28.587697982788086
9464    -62.298603057861328  41.714923858642578  28.27985954284668
9465    -63.185070037841797  42.845508575439453  28.126827239990234
9466    -63.007736206054688  43.041782379150391  28.602930068969727
9467    -62.730232238769531  43.290515899658203  29.673410415649414
9468    -62.338127136230469  42.659168243408203  29.403301239013672
9469    -63.143009185791016  43.827400207519531  29.951503753662109
9470    -63.041095733642578  43.912700653076172  30.537540435791016
9471    -62.576221466064453  43.407932281494141  30.546112060546875
9472    -62.978759765625  43.939365386962891  31.508861541748047
9473    -62.484279632568359  43.517158508300781  31.512857437133789
9474    -62.071243286132812  40.448589324951172  27.853874206542969
9475    -61.708473205566406  40.454849243164062  28.602336883544922
9476    -61.353302001953125  40.534400939941406  29.589633941650391
9477    -62.157207489013672  41.084842681884766  28.019054412841797
9478    -61.990730285644531  41.411914825439453  28.591976165771484
9479    -61.596401214599609  41.408580780029297  29.581890106201172
9480    -61.345523834228516  41.419589996337891  30.468631744384766
9481    -61.283950805664062  40.895225524902344  30.102554321289062
9482    -62.131954193115234  42.030254364013672  28.912408828735352
9483    -62.038936614990234  42.360729217529297  29.66276741027832
9484    -61.778305053710938  42.37994384765625  30.548055648803711
9485    -61.628307342529297  42.368598937988281  31.519645690917969
9486    -61.322612762451172  41.732410430908203  31.524681091308594
9487    -62.221199035644531  42.84149169921875  30.045101165771484
9488    -62.138317108154297  42.935150146484375  30.547449111938477
9489    -62.056049346923828  43.036659240722656  31.515945434570312
9490    -61.215560913085938  40.274150848388672  29.917551040649414
9491    -61.131996154785156  40.537132263183594  30.469215393066406
9492    -60.944015502929688  40.459613800048828  31.521865844726562
9493    -61.175613403320312  41.115890502929688  30.7314453125
9494    -61.138729095458984  41.270130157470703  31.522083282470703
9495    -63.332466125488281  40.435451507568359  37.672420501708984
9496    -63.814842224121094  40.429153442382812  38.0413818359375
9497    -63.580657958984375  41.4698486328125  37.3720703125
9498    -63.993144989013672  41.091209411621094  37.897663116455078
9499    -63.498394012451172  42.464061737060547  36.473609924316406
9500    -63.830314636230469  42.104274749755859  37.061496734619141
9501    -63.207351684570312  41.818519592285156  36.792720794677734
9502    -63.588535308837891  43.352237701416016  35.426776885986328
9503    -63.815498352050781  43.029640197753906  36.126571655273438
9504    -63.207237243652344  42.778377532958984  35.810634613037109
9505    -63.625144958496094  44.349391937255859  32.468372344970703
9506    -63.535865783691406  44.076744079589844  33.513656616210938
9507    -63.799224853515625  43.954433441162109  34.420772552490234
9508    -63.336231231689453  43.671661376953125  34.413028717041016
9509    -63.188217163085938  43.754570007324219  33.876216888427734
9510    -64.020790100097656  43.815620422363281  34.995677947998047
9511    -62.372909545898438  40.445541381835938  36.615226745605469
9512    -62.854961395263672  40.441898345947266  37.193771362304688
9513    -62.631126403808594  41.470218658447266  36.409927368164062
9514    -63.015914916992188  41.201786041259766  37.001312255859375
9515    -62.601680755615234  42.434871673583984  35.473735809326172
9516    -62.940807342529297  42.151271820068359  36.157985687255859
9517    -62.295925140380859  41.711570739746094  35.72314453125
9518    -62.652435302734375  43.130916595458984  34.333660125732422
9519    -62.709156036376953  43.478286743164062  33.520816802978516
9520    -62.959644317626953  43.011272430419922  35.191982269287109
9521    -62.32769775390625  42.665863037109375  34.595863342285156
9522    -62.995151519775391  43.912097930908203  32.472518920898438
9523    -62.5076904296875  43.498977661132812  32.476737976074219
9524    -63.067314147949219  43.858142852783203  33.240043640136719
9525    -61.320873260498047  40.452487945556641  34.645751953125
9526    -61.630073547363281  40.453510284423828  35.395908355712891
9527    -62.03985595703125  40.450183868408203  36.135082244873047
9528    -61.497467041015625  41.33551025390625  34.352779388427734
9529    -61.946868896484375  41.414154052734375  35.413837432861328
9530    -62.153827667236328  41.0814208984375  35.972972869873047
9531    -61.606174468994141  42.375720977783203  32.484642028808594
9532    -61.302078247070312  41.759384155273438  32.484275817871094
9533    -61.767223358154297  42.369800567626953  33.452884674072266
9534    -61.338024139404297  41.603878021240234  33.454765319824219
9535    -62.000637054443359  42.366935729980469  34.339492797851562
9536    -62.118988037109375  42.02471923828125  35.085151672363281
9537    -62.062969207763672  43.018650054931641  32.479568481445312
9538    -62.137680053710938  42.913642883300781  33.451332092285156
9539    -62.212261199951172  42.827430725097656  33.952384948730469
9540    -60.920070648193359  40.457889556884766  32.489604949951172
9541    -61.031471252441406  40.458621978759766  33.456939697265625
9542    -61.160678863525391  40.460346221923828  34.168498992919922
9543    -61.122409820556641  41.294425964355469  32.487537384033203
9544    -61.168098449707031  41.128623962402344  33.457500457763672
9545    -61.251010894775391  40.974822998046875  33.986793518066406
9546    -78.976533644985835  8.275905150151095  25.0944338555108
9547    -72.276568562871731  11.028388100268241  25.917205680377737
9548    -78.534271432788046  33.665571060255857  36.045817933940604
9549    -76.743429214926707  32.266997409549042  36.432980762951914
9550    -76.895725564872251  32.385934555439555  36.400055759785843
9551    -77.598660875640746  32.934897939252494  36.248087919841751
9552    -69.024804502757704  2.3228444942433391  50.981509306681986
9553    -97.436292781275839  17.803991950603884  56.63133880334459
9554    -97.681436762364754  17.251477758710493  56.633645626399179
9555    -97.620689573337756  17.681854477966436  56.44350329618505
9556    -78.874936147518497  33.930113648290579  35.970805243396789
9557    -76.742517111829088  32.104156275649039  36.285961348001571
9558    -77.112847689339262  32.421264609893811  36.231229168129424
9559    -77.581984596094046  32.822979272598552  36.161894127696634
9560    -97.762118937815671  18.140686055628482  55.915357974344637
9561    -97.231362577566813  17.699167583252709  55.644752624599995
9562    -97.243570892054151  17.70932327193858  55.650977015787866
9563    -97.77844539377385  17.655365413553671  56.208762136091067
9564    -69.105798205823646  2.3013369083381221  50.944798651620779
9565    -69.044653051621381  2.2996154556147559  50.984238970949043
9566    -77.295190257347898  32.966764701229373  35.077725935607091
9567    -77.21466661407301  32.964419931434371  35.111869278089543
9568    -97.234599536148565  17.686705138226234  55.639578400608592
9569    -98.736160841085947  18.402834126560911  56.165143500337265
9570    -97.251039781897134  17.694545868083342  55.645332690738471
9571    -98.198300980492078  18.146316436229927  55.976885871199137
9572    -97.891341204337479  17.999920286279728  55.869446138411064
9573    -76.297714924555805  33.814655502003738  35.172395483655102
9574    -77.675457991611225  33.88496395744032  35.594371417147542
9575    -76.514605157933076  33.825723761153554  35.238824748213382
9576    -76.632719284104084  33.831751315909521  35.275000810239362
9577    -76.722804785086822  33.826136349200823  35.295681439923882
9578    -97.984573011326447  17.8302347117423  56.341769270535771
9579    -97.288083649707161  17.686228303307786  55.711649930009784
9580    -97.434133833220855  17.762173927739958  55.749852792150307
9581    -76.864856982241363  33.577268266226859  35.242595552966336
9582    -76.692002092621664  33.836357995394167  35.305761554756266
9583    -77.390024705275678  32.30324830103131  34.921586243358227
9584    -77.565603723210728  32.495055313971257  35.043659765723625
9585    -77.546802112491235  32.299520840398827  34.979927887782459
9586    -78.074154034507529  32.94406945716679  35.366393432693691
9587    -77.768116510926589  32.270969745846365  35.055543645361503
9588    -76.676516556025931  33.783738160718059  35.268886930951886
9589    -76.649140848992147  33.83302738376068  35.283521654219612
9590    -97.474512915855172  17.801590656106985  56.578388075620452
9591    -97.82340659914702  17.779670364854407  56.095025716173147
9592    -72.277320742125127  10.996039265718911  25.922388700562692
# Generated by 
